figure_id,inserted_in_pptx,source_pdf_page,update_mode,verification_status,data_file,expected_data_sha256,current_data_sha256,baseline_text_2024,updated_text,notes
A.1,True,11,records_only,not_verified,reportes/20260922T173925458200Z_corrida/datos_usados/a_1_datos_usados.csv,aa9e803b540ec50e7c13d6cf77e9d280efd77a6d5cd9b33ac39db2ceb3ce5856,,"En el segundo trimestre de 2024, el PIB de México fue de $ 25,708.48 miles de millones de pesos, de los cuales $ 404.19 miles de millones (1.6%) correspondieron a la contribución de los Subsectores de las Telecomunicaciones y la Radiodifusión (TyR) en su conjunto.","En el segundo trimestre de 2026, el PIB de México fue de $ 26,144.13 miles de millones de pesos, de los cuales $ 440.42 miles de millones (1.7%) correspondieron a la contribución de los Subsectores de las Telecomunicaciones y la Radiodifusión (TyR) en su conjunto.",
A.2,True,12,records_only,not_verified,reportes/20260922T173925458200Z_corrida/datos_usados/a_2_datos_usados.csv,5f6e4eb3371483d13914734f5746b5a584d0c477cfaaee99196163752d6b1fc2,,"Al segundo trimestre de 2024, los resultados de la Encuesta Nacional de Ocupación y Empleo (ENOE) indican que el 82% de las personas empleadas se registran en el sector de telecomunicaciones y el 18% restante en el sector de radiodifusión, lo que en su conjunto representa un total de 301,866 personas empleadas en TyR.","Al segundo trimestre de 2026, los resultados de la Encuesta Nacional de Ocupación y Empleo (ENOE) indican que el 87% de las personas empleadas se registran en el sector de telecomunicaciones y el 13% restante en el sector de radiodifusión, lo que en su conjunto representa un total de 279,069 personas empleadas en TyR.",
A.3,True,13,minimal_grammar_adjustment,not_verified,reportes/20260922T173925458200Z_corrida/datos_usados/a_3_datos_usados.csv,281d85a83a3f8218b2ee6281592c1089f43cc2743d7d39cecb19e9514bb516d5,,"En diciembre de 2023, el Índice Nacional de Precios al Consumidor (INPC) tuvo un incremento de 4.9% con respecto del mismo mes de 2022. Por otro lado, el Índice de Precios de Comunicaciones (IPCOM) mostró un decremento del -1.0% en este mismo periodo. Por otro lado, en el periodo de diciembre de 2023 a julio de 2024, el IPCOM llegó a tener una disminución de 1.5%.","En agosto de 2026, el Índice Nacional de Precios al Consumidor (INPC) tuvo un incremento de 3.3% con respecto del mismo mes de 2025. Por otro lado, el Índice de Precios de Comunicaciones (IPCOM) mostró un decremento del -1.5% en el periodo de diciembre de 2023 a julio de 2024. Por otro lado, en el periodo de diciembre de 2023 a julio de 2024, el IPCOM llegó a tener una disminución de 1.5%.",INPC e IPCOM ya no comparten el mismo corte; se ajustó únicamente la referencia del periodo para evitar una afirmación inconsistente.
A.4,True,14,records_only,not_verified,reportes/20260922T173925458200Z_corrida/datos_usados/a_4_datos_usados.csv,a1195e2c828976231f9d5fab16f891b2a08e1af8e66b75270c63b6fcc2c362fd,,"La inversión privada total realizada por los operadores de telecomunicaciones en 2023 fue de $55.7 mil millones de pesos. De la cual, la mayor parte fue dirigida a infraestructura con un 72.8% del total de la inversión en el sector.","La inversión privada total realizada por los operadores de telecomunicaciones en 2024 fue de $43.4 mil millones de pesos. De la cual, la mayor parte fue dirigida a infraestructura con un 77.8% del total de la inversión en el sector.",
A.5,True,15,records_only,not_verified,reportes/20260922T173925458200Z_corrida/datos_usados/a_5_datos_usados.csv,f1823caf7c8c555a4643251e6673ab56b489077fd75bab76974e5f64d46d70c9,,"Para 2024, la Inversión Extranjera Directa (IED) en el sector de telecomunicaciones acumulada al mes de junio fue de $169.1 millones de dólares estadounidenses, lo que representó el 1% de la IED nacional.","Para 2026, la Inversión Extranjera Directa (IED) en el sector de telecomunicaciones acumulada al mes de marzo fue de $-22.36 millones de dólares estadounidenses, lo que representó el -0.09% de la IED nacional.",
A.6,True,16,records_only,not_verified,reportes/20260922T173925458200Z_corrida/datos_usados/a_6_datos_usados.csv,c7c879686ba09573d9808d654825dbb97060c633caddc999e114eb224c286cac,,"Los operadores de telecomunicaciones en 2023 reportaron en conjunto aproximadamente $159 mil millones de pesos de ingresos y $113 mil millones de pesos de egresos, por lo que el margen de utilidad fue de $46 mil millones de pesos, lo que equivale a 29% de los ingresos.","Los operadores de telecomunicaciones en 2024 reportaron en conjunto aproximadamente $163.1 mil millones de pesos de ingresos y $115.8 mil millones de pesos de egresos, por lo que el margen de utilidad fue de $47.3 mil millones de pesos, lo que equivale a 29% de los ingresos.",
A.7,True,17,records_only,not_verified,reportes/20260922T173925458200Z_corrida/datos_usados/a_7_datos_usados.csv,491c69a0a832f308e8731998339aa0705dedf35230647d6fb8667a4fc844a546,,"Los resultados de la Encuesta Nacional de Ingresos y Gastos de los Hogares (ENIGH) 2022 indican que, en el segmento de las telecomunicaciones fijas, a mayor nivel de ingresos, mayor es el porcentaje de hogares que gastan y disponen de servicios fijos de telecomunicaciones1.","Los resultados de la Encuesta Nacional de Ingresos y Gastos de los Hogares (ENIGH) 2024 indican que, en el segmento de las telecomunicaciones fijas, a mayor nivel de ingresos, mayor es el porcentaje de hogares que gastan y disponen de servicios fijos de telecomunicaciones1.",
A.8,True,18,records_only,not_verified,reportes/20260922T173925458200Z_corrida/datos_usados/a_8_datos_usados.csv,1ababb8e3e5094b5ad09020ca8f33adc92e24b6a43d2f062b3ce213ba499973f,,"En cuanto al gasto en servicios fijos de telecomunicaciones, la ENIGH 2022 indica que, en los hogares con ingresos bajos, el porcentaje que representa el gasto que tienen en servicios fijos de telecomunicaciones con respecto a su ingreso es mayor que en los hogares con mayores ingresos. Mientras que, los hogares en el decil 1 de ingresos gastan $349 pesos mensuales en servicios fijos de telecomunicaciones, que representa el 6.9% de sus ingresos, los hogares en el decil 10 de ingresos gastan $747 pesos mensuales en estos servicios, pero solo representa el 1.0% de sus ingresos.","En cuanto al gasto en servicios fijos de telecomunicaciones, la ENIGH 2024 indica que, en los hogares con ingresos bajos, el porcentaje que representa el gasto que tienen en servicios fijos de telecomunicaciones con respecto a su ingreso es mayor que en los hogares con mayores ingresos. Mientras que, los hogares en el decil 1 de ingresos gastan $340 pesos mensuales en servicios fijos de telecomunicaciones, que representa el 5.8% de sus ingresos, los hogares en el decil 10 de ingresos gastan $691 pesos mensuales en estos servicios, pero solo representa el 0.9% de sus ingresos.",
A.9,True,19,records_only,not_verified,reportes/20260922T173925458200Z_corrida/datos_usados/a_9_datos_usados.csv,01443fb4b97f6f9e8f7af752bfa87d4c9fa9bf46f32459e488ea73e74b2dcf2a,,"En el segmento de las telecomunicaciones móviles, la ENIGH 2022 indica que, a un mayor nivel de ingresos, mayor es el porcentaje de hogares que disponen y gastan en servicios móviles de telecomunicaciones.","En el segmento de las telecomunicaciones móviles, la ENIGH 2024 indica que, a un mayor nivel de ingresos, mayor es el porcentaje de hogares que disponen y gastan en servicios móviles de telecomunicaciones.",
A.10,True,20,records_only,not_verified,reportes/20260922T173925458200Z_corrida/datos_usados/a_10_datos_usados.csv,90d6ea6126f3273345a075ac5408bd6909cebf07337cf681f43e584beb6ef8e9,,"En cuanto al gasto en servicios móviles de telecomunicaciones, los resultados indican que, en los hogares con ingresos bajos, el porcentaje que representa el gasto que tienen en servicios móviles de telecomunicaciones con respecto a su ingreso es mayor que en los hogares con mayores ingresos. Mientras que, los hogares en el decil 1 de ingresos gastan $167 pesos mensuales en servicios móviles de telecomunicaciones, que representa el 3.4% de sus ingresos, los hogares en el decil 10 de ingresos gastan $885 pesos mensuales en estos servicios, pero solo representa el 1.2% de sus ingresos.","En cuanto al gasto en servicios móviles de telecomunicaciones, los resultados indican que, en los hogares con ingresos bajos, el porcentaje que representa el gasto que tienen en servicios móviles de telecomunicaciones con respecto a su ingreso es mayor que en los hogares con mayores ingresos. Mientras que, los hogares en el decil 1 de ingresos gastan $178 pesos mensuales en servicios móviles de telecomunicaciones, que representa el 3.0% de sus ingresos, los hogares en el decil 10 de ingresos gastan $948 pesos mensuales en estos servicios, pero solo representa el 1.2% de sus ingresos.",
B.1,True,21,records_only,not_verified,reportes/20260922T173925458200Z_corrida/datos_usados/b_1_datos_usados.csv,39eec44bcf50d134c4c1ea52562864984011fb0ffca31ae260f6fee84a00f9f5,,"De acuerdo con datos de la ENDUTIH 2023, en México había 38.6 millones de hogares, de los cuales el 21% contaba con los servicios fijos de telefonía, televisión restringida y acceso a Internet; 34% contaba con dos de estos servicios; 25% contaba con solo un servicio; y el 20% restante no contaba con servicios fijos de telecomunicaciones.","De acuerdo con datos de la ENDUTIH 2025, en México había 39.7 millones de hogares, de los cuales el 15% contaba con los servicios fijos de telefonía, televisión restringida y acceso a Internet; 30% contaba con dos de estos servicios; 34% contaba con solo un servicio; y el 20% restante no contaba con servicios fijos de telecomunicaciones.",
B.2,True,22,records_only,not_verified,reportes/20260922T173925458200Z_corrida/datos_usados/b_2_datos_usados.csv,40ac2e0dbcd328c148f281707acca58965c864d4e2d3d84bcdd13649a65bd635,,"En cuanto a las zonas rurales, en 2023, del total de los 8.2 millones de hogares que había en estas zonas, solo 4% contaba con los tres servicios fijos de telecomunicaciones; 17% contaba con dos servicios; 38% contaba solo con un servicio; y el 40% de los hogares restantes no disponían de servicios fijos de telecomunicaciones.","En cuanto a las zonas rurales, en 2025, del total de los 8.1 millones de hogares que había en estas zonas, solo 3% contaba con los tres servicios fijos de telecomunicaciones; 14% contaba con dos servicios; 45% contaba solo con un servicio; y el 39% de los hogares restantes no disponían de servicios fijos de telecomunicaciones.",
B.3,True,23,records_only,not_verified,reportes/20260922T173925458200Z_corrida/datos_usados/b_3_datos_usados.csv,c2e24ca43cde5f817aa7100ddd20afed13049617b606e98b35b94515b67400ae,,"Lo anterior contrasta con los porcentajes de disponibilidad de los servicios fijos de telecomunicaciones en los hogares de las zonas urbanas. De los 30.4 millones de hogares que había en estas zonas, el 26% contaba con los tres servicios fijos de telecomunicaciones; 38% contaba con dos servicios; 22% contaba solo con un servicio; y el 14% de los hogares restantes no disponían de servicios fijos de telecomunicaciones.","Lo anterior contrasta con los porcentajes de disponibilidad de los servicios fijos de telecomunicaciones en los hogares de las zonas urbanas. De los 31.6 millones de hogares que había en estas zonas, el 19% contaba con los tres servicios fijos de telecomunicaciones; 35% contaba con dos servicios; 31% contaba solo con un servicio; y el 15% de los hogares restantes no disponían de servicios fijos de telecomunicaciones.",
B.4,True,24,records_only,not_verified,reportes/20260922T173925458200Z_corrida/datos_usados/b_4_datos_usados.csv,a5738bd65b0008cda335608c74fb765799e72f6cc526cf85eacdbe2af56e0ca8,,"Con base en la información reportada por los operadores de telecomunicaciones al IFT, el número de líneas del servicio fijo de telefonía pasó de 26.5 millones en diciembre de 2022 a 28.8 millones en diciembre de 2023. Lo anterior representó una tasa de crecimiento anual del 8.6%, lo que equivale a un aumento de un poco más de 2.3 millones de líneas en un año.","Con base en la información reportada por los operadores de telecomunicaciones al IFT, el número de líneas del servicio fijo de telefonía pasó de 28.8 millones en diciembre de 2023 a 31.4 millones en diciembre de 2024. Lo anterior representó una tasa de crecimiento anual del 8.9%, lo que equivale a un aumento de un poco más de 2.6 millones de líneas en un año.",
B.5,True,25,records_only,not_verified,reportes/20260922T173925458200Z_corrida/datos_usados/b_5_datos_usados.csv,eb712354116bfbd0e1d855c8ddb4a87b93b29f6143f91d50086bba1bd9ae4d22,,"Por otro lado, al obtener el número de líneas del servicio fijo de telefonía por cada 100 hogares a nivel nacional, se observa que en 2023 llegó a 75 líneas por cada 100 hogares, con lo cual se mantiene una tendencia al alza desde el año 2021.","Por otro lado, al obtener el número de líneas del servicio fijo de telefonía por cada 100 hogares a nivel nacional, se observa que en 2024 llegó a 80 líneas por cada 100 hogares, con lo cual se mantiene una tendencia al alza desde el año 2021.",
B.6,True,26,records_only,not_verified,reportes/20260922T173925458200Z_corrida/datos_usados/b_6_datos_usados.csv,9e5eff63d51145bbafee9584c79349dd7cda48190a3ba6ed877290f77c38563f,,"En cuanto al segmento residencial del servicio fijo de telefonía, a finales de 2023 se estiman 53 líneas por cada 100 hogares a nivel nacional, siendo la Ciudad de México la entidad federativa con la mayor cantidad de líneas por cada 100 hogares con 86, seguida de Nuevo León con 77 y Baja California con 74. En contraste, las entidades con la menor cantidad de líneas residenciales por cada 100 hogares fueron Tabasco, Michoacán, Oaxaca y Chiapas con 26, 25, 22 y 19, respectivamente.","En cuanto al segmento residencial del servicio fijo de telefonía, a finales de 2024 se estiman 56 líneas por cada 100 hogares a nivel nacional, siendo la Ciudad de México la entidad federativa con la mayor cantidad de líneas por cada 100 hogares con 87, seguida de Nuevo León con 79 y Baja California con 79. En contraste, las entidades con la menor cantidad de líneas residenciales por cada 100 hogares fueron Hidalgo, Tabasco, Oaxaca y Chiapas con 34, 25, 22 y 20, respectivamente.",Se actualizaron también las entidades que ocupan los extremos del ranking.
B.7,True,27,records_only,not_verified,reportes/20260922T173925458200Z_corrida/datos_usados/b_7_datos_usados.csv,9f53f8a45a92b9941ba784ec998c643887fe696a283d7d68ef9ac9a517ba98b9,,"En el segmento no residencial de este servicio, al cierre de 2023, se estiman 128 líneas por cada 100 unidades económicas a nivel nacional, siendo la Ciudad de México, Nuevo León y Querétaro las entidades federativas con la mayor cantidad de líneas por cada 100 unidades económicas con 456, 335 y 151, respectivamente. En contraste, las entidades federativas con la menor cantidad de líneas por cada 100 unidades económicas fueron Oaxaca, Guerrero y Michoacán de Ocampo con 27, 31 y 33, respectivamente.","En el segmento no residencial de este servicio, al cierre de 2024, se estiman 160 líneas por cada 100 unidades económicas a nivel nacional, siendo la Ciudad de México, Nuevo León y Querétaro las entidades federativas con la mayor cantidad de líneas por cada 100 unidades económicas con 630, 516 y 166, respectivamente. En contraste, las entidades federativas con la menor cantidad de líneas por cada 100 unidades económicas fueron Oaxaca, Guerrero y Chiapas con 28, 35 y 35, respectivamente.",Se actualizaron también las entidades que ocupan los extremos del ranking.
B.8,True,28,records_only,not_verified,reportes/20260922T173925458200Z_corrida/datos_usados/b_8_datos_usados.csv,41999c1a102d2448c81cc3af181b0548f26e3599dcdb07077bb01bac495e217a,,"Adicionalmente, con base en la información proporcionada por los operadores al IFT, en 2023, el número de minutos de tráfico local del servicio fijo de telefonía fue de 13,933 millones, lo que representó una disminución del 20.2% con respecto al tráfico local presentado en el 2022.","Adicionalmente, con base en la información proporcionada por los operadores al IFT, en 2024, el número de minutos de tráfico local del servicio fijo de telefonía fue de 938 millones, lo que representó una disminución del 5.2% con respecto al tráfico local presentado en el 2023.",
B.9,True,29,records_only,not_verified,reportes/20260922T173925458200Z_corrida/datos_usados/b_9_datos_usados.csv,5c9947ab861f350c7d9c197c33b5f5983dbb60b523591536f5c7183d21d3cfa7,,"En cuanto al consumo de este servicio, se observó que, en el cuarto trimestre de 2023, los minutos de uso por línea (MOU, por sus siglas en inglés) fueron, en promedio, 32 minutos mensuales.

En cuanto a la participación de mercado del servicio fijo de telefonía, se observa que el agente económico preponderante perdió cerca de 35 puntos porcentuales en su participación de 2013 a 2023, incluso registrando en este último año una participación de mercado menor al 40%, lo cual refleja una mayor competencia en este servicio con el paso de los años.","En cuanto al consumo de este servicio, se observó que, en el cuarto trimestre de 2023, los minutos de uso por línea (MOU, por sus siglas en inglés) fueron, en promedio, 32 minutos mensuales.

Con respecto de la participación de mercado del servicio fijo de telefonía, se observa que el agente económico preponderante perdió cerca de 38 puntos porcentuales en su participación de 2013 a 2024, incluso registrando en este último año una participación de mercado menor al 40%, lo cual refleja una mayor competencia en este servicio con el paso de los años.",El párrafo de MOU/SMS se conserva del Anuario 2024 porque esos registros no forman parte del conjunto de datos de la Figura B.9 actual; el párrafo de participación sí se actualizó con la figura actual.
B.10,True,30,baseline_unchanged,not_verified,reportes/20260922T173925458200Z_corrida/datos_usados/b_10_datos_usados.csv,ee6e8f9707b4c3da18c1b1a25369d467cd4f7bd39d9e3de9448e0a8f4e192703,,"Complementario a lo anterior, se observa que el Índice de Herfindahl-Hirschman (IHH) para este servicio ha disminuido de manera constante desde el 2013, lo cual indica que, en este periodo de tiempo, el servicio fijo de telefonía ha tenido una mayor competencia de mercado.","Complementario a lo anterior, se observa que el Índice de Herfindahl-Hirschman (IHH) para este servicio ha disminuido de manera constante desde el 2013, lo cual indica que, en este periodo de tiempo, el servicio fijo de telefonía ha tenido una mayor competencia de mercado.",
B.11,True,31,minimal_grammar_adjustment,not_verified,reportes/20260922T173925458200Z_corrida/datos_usados/b_11_datos_usados.csv,39c5de1fc2dbb326168aafa036820c87bcf68149e3982862620553f287f1af0d,,"De acuerdo con la información reportada por los operadores de telecomunicaciones al IFT, el número de accesos del servicio fijo de Internet en 2022 fue de 26.5 millones, mientras que, en 2023 fue de 26.7 millones de accesos. Lo anterior representó una tasa de decrecimiento anual de 1.1%.","De acuerdo con la información reportada por los operadores de telecomunicaciones al IFT, el número de accesos del servicio fijo de Internet en 2023 fue de 26.9 millones, mientras que, en 2024 fue de 29.0 millones de accesos. Lo anterior representó una tasa de crecimiento anual de 7.7%.",La dirección del cambio pasó de decrecimiento a crecimiento; se cambió únicamente ese término.
B.12,True,32,minimal_grammar_adjustment,not_verified,reportes/20260922T173925458200Z_corrida/datos_usados/b_12_datos_usados.csv,e1f9fcd7c01ed6488ac931feb5bfca74f69e561f9d0bbd3309eb780ca6cb55a3,,"Por otro lado, al obtener el número de accesos del servicio fijo de acceso a Internet por cada 100 hogares a nivel nacional, se observa que en 2023 llegó a 69 accesos por cada 100 hogares, el cual representa una disminución de 1 acceso por cada 100 hogares en comparación a 2022.","Por otro lado, al obtener el número de accesos del servicio fijo de acceso a Internet por cada 100 hogares a nivel nacional, se observa que en 2024 llegó a 74 accesos por cada 100 hogares, el cual representa un aumento de 4 accesos por cada 100 hogares en comparación a 2023.",La variación pasó de disminución a aumento.
B.13,True,33,records_only,not_verified,reportes/20260922T173925458200Z_corrida/datos_usados/b_13_datos_usados.csv,502ba1a4ecdff3e5c9b64f230af39048311ad7e9aae597b0d6104f6b0322c371,,"En el segmento residencial del servicio fijo de acceso a Internet, a diciembre de 2023, a nivel nacional, había 60 accesos por cada 100 hogares, siendo la Ciudad de México la entidad con la mayor cantidad de accesos por cada 100 hogares con 90, seguida de Baja California con 87 y Nuevo León con 84. Por el contrario, las entidades con la menor cantidad de accesos por cada 100 hogares fueron Michoacán de Ocampo con 31, Oaxaca con 25 y Chiapas con solo 18.","En el segmento residencial del servicio fijo de acceso a Internet, a diciembre de 2024, a nivel nacional, había 64 accesos por cada 100 hogares, siendo Baja California la entidad con la mayor cantidad de accesos por cada 100 hogares con 100, seguida de Ciudad de México con 90 y Nuevo León con 89. Por el contrario, las entidades con la menor cantidad de accesos por cada 100 hogares fueron Tabasco con 32, Oaxaca con 27 y Chiapas con solo 23.",Se actualizaron las entidades en los extremos del ranking.
B.14,True,34,records_only,not_verified,reportes/20260922T173925458200Z_corrida/datos_usados/b_14_datos_usados.csv,78818c493eb15be853cefedd8706ad579eca05d03696be715a163d05718d10c7,,"En el segmento no residencial de este servicio, al cierre de 2023, había 47 accesos por cada 100 unidades económicas a nivel nacional, siendo Baja California la entidad con la mayor cantidad de accesos por cada 100 unidades económicas con 87, seguida de Baja California Sur con 84, y de Quintana Roo con 82. En contraste, las entidades federativas con la menor cantidad de accesos por cada 100 unidades económicas fueron Chiapas con 23, Oaxaca y Tlaxcala, ambas con 20.","En el segmento no residencial de este servicio, al cierre de 2024, había 42 accesos por cada 100 unidades económicas a nivel nacional, siendo Baja California la entidad con la mayor cantidad de accesos por cada 100 unidades económicas con 87, seguida de Baja California Sur con 83, y de Quintana Roo con 82. En contraste, las entidades federativas con la menor cantidad de accesos por cada 100 unidades económicas fueron Tlaxcala con 21, Chiapas con 20 y Oaxaca con 17.",Se actualizaron las entidades en los extremos del ranking.
B.15,True,35,records_only,not_verified,reportes/20260922T173925458200Z_corrida/datos_usados/b_15_datos_usados.csv,375e427aa2aa892ccd2fd3458774ceaab4d7a902fc48c9e7ec1355d097ab7a4e,,"Al analizar el número de accesos del servicio fijo de Internet por rangos de velocidad, los resultados indican que, a diciembre de 2023, 65% del total de los accesos reportaron una velocidad anunciada de bajada de entre 10 Mbps y 100 Mbps, mientras que, en 2022 el mismo rango representó el 69%. Por su parte, los accesos con velocidad mayores a 100 Mbps representaron el 25% en diciembre de 2023.","Al analizar el número de accesos del servicio fijo de Internet por rangos de velocidad, los resultados indican que, a diciembre de 2024, 53% del total de los accesos reportaron una velocidad anunciada de bajada de entre 10 Mbps y 100 Mbps, mientras que, en 2023 el mismo rango representó el 64%. Por su parte, los accesos con velocidad mayores a 100 Mbps representaron el 41% en diciembre de 2024.",
B.16,True,36,minimal_grammar_adjustment,not_verified,reportes/20260922T173925458200Z_corrida/datos_usados/b_16_datos_usados.csv,3c8739f78108442037ceba3087cf599461b43a8a5ee50eb7b6d0e0165005724a,,"Con respecto de las tecnologías de conexión del servicio fijo de acceso a Internet, se observa que al cierre de 2023 el 65.0% fueron provistos mediante fibra óptica, es decir, un aumento del 58.4% anual, el 23.3% de los accesos del segmento residencial fueron provistos a través de cable coaxial, lo que representó un decremento de 5.0% anual; el 8.2% fueron provistos a través de DSL, lo que equivale a una disminución de 35.7% con respecto del cierre de 2022; y el 2.2% fueron provistos por tecnología móvil.

Por otro lado, en el segmento no residencial, al cierre de 2023, el 76.6% de los accesos del servicio fijo de Internet fueron ofrecidos mediante fibra óptica, lo que implicó un incremento anual de 47.9%; el 14.1% fueron ofrecidos por medio de DSL, lo que representó un decremento anual de 31.3%; y el 8.8% fueron provistos por cable coaxial, lo que equivale a un decremento de 8.9% con respecto al cierre de 2022.","Con respecto de las tecnologías de conexión del servicio fijo de acceso a Internet, se observa que al cierre de 2024 el 72.2% fueron provistos mediante fibra óptica, es decir, un aumento del 18.5% anual, el 21.4% de los accesos del segmento residencial fueron provistos a través de cable coaxial, lo que representó un decremento de 0.5% anual; el 5.7% fueron provistos a través de DSL, lo que equivale a una disminución de 24.6% con respecto del cierre de 2023; y el 0.8% fueron provistos por tecnología móvil.

Por otro lado, en el segmento no residencial, al cierre de 2024, el 80.1% de los accesos del servicio fijo de Internet fueron ofrecidos mediante fibra óptica, lo que implicó un decremento anual de 5.6%; el 10.5% fueron ofrecidos por medio de DSL, lo que representó un decremento anual de 32.9%; y el 9.1% fueron provistos por cable coaxial, lo que equivale a un decremento de 6.5% con respecto al cierre de 2023.","El crecimiento de fibra óptica no residencial cambió de signo, por lo que incremento se actualizó a decremento."
B.17,True,37,records_only,not_verified,reportes/20260922T173925458200Z_corrida/datos_usados/b_17_datos_usados.csv,98289230ad0fc4cd60ee2f7fade6497172a5931afbfd4af10b14e6a91d440c5f,,"En cuanto a la participación de mercado del servicio fijo de acceso a Internet, se observa que el agente económico preponderante perdió un poco más de 31 puntos porcentuales en su participación de 2013 a 2023, registrando en este último año una participación de mercado cercana al 39.2% lo que indica que al paso de los años la competencia en este servicio va en aumento.","En cuanto a la participación de mercado del servicio fijo de acceso a Internet, se observa que el agente económico preponderante perdió un poco más de 32 puntos porcentuales en su participación de 2013 a 2024, registrando en este último año una participación de mercado cercana al 38.7% lo que indica que al paso de los años la competencia en este servicio va en aumento.",
B.18,True,38,minimal_grammar_adjustment,not_verified,reportes/20260922T173925458200Z_corrida/datos_usados/b_18_datos_usados.csv,b73624ea7ad8c1597d127a55c1a39eca3f573bfd7ab0ec42f5f199e0761187f1,,"Complementario a lo anterior, se observa que el índice de Herfindahl-Hirschman (IHH) para este servicio ha disminuido constantemente desde el año 2013, lo cual refleja que, en este periodo de tiempo, el servicio fijo de acceso a Internet ha tenido una mayor competencia de mercado.","Complementario a lo anterior, se observa que el índice de Herfindahl-Hirschman (IHH) para este servicio ha disminuido en términos generales desde el año 2013, lo cual refleja que, en este periodo de tiempo, el servicio fijo de acceso a Internet ha tenido una mayor competencia de mercado.",Se sustituyó constantemente por en términos generales porque la serie presenta un repunte en 2023.
B.19,True,39,records_only,not_verified,reportes/20260922T173925458200Z_corrida/datos_usados/b_19_datos_usados.csv,eb798e219e9f59ef4797412f0d2567c2cf5d7a24e4272de2cbd4d8b665d2e92a,,"Con base en la información reportada al IFT por los operadores de telecomunicaciones, el número de accesos del servicio de televisión restringida fue de 23.4 millones en 2023. El dato de 2023 representa una disminución de 4.8% con respecto al cierre del año 2022, cuando se registraron 24.6 millones de accesos de este servicio.","Con base en la información reportada al IFT por los operadores de telecomunicaciones, el número de accesos del servicio de televisión restringida fue de 21.8 millones en 2024. El dato de 2024 representa una disminución de 7.2% con respecto al cierre del año 2023, cuando se registraron 23.5 millones de accesos de este servicio.",
B.20,True,40,records_only,not_verified,reportes/20260922T173925458200Z_corrida/datos_usados/b_20_datos_usados.csv,aa4afae0a1d58446efe7b92f82f31722690c75eeb718aa4f92be9a22bdb12c7a,,"Por otro lado, al obtener el número de accesos del servicio de televisión restringida por cada 100 hogares a nivel nacional, se observa que en 2023 llegó a 61 accesos por cada 100 hogares.","Por otro lado, al obtener el número de accesos del servicio de televisión restringida por cada 100 hogares a nivel nacional, se observa que en 2024 llegó a 56 accesos por cada 100 hogares.",
B.21,True,41,records_only,not_verified,reportes/20260922T173925458200Z_corrida/datos_usados/b_21_datos_usados.csv,380f0250380310227e90112ee047028e0a2b983069e86c0f01f362638a0c2e20,,"En el segmento residencial del servicio de televisión restringida, al cierre de 2023, había 58 accesos por cada 100 hogares a nivel nacional, siendo Querétaro la entidad con la mayor cantidad de accesos por cada 100 hogares con 94, seguida por Sonora con 80 y Sinaloa con 76. Por el contrario, las entidades con la menor cantidad de accesos por cada 100 hogares fueron Yucatán, Oaxaca y Chiapas con 42, 38 y 35 respectivamente.","En el segmento residencial del servicio de televisión restringida, al cierre de 2024, había 48 accesos por cada 100 hogares a nivel nacional, siendo Querétaro la entidad con la mayor cantidad de accesos por cada 100 hogares con 83, seguida por Aguascalientes con 69 y Baja California con 68. Por el contrario, las entidades con la menor cantidad de accesos por cada 100 hogares fueron Ciudad de México, Tabasco y Chiapas con 32, 32 y 29 respectivamente.","El denominador estatal de hogares corresponde a ENDUTIH 2025, como en la figura actual."
B.22,True,42,records_only,not_verified,reportes/20260922T173925458200Z_corrida/datos_usados/b_22_datos_usados.csv,928c9e1772254c21c48761598e549826930169b0af9aa8d133820d7467879942,,"En cuanto al segmento no residencial de este servicio, al cierre de 2023, había 8 accesos por cada 100 unidades económicas a nivel nacional, siendo Quintana Roo la entidad con la mayor cantidad de accesos por cada 100 unidades económicas con 32, seguida de Querétaro y Sinaloa con 17. En contraste, las entidades federativas con la menor cantidad de accesos por cada 100 unidades económicas fueron Tabasco y Tlaxcala con solo 2 accesos por cada 100 unidades económicas.","En cuanto al segmento no residencial de este servicio, al cierre de 2024, había 34 accesos por cada 100 unidades económicas a nivel nacional, siendo Ciudad de México la entidad con la mayor cantidad de accesos por cada 100 unidades económicas con 273, seguida de México con 55 y Quintana Roo con 29. En contraste, las entidades federativas con la menor cantidad de accesos por cada 100 unidades económicas fueron Tabasco y Tlaxcala con solo 2 accesos por cada 100 unidades económicas.",El denominador de unidades económicas corresponde al corte DENUE utilizado por la figura actual.
B.23,True,43,records_only,not_verified,reportes/20260922T173925458200Z_corrida/datos_usados/b_23_datos_usados.csv,f66cfc65b4975701add43bdf516d1f5da051fb7d253dfa7a0d524343b4a62ba7,,"Con respecto de las tecnologías de conexión del servicio de televisión restringida en el segmento residencial, al cierre de 2023, 53.9% de los accesos fueron provistos a través de cable coaxial, 35.1% vía satélite y 11.0% por medio de IPTV Terrestre. Por otro lado, en el segmento no residencial se observó que 85.7% de los accesos fueron provistos mediante cable coaxial, 0.9% a través de IPTV Terrestre y 13.4% vía satelital.","Con respecto de las tecnologías de conexión del servicio de televisión restringida en el segmento residencial, al cierre de 2024, 52.0% de los accesos fueron provistos a través de cable coaxial, 35.5% vía satélite y 12.5% por medio de IPTV Terrestre. Por otro lado, en el segmento no residencial se observó que 96.0% de los accesos fueron provistos mediante cable coaxial, 3.8% a través de IPTV Terrestre y 0.2% vía satelital.",
B.24,True,44,records_only,not_verified,reportes/20260922T173925458200Z_corrida/datos_usados/b_24_datos_usados.csv,3c9d22b3e766b088120ac7f0d84aad773a860aff6ec36399f7b2169d20b167d9,,"En cuanto a la participación de mercado del servicio de televisión restringida, se observa que, en 2023, los grupos económicos de este servicio han mantenido, en general, su participación desde 2014.","En cuanto a la participación de mercado del servicio de televisión restringida, se observa que, en 2024, los grupos económicos de este servicio han mantenido, en general, su participación desde 2014.",
B.25,True,45,records_only,not_verified,reportes/20260922T173925458200Z_corrida/datos_usados/b_25_datos_usados.csv,07edd8bc3b4887e830d12f7ba77e84f22c51a9415311a979cda59cac3978f593,,"Complementario a la anterior gráfica, se observa que el índice de Herfindahl- Hirschman (IHH) para este servicio tuvo una disminución en 2023 con 3,855 lo que resulta en el valor más bajo desde el año 2022 donde se tuvo un IHH de 4,134.","Complementario a la anterior gráfica, se observa que el índice de Herfindahl- Hirschman (IHH) para este servicio tuvo una disminución en 2024 con 3,691 lo que resulta en el valor más bajo desde el año 2023 donde se tuvo un IHH de 3,823.",
C.1,True,46,baseline_unchanged,not_verified,reportes/20260922T173925458200Z_corrida/datos_usados/c_1_datos_usados.csv,1938cd822e193f847dc22509ae1ec1556be841a07552de7a9a2a44cf62593761,,"A agosto de 2024, la cantidad de espectro asignado para los servicios móviles de telecomunicaciones en México fue de 645 MHz.","A agosto de 2024, la cantidad de espectro asignado para los servicios móviles de telecomunicaciones en México fue de 645 MHz.",
C.2,True,47,records_only,not_verified,reportes/20260922T173925458200Z_corrida/datos_usados/c_2_datos_usados.csv,33d4dfaa78989054408b154565a7a27a5a384ebbdf19331a3eefbc514f206d28,,"En cuanto a la distribución del espectro radioeléctrico, los resultados obtenidos indican que Altán cuenta con el 100% de los MHz asignados por la banda de 700 MHz, mientras que AT&T cuenta con el 100% de los MHz asignados a la banda de 800 MHz y Telcel tiene el 100% de los MHz asignados a la banda de 2,500 MHz. Para el resto de las bandas de frecuencia, los MHz se encuentran distribuidos entre Telcel y AT&T.","En cuanto a la distribución del espectro radioeléctrico, los resultados obtenidos indican que Altán cuenta con el 100% de los MHz asignados por la banda de 700 MHz, mientras que AT&T cuenta con el 100% de los MHz asignados a la banda de 800 MHz y Telcel tiene el 100% de los MHz asignados a la banda de 3,300 MHz. Para el resto de las bandas de frecuencia, los MHz se encuentran distribuidos entre Telcel y AT&T.",
C.3,True,48,records_only,not_verified,reportes/20260922T173925458200Z_corrida/datos_usados/c_3_datos_usados.csv,b8b38f9ade7515944b8509f729dcd871e58044d589c7ed6b4c5525abf7e684a2,,"De acuerdo con los resultados de la ENDUTIH 2023, el 74% de la población de 6 años o más en México utilizó algún servicio móvil de telecomunicaciones, ya sea telefonía, Internet o ambos.","De acuerdo con los resultados de la ENDUTIH 2025, el 82% de la población de 6 años o más en México utilizó algún servicio móvil de telecomunicaciones, ya sea telefonía, Internet o ambos.",
C.4,True,48,records_only,not_verified,reportes/20260922T173925458200Z_corrida/datos_usados/c_4_datos_usados.csv,b8b38f9ade7515944b8509f729dcd871e58044d589c7ed6b4c5525abf7e684a2,,"De acuerdo con los resultados de la ENDUTIH 2023, el 74% de la población de 6 años o más en México utilizó algún servicio móvil de telecomunicaciones, ya sea telefonía, Internet o ambos.","De acuerdo con los resultados de la ENDUTIH 2025, el 82% de la población de 6 años o más en México utilizó algún servicio móvil de telecomunicaciones, ya sea telefonía, Internet o ambos.",Se conserva la redacción nacional del Anuario 2024; la figura actual además desagrega 85% urbano y 71% rural.
C.5,True,49,records_only,not_verified,reportes/20260922T173925458200Z_corrida/datos_usados/c_5_datos_usados.csv,13fe0bd360e28ed38c743816732bc5cb6d5a01a1dd2e0841fbcd4d1c8f0f45ca,,"A diciembre de 2023, había cerca de 144.7 millones de líneas del servicio móvil de telefonía a nivel nacional, lo cual representó un incremento de 6.5% con respecto de diciembre de 2022. El total de líneas en 2023, se distribuyeron por tipo de contrato de la siguiente forma: 84.5% de las líneas a prepago, 4.1% a pospago controlado, 11.2% a pospago libre2 y 0.1% de las líneas no cuentan con un segmento especificado.","A diciembre de 2024, había cerca de 152.5 millones de líneas del servicio móvil de telefonía a nivel nacional, lo cual representó un incremento de 5.2% con respecto de diciembre de 2023. El total de líneas en 2024, se distribuyeron por tipo de contrato de la siguiente forma: 84.5% de las líneas a prepago, 4.2% a pospago controlado, 11.0% a pospago libre2 y 0.3% de las líneas no cuentan con un segmento especificado.",
C.6,True,50,records_only,not_verified,reportes/20260922T173925458200Z_corrida/datos_usados/c_6_datos_usados.csv,f3e64e79700ed18304d149b3f51dfdeaf92d2ba8c0187177ccf1b68e64d8c4d8,,"Al cierre de 2023 había 110 líneas del servicio móvil de telefonía por cada 100 habitantes a nivel nacional, lo cual representó un incremento de poco más del 22.2% con respecto de 2013.","Al cierre de 2024 había 115 líneas del servicio móvil de telefonía por cada 100 habitantes a nivel nacional, lo cual representó un incremento de poco más del 27.8% con respecto de 2013.",
C.7,True,51,records_only,not_verified,reportes/20260922T173925458200Z_corrida/datos_usados/c_7_datos_usados.csv,65073d4c4bfeb7a94e95b1cdefb229cf30c25851a9b2c558232534961471630c,,"Dentro de la información por entidad federativa, la entidad con mayor cantidad de líneas del servicio móvil de telefonía por cada 100 habitantes fue la Ciudad de México con 127, seguida de Baja California Sur con 123 y Jalisco con 119. En cambio, Puebla, Oaxaca y Chiapas fueron las entidades federativas con la menor cantidad de líneas por cada 100 habitantes con 98, 96 y 81, respectivamente.","Dentro de la información por entidad federativa, la entidad con mayor cantidad de líneas del servicio móvil de telefonía por cada 100 habitantes fue la Ciudad de México con 130, seguida de Sonora con 127 y Baja California Sur con 126. En cambio, Guerrero, Oaxaca y Chiapas fueron las entidades federativas con la menor cantidad de líneas por cada 100 habitantes con 103, 98 y 83, respectivamente.",Se actualizaron las entidades en los extremos del ranking.
C.8,True,52,records_only,not_verified,reportes/20260922T173925458200Z_corrida/datos_usados/c_8_datos_usados.csv,54b28f9e7f3e1c958c868dc5015b02de6713cbd3b35259810a604947292d55d2,,"En el periodo de 2022 a 2023, el tráfico de minutos del servicio móvil de telefonía tuvo una disminución del 4.77%, al pasar de 323,860 millones de minutos en 2022 a 308,401 millones de minutos en 2023.","En el periodo de 2023 a 2024, el tráfico de minutos del servicio móvil de telefonía tuvo una disminución del 2.95%, al pasar de 308,452 millones de minutos en 2023 a 299,342 millones de minutos en 2024.",
C.9,True,53,records_only,not_verified,reportes/20260922T173925458200Z_corrida/datos_usados/c_9_datos_usados.csv,014b484c6f8c5bd24b6105f1a21c5246a31e9c34db35b2953759c3c740c72e72,,"En cuanto al consumo de este servicio, se observó que en el año 2023 los MOU fueron en promedio 185 minutos mensuales. Así también, en este año se registró un promedio de 8 mensajes de texto (SMS) enviados mensualmente por cada línea.

Con respecto de la participación de mercado del servicio móvil de telefonía, se observa que América Móvil perdió participación, al pasar de 68.86% en 2013 a 57.31% en 2023, que equivale a una reducción de más de 11.55 puntos porcentuales; mientras que, de 2015 a 2023, AT&T incrementó su participación en el mercado en 7.03 puntos porcentuales. Cabe mencionar que, a partir de 2015, la categoría Otros se compone únicamente por Operadores Móviles Virtuales (OMV), los cuales aumentaron su participación en el mercado un 4.26% en el año 2023 respecto al año inmediato anterior.","En cuanto al consumo de este servicio, se observó que en el año 2023 los MOU fueron en promedio 185 minutos mensuales. Así también, en este año se registró un promedio de 8 mensajes de texto (SMS) enviados mensualmente por cada línea.

Con respecto de la participación de mercado del servicio móvil de telefonía, se observa que América Móvil perdió participación, al pasar de 68.86% en 2013 a 54.95% en 2024, que equivale a una reducción de más de 13.91 puntos porcentuales; mientras que, de 2015 a 2024, AT&T incrementó su participación en el mercado en 6.93 puntos porcentuales. Cabe mencionar que, a partir de 2015, la categoría Otros se compone únicamente por Operadores Móviles Virtuales (OMV), los cuales aumentaron su participación en el mercado un 3.73% en el año 2024 respecto al año inmediato anterior.",El párrafo MOU/SMS se conserva porque esos registros no forman parte del conjunto de datos de la Figura C.9 actual.
C.10,True,54,baseline_unchanged,not_verified,reportes/20260922T173925458200Z_corrida/datos_usados/c_10_datos_usados.csv,a1e17e959c6f900886d7aff0eb5c005cb0eccb2bf18c4f238bd2f7a375576f51,,"Asimismo, el Índice de Herfindahl-Hirschman (IHH) indica que la concentración del mercado de este servicio ha disminuido desde 2013, lo cual es consecuencia de la entrada de nuevos operadores, lo que refleja que, en este periodo de tiempo, el servicio móvil de telefonía ha tenido una mayor competencia de mercado.","Asimismo, el Índice de Herfindahl-Hirschman (IHH) indica que la concentración del mercado de este servicio ha disminuido desde 2013, lo cual es consecuencia de la entrada de nuevos operadores, lo que refleja que, en este periodo de tiempo, el servicio móvil de telefonía ha tenido una mayor competencia de mercado.",
C.11,True,55,records_only,not_verified,reportes/20260922T173925458200Z_corrida/datos_usados/c_11_datos_usados.csv,66502ab1e359c4f05c2d1da27e880c3b1c414a95c3e016d6f2eab0e911a7b418,,"Las líneas del servicio móvil de acceso a Internet crecieron 5.1% de 2022 a 2023, al pasar de 119.90 millones de líneas en 2022 a 126.06 millones de líneas en 2023. Del total de líneas en 2023, el 70.9% fueron por tipo de contrato de prepago, 2.9% a pospago controlado, 12.2% a pospago libre y 14.0% de las líneas no cuentan con un segmento especificado.","Las líneas del servicio móvil de acceso a Internet crecieron 7.6% de 2023 a 2024, al pasar de 126.20 millones de líneas en 2023 a 135.81 millones de líneas en 2024. Del total de líneas en 2024, el 67.2% fueron por tipo de contrato de prepago, 3.0% a pospago controlado, 11.9% a pospago libre y 17.9% de las líneas no cuentan con un segmento especificado.",
C.12,True,56,records_only,not_verified,reportes/20260922T173925458200Z_corrida/datos_usados/c_12_datos_usados.csv,9edefa45a0b33d82694c6cf2d55db46da0cbf4ce5922ac4d96574fd611d89f67,,"En diciembre de 2023, los resultados indican que había 96 líneas del servicio móvil de acceso a Internet por cada 100 habitantes a nivel nacional, lo cual refleja un crecimiento del 229.5 % con respecto de 2013.","En diciembre de 2024, los resultados indican que había 102 líneas del servicio móvil de acceso a Internet por cada 100 habitantes a nivel nacional, lo cual refleja un crecimiento del 251.7 % con respecto de 2013.",
C.13,True,57,records_only,not_verified,reportes/20260922T173925458200Z_corrida/datos_usados/c_13_datos_usados.csv,28f95abc0b2743633cffba1954c0c46802f26be5169ef5234446f2b191a811f8,,"Con relación a las líneas del servicio móvil de acceso a Internet por entidad federativa, al cierre de 2023, la entidad con la mayor cantidad de líneas por cada 100 habitantes fue la Ciudad de México con 118, seguida por Baja California con 116 y Quintana Roo con 113. En cambio, las entidades con la menor cantidad de líneas por cada 100 habitantes fueron Guanajuato, Oaxaca, Chiapas, con 81, 79 y 65, respectivamente.","Con relación a las líneas del servicio móvil de acceso a Internet por entidad federativa, al cierre de 2024, la entidad con la mayor cantidad de líneas por cada 100 habitantes fue Sonora con 128, seguida por Ciudad de México con 125 y Baja California Sur con 120. En cambio, las entidades con la menor cantidad de líneas por cada 100 habitantes fueron Guanajuato, Oaxaca, Chiapas, con 89, 77 y 70, respectivamente.",Se actualizaron las entidades en los extremos del ranking.
C.14,True,58,records_only,not_verified,reportes/20260922T173925458200Z_corrida/datos_usados/c_14_datos_usados.csv,bf7ef73353a86fd361131af7de962787eb30e68e8fe11d1e5d22bf1c097054ac,,"Por otro lado, el tráfico del servicio móvil de acceso a Internet aumentó 3,140% de 2015 a 2023, del cual el tráfico de la red 4G aumento 54.3 puntos porcentuales; mientras que el tráfico de las redes 2G y 3G disminuyeron en 3.4 y 58.1 puntos porcentuales, respectivamente. Durante 2023, 83.5% del tráfico total correspondía a la red 4G, 9.3% a la red 3G y solo el 0.1% a la red 2G.","Por otro lado, el tráfico del servicio móvil de acceso a Internet aumentó 3,334% de 2015 a 2024, del cual el tráfico de la red 4G aumento 53.0 puntos porcentuales; mientras que el tráfico de las redes 2G y 3G disminuyeron en 3.4 y 60.0 puntos porcentuales, respectivamente. Durante 2024, 82.2% del tráfico total correspondía a la red 4G, 7.4% a la red 3G y solo el 0.1% a la red 2G.",
C.15,True,59,minimal_grammar_adjustment,not_verified,reportes/20260922T173925458200Z_corrida/datos_usados/c_15_datos_usados.csv,b6f1f8b21d342dbdc6559b292389335f803c66f0c993f1464d4117368fd0ef5c,,"En cuanto a la participación de mercado del servicio móvil de acceso a Internet, se observó una disminución de 17.85 puntos porcentuales en la participación de América Móvil de 2013 a 2023, para la participación de Telefónica la disminución fue de 1.48 puntos porcentuales en el mismo periodo, y, de 2022 a 2023, la participación de Grupo Walmart creció 4.78 puntos porcentuales. Por otro lado, la participación de mercado de la categoría Otros, a partir de 2015, disminuyó 4.73 puntos porcentuales de 2015 a 2023.","En cuanto a la participación de mercado del servicio móvil de acceso a Internet, se observó una disminución de 21.88 puntos porcentuales en la participación de América Móvil de 2013 a 2024, para la participación de Telefónica la disminución fue de 2.15 puntos porcentuales en el mismo periodo, y, de 2023 a 2024, la participación de Grupo Walmart creció 3.99 puntos porcentuales. Por otro lado, la participación de mercado de la categoría Otros, a partir de 2015, aumentó 3.17 puntos porcentuales de 2015 a 2024.","La categoría Otros cambió de dirección respecto del texto 2024, por lo que disminuyó se actualizó a aumentó."
C.16,True,60,records_only,not_verified,reportes/20260922T173925458200Z_corrida/datos_usados/c_16_datos_usados.csv,331d1a3c1a632e089bc5654ab7877c18526148825c2d3b98b6d7794e1892cc5a,,"Complementando lo anterior, se observa que el Índice de Herfindahl-Hirschman (IHH) del servicio móvil de acceso a Internet ha mostrado una disminución desde el año 2013, llegando a su punto mínimo en el año 2023.","Complementando lo anterior, se observa que el Índice de Herfindahl-Hirschman (IHH) del servicio móvil de acceso a Internet ha mostrado una disminución desde el año 2013, llegando a su punto mínimo en el año 2024.",
D.1,True,61,records_only,not_verified,reportes/20260922T173925458200Z_corrida/datos_usados/d_1_datos_usados.csv,d1819b8e8570cb55b3e535e3cb624bbc9bc0b6cf5deaf29d114ce5e1b1e07fed,,"Los resultados de la Encuesta Nacional de Disponibilidad y Uso de las Tecnologías de la Información en los Hogares (ENDUTIH) 2023 indican que, los hogares mexicanos cuentan en mayor medida con teléfono celular, ya que el 95% de hogares disponen de él. En segundo lugar, se encuentra la disponibilidad de televisor digital con el 82% y la radio con el 43%. Además, como se observa en la Figura D.1., el televisor digital es el dispositivo con mayor crecimiento en cuanto a la disponibilidad en los hogares, ya que en el periodo que comprenden los años de 2013 a 2023, el porcentaje de hogares que disponían de este dispositivo creció 55 puntos porcentuales al pasar de 27% a 82%; por el contrario, el televisor analógico es el que más decreció al pasar de 88% en 2013 a 19% en 2023, es decir, un decremento de 69 puntos porcentuales. Lo anterior refleja la transición al uso de tecnologías de mayor calidad. Por otro lado, la disponibilidad de equipos de cómputo en los hogares se ha mantenido en promedio alrededor del 45% del total de hogares desde 2015. Mientras que, la disponibilidad de radio continúa disminuyendo año con año.","Los resultados de la Encuesta Nacional de Disponibilidad y Uso de las Tecnologías de la Información en los Hogares (ENDUTIH) 2025 indican que, los hogares mexicanos cuentan en mayor medida con teléfono celular, ya que el 95% de hogares disponen de él. En segundo lugar, se encuentra la disponibilidad de televisor digital con el 85% y la radio con el 35%. Además, como se observa en la Figura D.1., el televisor digital es el dispositivo con mayor crecimiento en cuanto a la disponibilidad en los hogares, ya que en el periodo que comprenden los años de 2013 a 2025, el porcentaje de hogares que disponían de este dispositivo creció 58 puntos porcentuales al pasar de 27% a 85%; por el contrario, el televisor analógico es el que más decreció al pasar de 88% en 2013 a 11% en 2025, es decir, un decremento de 77 puntos porcentuales. Lo anterior refleja la transición al uso de tecnologías de mayor calidad. Por otro lado, la disponibilidad de equipos de cómputo en los hogares se ha mantenido en promedio alrededor del 45% del total de hogares desde 2015. Mientras que, la disponibilidad de radio continúa disminuyendo año con año.",
D.2,True,62,records_only,not_verified,reportes/20260922T173925458200Z_corrida/datos_usados/d_2_datos_usados.csv,20a0705d27c7690922cc6f8fcd797bc78dbb96f2f666901fa09b20aa316d753d,,Con base a los resultados de la ENDUTIH 2023 las personas de 18 a 24 años son el grupo con mayor porcentaje de uso de Smartphone e Internet con el 95.9% y 96.7% respectivamente. Las personas de entre 6 a 11 años de edad son quienes menos hacen uso del Smartphone con el 35.8% y las personas de 55 años o más son quienes hacen menos uso del Internet con el 54.4%.,Con base a los resultados de la ENDUTIH 2025 las personas de 18 a 24 años son el grupo con mayor porcentaje de uso de Smartphone e Internet con el 97.2% y 97.9% respectivamente. Las personas de entre 6 a 11 años de edad son quienes menos hacen uso del Smartphone con el 40.0% y las personas de 55 años o más son quienes hacen menos uso del Internet con el 63.1%.,
D.3,True,63,baseline_unchanged,not_verified,reportes/20260922T173925458200Z_corrida/datos_usados/d_3_datos_usados.csv,7b9b38d5b758a177714835da4f18be0e4c99adfe6f4bde29a466f9cbd710e5a4,,"Por otro lado, el grupo de 18 a 24 años de edad destinaron en promedio 5.9 horas de su día al uso del Internet, siendo este el grupo quien destino más horas de navegación en el uso de este servicio, seguido del grupo de 25 a 34 años de edad quienes destinaron 5.6 horas en promedio al uso de Internet por día. En contraste los grupos de edad quienes destinaron menos horas en promedio en el uso de Internet por día fueron los usuarios de 65 años y más con 2.9 horas en promedio y de 6 a 11 años de edad, con 2.5 horas promedio.","Por otro lado, el grupo de 18 a 24 años de edad destinaron en promedio 5.9 horas de su día al uso del Internet, siendo este el grupo quien destino más horas de navegación en el uso de este servicio, seguido del grupo de 25 a 34 años de edad quienes destinaron 5.6 horas en promedio al uso de Internet por día. En contraste los grupos de edad quienes destinaron menos horas en promedio en el uso de Internet por día fueron los usuarios de 65 años y más con 2.9 horas en promedio y de 6 a 11 años de edad, con 2.5 horas promedio.",
D.4,True,64,minimal_grammar_adjustment,not_verified,reportes/20260922T173925458200Z_corrida/datos_usados/d_4_datos_usados.csv,4726ec3540a3f1b688e965dc1917f8123d2bbb61579bea2e4211c9a300874f08,,"Con base a los datos recopilados por la ENDUTIH para el año 2023, correspondientes al uso de dispositivos inteligentes conectados a Internet, las personas usuarias prefirieron algún dispositivo de entretenimiento con el 59.6%, seguido de bocina o asistente del hogar con el 55.0%. Por el contrario, el uso de algún dispositivo de ahorro de energía eléctrica es apenas usada por el 2.6% de las personas usuarias, así como el de otros dispositivos que utilizan siendo el 0.2%.","Con base a los datos recopilados por la ENDUTIH para el año 2025, correspondientes al uso de dispositivos inteligentes conectados a Internet, las personas usuarias prefirieron bocina o asistente del hogar con el 56.5%, seguido de algún dispositivo de entretenimiento con el 53.3%. Por el contrario, el uso de algún dispositivo de ahorro de energía eléctrica es apenas usada por el 2.4% de las personas usuarias, así como el de otros dispositivos que utilizan siendo el 0.0%.",Cambió el orden de los dos dispositivos con mayor porcentaje; se intercambiaron únicamente los registros y sus valores.
D.5,True,65,baseline_unchanged,not_verified,reportes/20260922T173925458200Z_corrida/datos_usados/d_5_datos_usados.csv,356d900937a1bc1b59323409c75a743da62e85c70a5662eee92a81d874a20c1b,,"Con base a los resultados obtenidos en la Encuesta de Confianza en el Servicio de Internet (ECSI) 2024, donde se señala que las personas en general no han tomado alguna instrucción formal para el uso que hacen de Internet, ya que la mayor parte de la población entrevistada declaró haber aprendido por cuenta propia (50.7%) o bien, con apoyo de amigos o familiares (26.2%) y solo un pequeño porcentaje respondió haber aprendido el uso del Internet a través de cursos recibidos en la escuela (14.9%) o capacitaciones en el trabajo (4.1%).","Con base a los resultados obtenidos en la Encuesta de Confianza en el Servicio de Internet (ECSI) 2024, donde se señala que las personas en general no han tomado alguna instrucción formal para el uso que hacen de Internet, ya que la mayor parte de la población entrevistada declaró haber aprendido por cuenta propia (50.7%) o bien, con apoyo de amigos o familiares (26.2%) y solo un pequeño porcentaje respondió haber aprendido el uso del Internet a través de cursos recibidos en la escuela (14.9%) o capacitaciones en el trabajo (4.1%).",
D.6,True,66,baseline_unchanged,not_verified,reportes/20260922T173925458200Z_corrida/datos_usados/d_6_datos_usados.csv,caa9da4174c7054366324d84f8614c0bf447bbfc3a5848aeb5ab8d17dc145f68,,"Con base a la información de la Encuesta de Confianza en el Servicio de Internet (ECSI) 2024; al hacer uso del Internet y/o realizar diferentes actividades en Internet, se pueden vivir ciertas experiencias negativas, entre las cuales se destacan: Recibir correos no deseados (59.8%), han publicado información personal sin su permiso (13.5%), robo de datos para realizar transacciones bancarias (11.0%), robo de contraseñas (16.4%); siendo en este caso los hombres, quienes han estado más expuestos ante este tipo de situación.","Con base a la información de la Encuesta de Confianza en el Servicio de Internet (ECSI) 2024; al hacer uso del Internet y/o realizar diferentes actividades en Internet, se pueden vivir ciertas experiencias negativas, entre las cuales se destacan: Recibir correos no deseados (59.8%), han publicado información personal sin su permiso (13.5%), robo de datos para realizar transacciones bancarias (11.0%), robo de contraseñas (16.4%); siendo en este caso los hombres, quienes han estado más expuestos ante este tipo de situación.",
D.7,True,67,baseline_unchanged,not_verified,reportes/20260922T173925458200Z_corrida/datos_usados/d_7_datos_usados.csv,b15a39aec9bf7f9013075d90f5dbe910069f2ba9dee3c264e5b401e8463c4261,,"Al hacer la consulta por grupo de edad, se refleja que los jóvenes que se encuentran en los rangos de edad de 18 a 24 y 25 a 34 años son los que más han sufrido experiencias negativas, como recibir mensajes no deseados, robo de contraseñas y publicación de información sin autorización, en comparación con las personas de 55 años o más, quienes son los que presentan menor porcentaje de haber vivido estas experiencias.","Al hacer la consulta por grupo de edad, se refleja que los jóvenes que se encuentran en los rangos de edad de 18 a 24 y 25 a 34 años son los que más han sufrido experiencias negativas, como recibir mensajes no deseados, robo de contraseñas y publicación de información sin autorización, en comparación con las personas de 55 años o más, quienes son los que presentan menor porcentaje de haber vivido estas experiencias.",
D.8,True,68,baseline_unchanged,not_verified,reportes/20260922T173925458200Z_corrida/datos_usados/d_8_datos_usados.csv,6243a831bf50e799d459148328e0518fbe3fcfd2d4074736466790d043a9026e,,Un dato muy importante a tomar en cuenta en la población es el grado de confianza que las personas tienen al hacer uso del Internet; según la Encuesta de Confianza en el Servicio de Internet (ECSI) 2024; registró que aproximadamente la mitad de la población considera tener poco (38.5%) o nada (13.6%) de confianza al hacer uso del Internet.,Un dato muy importante a tomar en cuenta en la población es el grado de confianza que las personas tienen al hacer uso del Internet; según la Encuesta de Confianza en el Servicio de Internet (ECSI) 2024; registró que aproximadamente la mitad de la población considera tener poco (38.5%) o nada (13.6%) de confianza al hacer uso del Internet.,
D.9,True,69,baseline_unchanged,not_verified,reportes/20260922T173925458200Z_corrida/datos_usados/d_9_datos_usados.csv,aff63e85d9c9a42308bf5c905bcbfd11cdcaaf97ec1e54d8f7f496b9dfef9f9e,,"Uno de los datos que contrasta con el anterior, es el nivel de seguridad que consideran las personas usuarias al realizar diferentes actividades en Internet, como realizar compras en Internet, transacciones bancarias y redes sociales; ya que a pesar de que un porcentaje muy significativo menciona que confían muy poco el usar el Internet para realizar estas actividades, su nivel de percepción de seguridad es muy alto. Es decir, consideran que es seguro realizar estas actividades.","Uno de los datos que contrasta con el anterior, es el nivel de seguridad que consideran las personas usuarias al realizar diferentes actividades en Internet, como realizar compras en Internet, transacciones bancarias y redes sociales; ya que a pesar de que un porcentaje muy significativo menciona que confían muy poco el usar el Internet para realizar estas actividades, su nivel de percepción de seguridad es muy alto. Es decir, consideran que es seguro realizar estas actividades.",
D.10,True,70,baseline_unchanged,not_verified,reportes/20260922T173925458200Z_corrida/datos_usados/d_10_datos_usados.csv,43e052be90c1058df466f19a3ff8d9ce36f2c1e3d6efa2cdd5d4d00ea7a55701,,"Siendo los jóvenes entre 18 a 24 años y las personas entre 45 a 54 años con mayor porcentaje (52.7%), consideran que realizar compras por Internet es seguro y las personas mayores de 55 años (43.2%) consideran menos seguro usar el Internet para realizar este tipo de actividad. De igual manera al realizar transacciones bancarias los jóvenes entre 18 a 24 años (58.8%) son los que consideran que es seguro usar Internet para realizar esta actividad y las personas mayores de 55 años consideran menos seguro realizar transacciones bancarias a través del Internet (33.9%).","Siendo los jóvenes entre 18 a 24 años y las personas entre 45 a 54 años con mayor porcentaje (52.7%), consideran que realizar compras por Internet es seguro y las personas mayores de 55 años (43.2%) consideran menos seguro usar el Internet para realizar este tipo de actividad. De igual manera al realizar transacciones bancarias los jóvenes entre 18 a 24 años (58.8%) son los que consideran que es seguro usar Internet para realizar esta actividad y las personas mayores de 55 años consideran menos seguro realizar transacciones bancarias a través del Internet (33.9%).",
D.11,True,71,baseline_unchanged,not_verified,reportes/20260922T173925458200Z_corrida/datos_usados/d_11_datos_usados.csv,58662c318bcc10b1c6b33bee6f05d2da79d4f0455eecce966807f4fceebc9122,,"Con base a los datos de la Encuesta de Confianza en el Servicio de Internet (ECSI) 2024, el 55.4% de los hombres consideran que compartir información a través de redes sociales es seguro, seguido de un 43.1% de las mujeres, sin embargo, un porcentaje significativo de resaltar es que las mujeres con un 22.1% consideran inseguro compartir información a través de redes sociales, lo que significa que los hombres tienden a reportar en mayor medida sensaciones de seguridad respecto a las mujeres.","Con base a los datos de la Encuesta de Confianza en el Servicio de Internet (ECSI) 2024, el 55.4% de los hombres consideran que compartir información a través de redes sociales es seguro, seguido de un 43.1% de las mujeres, sin embargo, un porcentaje significativo de resaltar es que las mujeres con un 22.1% consideran inseguro compartir información a través de redes sociales, lo que significa que los hombres tienden a reportar en mayor medida sensaciones de seguridad respecto a las mujeres.",
E.1,True,72,records_only,not_verified,reportes/20260922T173925458200Z_corrida/datos_usados/e_1_datos_usados.csv,497e05d3b5596865c233900fe994e34c5223e115f219e182e28430525a8c03b3,,"De acuerdo con la “Tercera Encuesta 2023, Usuarios de Servicios de Telecomunicaciones”, en su Índice General de Satisfacción (IGS), las personas usuarias señalaron que se encontraron más satisfechas con los servicios de telefonía fija (76.7 puntos) y telefonía móvil (75.7 puntos) que con los servicios de television de paga (74.9 puntos) e Internet fijo (74.0 puntos).","De acuerdo con la “Encuesta 2024, Usuarios de Servicios de Telecomunicaciones”, en su Índice General de Satisfacción (IGS), las personas usuarias señalaron que se encontraron más satisfechas con los servicios de telefonía fija (76.2 puntos) y telefonía móvil (76.0 puntos) que con los servicios de television de paga (75.7 puntos) e Internet fijo (75.2 puntos).",El nombre de la edición se generalizó a Encuesta 2024 porque el conjunto de datos actual sólo identifica el año del dato.
E.2,True,73,baseline_unchanged,not_verified,reportes/20260922T173925458200Z_corrida/datos_usados/e_2_datos_usados.csv,65dbcb0caa2bde69c127a79e5b318642303a145af77c8080235c5042ced33697,,"De acuerdo con el Estudio Cualitativo “Conocimiento y percepción sobre la Inteligencia Artificial (IA) y ChatGPT 2023”, los principales hallazgos sobre las opiniones de las personas participantes con relación a estas herramientas fueron los siguientes:","De acuerdo con el Estudio Cualitativo “Conocimiento y percepción sobre la Inteligencia Artificial (IA) y ChatGPT 2023”, los principales hallazgos sobre las opiniones de las personas participantes con relación a estas herramientas fueron los siguientes:",
E.3,True,74,minimal_grammar_adjustment,not_verified,reportes/20260922T173925458200Z_corrida/datos_usados/e_3_datos_usados.csv,bcbdf614929c1094074eb4b450cd40f643e98df8866119bfd70ff7d00f4f5cfe,,"En la “Cuarta Encuesta 2023, Usuarios de Servicios de Telecomunicaciones (micro, pequeñas y medianas empresas)”, se mostró que, de acuerdo con el Índice General de Satisfacción, para los años 2022 y 2023 las empresas se encontraron más satisfechas con el servicio de Internet fijo que con el de telefonía fija. Por tamaño de empresa, el índice mostró mejores resultados del servicio de Internet fijo en las medianas empresas en 2023.","En la “Cuarta Encuesta 2023, Usuarios de Servicios de Telecomunicaciones (micro, pequeñas y medianas empresas)”, se mostró que, de acuerdo con el Índice General de Satisfacción, para el año 2023 las empresas se encontraron más satisfechas con el servicio de Internet fijo que con el de telefonía fija, mientras que en 2024 se encontraron más satisfechas con el servicio de telefonía fija. Por tamaño de empresa, el índice mostró mejores resultados del servicio de telefonía fija en las medianas empresas en 2024.",La relación entre Internet fijo y telefonía fija cambió en 2024; se conservó la estructura del párrafo con la mínima precisión necesaria.
E.4,True,75,minimal_grammar_adjustment,not_verified,reportes/20260922T173925458200Z_corrida/datos_usados/e_4_datos_usados.csv,59597fa8491ec223d694378c1ce0305e99443e3973d2cfc078e17a1908efda36,,"Por otra parte, la Encuesta mostró que el servicio más contratado por las MiPymes con respecto al año anterior fue el servicio de Internet Fijo (89.4%) mientras que, el servicio menos contratado fue la Red de Telefonía Móvil (19.6%). Las Micro y Medianas empresas mostraron un mayor aumento en la contratación del servicio de Internet fijo.","Por otra parte, la Encuesta mostró que el servicio más contratado por las MiPymes con respecto al año anterior fue el servicio de Internet Fijo (95.3%) mientras que, el servicio menos contratado fue la Televisión de paga (27.0%). Las Micro y Pequeñas empresas mostraron un mayor aumento en la contratación del servicio de Internet fijo.",Cambió el servicio con menor contratación y los tamaños de empresa que aumentaron.
E.5,True,76,baseline_unchanged,not_verified,reportes/20260922T173925458200Z_corrida/datos_usados/e_5_datos_usados.csv,864a4e9ef01eb45ffe5a677c07336951e93556c5f3afcd22b2cbaca875055f55,,"En cuanto a los beneficios que mencionaron las MiPymes de contar con los servicios fijos de Internet y Telefonía, se encontraron tres principales: el primero es que más gente conoce su empresa, el segundo, que están más cerca de sus clientes o consumidores y finalmente, que cuentan con más ventas y clientes.","En cuanto a los beneficios que mencionaron las MiPymes de contar con los servicios fijos de Internet y Telefonía, se encontraron tres principales: el primero es que más gente conoce su empresa, el segundo, que están más cerca de sus clientes o consumidores y finalmente, que cuentan con más ventas y clientes.",
E.6,True,77,records_only,not_verified,reportes/20260922T173925458200Z_corrida/datos_usados/e_6_datos_usados.csv,25f7f4f1c903180cc15105cdca43545c46c19aa17ab8f2ffb1480393da1f4959,,"Entre los beneficios que tuvieron las MiPymes de la venta a través del servicio de Internet fijo se encontraron el incremento de sus ventas con el 53.5%, seguido de la ampliación de sus canales de venta que se situó en 25.4%.","Entre los beneficios que tuvieron las MiPymes de la venta a través del servicio de Internet fijo se encontraron el incremento de sus ventas con el 65.7%, seguido de la ampliación de sus canales de venta que se situó en 17.2%.",
E.7,True,78,minimal_grammar_adjustment,not_verified,reportes/20260922T173925458200Z_corrida/datos_usados/e_7_datos_usados.csv,ba8658da25ea2b855f9b863b992c6712d34b2c49788633b8d70f041cac5e3b8a,,"Para el 2023, los tres dispositivos que mencionaron utilizar en mayor medida las MiPymes fueron los teléfonos móviles inteligentes (Smartphones), las computadoras de escritorio y terminal punto de venta fija, para celular (98.5%, 49.1% y 54.5%, respectivamente). En cuanto a los dispositivos que menos utilizaron se encontraron las tabletas y radio localizadores (19.4% y 4.4% respectivamente).","Para el 2024, los tres dispositivos que mencionaron utilizar en mayor medida las MiPymes fueron los teléfonos móviles inteligentes (Smartphones), las computadoras de escritorio y terminal punto de venta fija, para celular (95.7%, 51.3% y 47.1%, respectivamente). En cuanto a los dispositivos que menos utilizaron se encontraron los servidores de almacenamiento y teléfonos móviles análogos (17.8% y 31.2% respectivamente).",Las categorías de menor uso presentes en la figura actual cambiaron respecto de 2023.
E.8,True,79,records_only,not_verified,reportes/20260922T173925458200Z_corrida/datos_usados/e_8_datos_usados.csv,1d848d45b5d5ad2161936bb0582d4effbe3a41290b7241a80f9f855f0ee099c6,,"Entre los principales beneficios de que las MiPymes cuenten con una aplicación móvil, la Encuesta señaló que: el contacto con los clientes es más rápido (62.7%) y la solicitud de pedidos es más ágil (44.4%), mientras que la facilidad en el control de ventas, fue el beneficio menos señalado con el 33.5%.","Entre los principales beneficios de que las MiPymes cuenten con una aplicación móvil, la Encuesta señaló que: el contacto con los clientes es más rápido (60.1%) y la solicitud de pedidos es más ágil (39.7%), mientras que la facilidad en el control de ventas, fue el beneficio menos señalado con el 23.7%.",
E.9,True,80,baseline_unchanged,not_verified,reportes/20260922T173925458200Z_corrida/datos_usados/e_9_datos_usados.csv,a6235393711c2bd7dd2606506f67ace08c4181e9a155990aec231e32f830af01,,"Las MiPymes consideran al Internet Fijo como el servicio más importante para realizar sus actividades de importación y/o exportación con (63.4%), siendo la televisión de paga el de menor importancia para las actividades de importación y/o exportación con (0.7% respectivamente).","Las MiPymes consideran al Internet Fijo como el servicio más importante para realizar sus actividades de importación y/o exportación con (63.4%), siendo la televisión de paga el de menor importancia para las actividades de importación y/o exportación con (0.7% respectivamente).",
F.1.1,True,81,records_only,not_verified,reportes/20260922T173925458200Z_corrida/datos_usados/f_1_1_datos_usados.csv,ee653ad9b1174ecc58b00875c20f150044f93aa8e5c7910196e1c6cc1fc9d4f4,,"Con base en los resultados de la ENDUTIH 2023, en México 47.1 millones de mujeres y 41.7 millones de hombres, ambos grupos refiriéndose a personas de 6 años o más, utilizaron Internet mediante su teléfono celular inteligente (Smartphone), lo cual equivale al 75% de las mujeres y 73% de los hombres de 6 años o más que viven en el país. La descarga de aplicaciones fue una de las principales actividades que realizaron con sus dispositivos, ya que el 43% de las usuarias y el 49% de los usuarios descargaron aplicaciones en sus teléfonos inteligentes. Dentro de las aplicaciones que más instalaron las usuarias y los usuarios fueron aquellas de mensajería instantánea (Whatsapp, Messenger, Telegram, etcétera), de acceso a redes sociales (Facebook, Instagram, Twitter, etcétera) y de acceso a contenidos de audio y video (YouTube, Spotify, Deezer, etcétera). Por el contrario, las aplicaciones que menos instalaron fueron aquellas para adquirir bienes o servicios (Cabify, Mercado Libre, Rappi, Uber, etcétera), para acceder a servicios bancarios por Internet (Bancomer, Banamex, etcétera) y para editar fotos o videos.","Con base en los resultados de la ENDUTIH 2025, en México 52.7 millones de mujeres y 47.5 millones de hombres, ambos grupos refiriéndose a personas de 6 años o más, utilizaron Internet mediante su teléfono celular inteligente (Smartphone), lo cual equivale al 82% de las mujeres y 82% de los hombres de 6 años o más que viven en el país. La descarga de aplicaciones fue una de las principales actividades que realizaron con sus dispositivos, ya que el 32% de las usuarias y el 37% de los usuarios descargaron aplicaciones en sus teléfonos inteligentes. Dentro de las aplicaciones que más instalaron las usuarias y los usuarios fueron aquellas de mensajería instantánea (Whatsapp, Messenger, Telegram, etcétera), de acceso a redes sociales (Facebook, Instagram, Twitter, etcétera) y de acceso a contenidos de audio y video (YouTube, Spotify, Deezer, etcétera). Por el contrario, las aplicaciones que menos instalaron fueron aquellas para adquirir bienes o servicios (Cabify, Mercado Libre, Rappi, Uber, etcétera), para acceder a servicios bancarios por Internet (Bancomer, Banamex, etcétera) y para editar fotos o videos.",Se preservaron las categorías descriptivas del texto base; se actualizaron los registros cuantitativos disponibles en la figura actual.
F.1.2,True,81,records_only,not_verified,reportes/20260922T173925458200Z_corrida/datos_usados/f_1_2_datos_usados.csv,c26fed4e6069bb1f467d399e978ef0da8e1375a15f8aa2e9a879a3a9f637a8c4,,"De acuerdo con la ENDUTIH 2023, en México 51.0 millones de mujeres y 46.0 millones de hombres utilizaron Internet, lo que representó el 81% de las mujeres y de los hombres de 6 años o más. Las actividades por Internet que más realizaron estos usuarios fueron el consumo de contenidos audiovisuales gratuitos (Youtube), escuchar música gratuita (Spotify, Google music, etcétera) y ver películas, series, conciertos y otros audiovisuales de pago (Netflix, Clarovideo, Blim, OTT, etcétera). Por el contrario, las actividades que menos realizaron fueron ver TV en web, realizar ventas y escuchar radio AM y FM.","De acuerdo con la ENDUTIH 2025, en México 55.0 millones de mujeres y 49.9 millones de hombres utilizaron Internet, lo que representó el 86% de las mujeres y el 87% de los hombres de 6 años o más. Las actividades por Internet que más realizaron estos usuarios fueron el consumo de contenidos audiovisuales gratuitos (Youtube), escuchar música gratuita (Spotify, Google music, etcétera) y ver películas, series, conciertos y otros audiovisuales de pago (Netflix, Clarovideo, Blim, OTT, etcétera). Por el contrario, las actividades que menos realizaron fueron ver TV en web, realizar ventas y escuchar radio AM y FM.",
F.1.3,True,81,records_only,not_verified,reportes/20260922T173925458200Z_corrida/datos_usados/f_1_3_datos_usados.csv,caec6b0a7c4f489a423ee313c7a09a1fdfa3a0c90f85088898f49e2089e14b21,,"Por otro lado, 22.6 millones de mujeres y 21.9 millones de hombres utilizaron computadora, lo que representó el 36% de las mujeres y el 39% de los hombres de 6 años o más en México. Las actividades que más realizaron estos usuarios fueron descargar contenidos en Internet, enviar y recibir correos electrónicos, y crear archivos de texto. Por el contrario, las actividades que menos realizaron fueron instalar dispositivos periféricos, crear o usar bases de datos y programar en lenguaje especializado.","Por otro lado, 22.5 millones de mujeres y 21.6 millones de hombres utilizaron computadora, lo que representó el 35% de las mujeres y el 38% de los hombres de 6 años o más en México. Las actividades que más realizaron estos usuarios fueron descargar contenidos en Internet, enviar y recibir correos electrónicos, y crear archivos de texto. Por el contrario, las actividades que menos realizaron fueron instalar dispositivos periféricos, crear o usar bases de datos y programar en lenguaje especializado.",
F.1.4,True,81,records_only,not_verified,reportes/20260922T173925458200Z_corrida/datos_usados/f_1_4_datos_usados.csv,07f1bb47d3b75ba61160828ee63cab1b5c2f4f7c7bad407bb011066f1f4bc8f7,,"Por último, los resultados de la encuesta indican que 47.2 millones de mujeres y 41.6 millones de hombres utilizaron redes sociales, lo que representó el 75% de las mujeres y el 73% de los hombres de 6 años o más que viven en México. Las redes sociales que más utilizaron los usuarios fueron Whatsapp, Facebook y Youtube, mientras que las menos utilizadas fueron Snapchat, Pinterest y LinkedIn. Cabe mencionar que entre hombres y mujeres hay diferencias en el uso de algunas redes sociales. Mientras que las mujeres usan más Instagram, Tik Tok y Pinterest, los hombres usan más Youtube y Twitter.","Por último, los resultados de la encuesta indican que 49.3 millones de mujeres y 44.2 millones de hombres utilizaron redes sociales, lo que representó el 77% de las mujeres y el 77% de los hombres de 6 años o más que viven en México. Las redes sociales que más utilizaron los usuarios fueron Whatsapp, Facebook y Youtube, mientras que las menos utilizadas fueron Snapchat, Pinterest y LinkedIn. Cabe mencionar que entre hombres y mujeres hay diferencias en el uso de algunas redes sociales. Mientras que las mujeres usan más Instagram, Tik Tok y Pinterest, los hombres usan más Youtube y Twitter.",Se actualizaron los registros cuantitativos; se preservó la redacción descriptiva del texto base.
F.2,True,86,records_only,not_verified,reportes/20260922T173925458200Z_corrida/datos_usados/f_2_datos_usados.csv,2d07bdc0928267c24774594ae45e6ad1cf7e78ee4279720d365c4e34718ba00d,,"En el periodo de junio de 2023 a junio de 2024, los sectores de telecomunicaciones y radiodifusión mostraron en su conjunto, un decremento anual del 4 .7% en el número de personas empleadas. Al desagregar por sectores, se obtuvo que, en junio de 2024, el total de empleadas y empleados en telecomunicaciones fue de 247,172, lo cual representó un decremento anual de 7.8%, mientras que en el sector de radiodifusión el total de empleadas y empleados fue de 54,694, es decir, un incremento anual de 12.4%.","En el periodo de junio de 2025 a junio de 2026, los sectores de telecomunicaciones y radiodifusión mostraron en su conjunto, un decremento anual del 4.3% en el número de personas empleadas. Al desagregar por sectores, se obtuvo que, en junio de 2026, el total de empleadas y empleados en telecomunicaciones fue de 242,348, lo cual representó un decremento anual de 5.0%, mientras que en el sector de radiodifusión el total de empleadas y empleados fue de 36,721, es decir, un incremento anual de 0.5%.",
F.3,True,87,records_only,not_verified,reportes/20260922T173925458200Z_corrida/datos_usados/f_3_datos_usados.csv,0758e19b03f1d49b2506061a6dcf72f1e91fbccb164a6d1a17bc9421d066f072,,"De acuerdo con los resultados del Módulo sobre Ciberacoso (MOCIBA) 2023, las entidades federativas que tuvieron el menor porcentaje de la población de 12 años y más que vivió ciberacoso fueron Colima con 0.7% y Campeche con 0.8% de su población. Por el contrario, los estados que resaltan por presentar mayores porcentajes de ciberacoso fueron el Estado de México con el 13.1%, Jalisco con el 7.8% y la Ciudad de México con el 7.1% de su población.","De acuerdo con los resultados del Módulo sobre Ciberacoso (MOCIBA) 2025, las entidades federativas que tuvieron el menor porcentaje de la población de 12 años y más que vivió ciberacoso fueron Colima con 0.6% y Campeche con 0.7% de su población. Por el contrario, los estados que resaltan por presentar mayores porcentajes de ciberacoso fueron el Estado de México con el 13.0%, Jalisco con el 8.2% y la Ciudad de México con el 9.6% de su población.",
F.4,True,88,records_only,not_verified,reportes/20260922T173925458200Z_corrida/datos_usados/f_4_datos_usados.csv,d101c368f5d3537c1a8b13342a53f4be63d131a2bf331b8a17c6491a02058e8a,,"Al realizar un análisis segmentado por entidad federativa y sexo, se observa que las entidades federativas que tuvieron el mayor porcentaje de mujeres de 12 años y más que vivieron alguna situación de ciberacoso en los últimos 12 meses fueron el Estado de México con el 13.5%, Jalisco con 7.8% y la Ciudad de México con el 6.8%. De igual forma, los estados que tuvieron el mayor porcentaje de hombres de 12 años y más que sufrieron ciberacoso fueron el Estado de México con el 12.5%, Jalisco con 7.8% y la Ciudad de México con 7.5%.","Al realizar un análisis segmentado por entidad federativa y sexo, se observa que las entidades federativas que tuvieron el mayor porcentaje de mujeres de 12 años y más que vivieron alguna situación de ciberacoso en los últimos 12 meses fueron el Estado de México con el 13.8%, Ciudad de México con 10.0% y Jalisco con el 8.1%. De igual forma, los estados que tuvieron el mayor porcentaje de hombres de 12 años y más que sufrieron ciberacoso fueron el Estado de México con el 12.0%, Ciudad de México con 9.2% y Jalisco con 8.2%.",Se actualizaron también las entidades que ocupan los tres mayores porcentajes.
F.5,True,89,minimal_grammar_adjustment,not_verified,reportes/20260922T173925458200Z_corrida/datos_usados/f_5_datos_usados.csv,478a4e69e088cd35c715536e462ee94bc5d958af0a0cd7c2a3cd2ad8368be8e3,,"Entre las personas víctimas de ciberacoso en los últimos 12 meses por rango de edad, se destaca que aquellas de 20 a 29 años son las que han tenido un mayor porcentaje de ciberacoso (30.1% mujeres y 26.7% hombres), seguido del grupo de personas de 12 a 19 años (24.2% en mujeres y hombres). Por el contrario, el 4.1% de las mujeres y el 5.2% de los hombres con más de 60 años, resultaron ser los de menor porcentaje en cuanto a ser víctimas de ciberacoso.","Entre las personas víctimas de ciberacoso en los últimos 12 meses por rango de edad, se destaca que aquellas de 20 a 29 años son las que han tenido un mayor porcentaje de ciberacoso (25.1% mujeres y 24.5% hombres). En el grupo de personas de 12 a 19 años los porcentajes fueron 20.4% en mujeres y 20.0% en hombres. Por el contrario, el 6.9% de las mujeres y el 8.9% de los hombres con más de 60 años, resultaron ser los de menor porcentaje en cuanto a ser víctimas de ciberacoso.",El segundo lugar dejó de coincidir por sexo; se retiró únicamente la afirmación de ranking común y se conservaron los registros del grupo.
F.6,True,90,minimal_grammar_adjustment,not_verified,reportes/20260922T173925458200Z_corrida/datos_usados/f_6_datos_usados.csv,2c4bc09029d4ca5b014147e293480d57b82f888fa5c76fb95cdd20bd690f3bd9,,"De las situaciones de ciberacoso experimentadas por la población, el contacto mediante identidades falsas fue la situación que más vivieron las mujeres con el 35.8%, seguido de mensajes ofensivos con el 31.6% y llamadas ofensivas con el 31.0%. Por otro lado, los hombres experimentaron situaciones de ciberacoso a través del contacto mediante identidades falsas con el 35.9%, seguido de los mensajes ofensivos con el 35.4% y llamadas ofensivas con el 25.8%. La situación con menor porcentaje que vivieron tanto mujeres como hombres fue publicar o vender imágenes o vídeos de contenido sexual (3.5% y 3.6% respectivamente).","De las situaciones de ciberacoso experimentadas por la población, el contacto mediante identidades falsas fue la situación que más vivieron las mujeres con el 36.8%, seguido de mensajes ofensivos con el 30.8% e insinuaciones o propuestas sexuales con el 25.2%. Por otro lado, los hombres experimentaron situaciones de ciberacoso a través del contacto mediante identidades falsas con el 37.8%, seguido de los mensajes ofensivos con el 35.0% y llamadas ofensivas con el 27.3%. La situación con menor porcentaje que vivieron tanto mujeres como hombres fue publicar o vender imágenes o vídeos de contenido sexual (3.1% y 2.6% respectivamente).",Cambió la tercera situación más frecuente entre mujeres.
F.7,True,91,records_only,not_verified,reportes/20260922T173925458200Z_corrida/datos_usados/f_7_datos_usados.csv,4af95d7204c3024b696bf43f17600f0366446528aebdf0463b6835c657e79f9c,,"Respecto a las medidas de seguridad que las personas toman para proteger sus equipos o cuentas de Internet, destaca que el 96.6% de las mujeres y el 95.6% de los hombres crean o ponen contraseñas (claves, huella digital, patrón, etcétera). Así también, el 21.1% de las mujeres y el 27.7% de los hombres instalan o actualizan programas de antivirus, cortafuegos o anti espías. Por otro lado, entre las medidas menos usadas por hombres y mujeres se encuentran No publicar su correo o número telefónico en redes sociales y no abrir ni guardar archivos que envían personas desconocida.","Respecto a las medidas de seguridad que las personas toman para proteger sus equipos o cuentas de Internet, destaca que el 89.5% de las mujeres y el 88.3% de los hombres crean o ponen contraseñas (claves, huella digital, patrón, etcétera). Así también, el 46.5% de las mujeres y el 50.1% de los hombres instalan o actualizan programas de antivirus, cortafuegos o anti espías. Por otro lado, entre las medidas menos usadas por hombres y mujeres se encuentran No publicar su correo o número telefónico en redes sociales y no abrir ni guardar archivos que envían personas desconocida.",
F.8,True,92,minimal_grammar_adjustment,not_verified,reportes/20260922T173925458200Z_corrida/datos_usados/f_8_datos_usados.csv,2a31b3052de2c76b9c52a1687440532a9b4e1c0ba4300566291cb32051d13171,,"En los distintos medios digitales es visible el ciberacoso por el que pasan tanto mujeres como hombres, ya que, de acuerdo con los datos de MOCIBA 2022, es Facebook el medio digital por el que, el mayor porcentaje de la población de 12 años y más experimentó alguna situación de ciberacoso (41.8%), seguido de WhatsApp (37.8%) y llamadas de teléfono celular (28.9%). Por el contrario, los medios digitales con menores porcentajes fueron YouTube y Correo electrónico institucional (0.5% y 0.5%, respectivamente).","En los distintos medios digitales es visible el ciberacoso por el que pasan tanto mujeres como hombres, ya que, de acuerdo con los datos de MOCIBA 2025, es WhatsApp el medio digital por el que, el mayor porcentaje de la población de 12 años y más experimentó alguna situación de ciberacoso (41.5%), seguido de llamadas de teléfono celular (36.5%) y Facebook (29.7%). Por el contrario, los medios digitales con menores porcentajes fueron YouTube y Telegram (0.3% y 0.5%, respectivamente).",Cambió el orden de los medios con mayor y menor porcentaje.
F.9,True,93,minimal_grammar_adjustment,not_verified,reportes/20260922T173925458200Z_corrida/datos_usados/f_9_datos_usados.csv,b58a460f4c81317bf11f86a2c65c83863aafc14df3f6e558e256f8816aa2fb51,,"De acuerdo con la encuesta MOCIBA 2023 las personas que han sufrido algún tipo de situación de ciberacoso han manifestado haber tomado medidas contra esas situaciones, por ejemplo, el 67.3% manifestó haber bloqueado (a la persona, cuenta o página), el 12.2% ignora o no contesta a las situaciones de ciberacoso y el 11.1% elimina publicaciones, mensajes o videos. Por el contrario, solo el 1.7% realiza una denuncia ante las autoridades escolares o laborales, el 1.4% reporta ante la policía y el 1.1% hace pública la situación de ciberacoso por medio de redes sociales.","De acuerdo con la encuesta MOCIBA 2025 las personas que han sufrido algún tipo de situación de ciberacoso han manifestado haber tomado medidas contra esas situaciones, por ejemplo, el 66.5% manifestó haber bloqueado (a la persona, cuenta o página), el 18.9% ignora o no contesta a las situaciones de ciberacoso y el 11.7% denuncia ante el Ministerio Público, Fiscalía Estatal o el proveedor del servicio. Por el contrario, solo el 1.3% realiza una denuncia ante las autoridades escolares o laborales, el 2.2% reporta ante la policía y el 0.8% hace pública la situación de ciberacoso por medio de redes sociales.",Cambió la tercera medida más frecuente.
F.10,True,94,baseline_unchanged,not_verified,reportes/20260922T173925458200Z_corrida/datos_usados/f_10_datos_usados.csv,6c29f80ecb631d64c192110ac803906cdfc743bdea0406fe22c7d9746353d7a5,,"De acuerdo con la Tercera Encuesta 2023, el 56.3% de las personas usuarias de Internet fijo, mencionaron que, niños, niñas y adolescentes son quienes tienen mayor riesgo de ser víctimas de Violencia Digital a través de este medio. Mientras que, 43.3% de estas personas usuarias consideran que las mujeres tienen mayor riesgo de ser víctimas de este tipo de violencia.","De acuerdo con la Tercera Encuesta 2023, el 56.3% de las personas usuarias de Internet fijo, mencionaron que, niños, niñas y adolescentes son quienes tienen mayor riesgo de ser víctimas de Violencia Digital a través de este medio. Mientras que, 43.3% de estas personas usuarias consideran que las mujeres tienen mayor riesgo de ser víctimas de este tipo de violencia.",
F.11,True,95,baseline_unchanged,not_verified,reportes/20260922T173925458200Z_corrida/datos_usados/f_11_datos_usados.csv,52a6db83f740356c9f9ec4ec6122d4a34d7418073b019ba4d817853d94c7606a,,"Al consultar a la población desagregada por sexo, el 58.4% de las mujeres respondieron que los niños, niñas y adolescentes tienen mayor riesgo de ser víctimas de violencia digital a través del uso del Internet, en comparación con un 54.1% de los hombres; siendo así, los niños, niñas y adolescentes y las mujeres; el grupo más sensible y vulnerable para pedofilia y robo, en el caso de los niños, niñas y adolescentes; por su falta de conocimiento o credulidad que pueden tener debido a su edad.","Al consultar a la población desagregada por sexo, el 58.4% de las mujeres respondieron que los niños, niñas y adolescentes tienen mayor riesgo de ser víctimas de violencia digital a través del uso del Internet, en comparación con un 54.1% de los hombres; siendo así, los niños, niñas y adolescentes y las mujeres; el grupo más sensible y vulnerable para pedofilia y robo, en el caso de los niños, niñas y adolescentes; por su falta de conocimiento o credulidad que pueden tener debido a su edad.",
F.12,True,96,baseline_unchanged,not_verified,reportes/20260922T173925458200Z_corrida/datos_usados/f_12_datos_usados.csv,38ddba0ba934fcc5897cd1894a662459e8d5fa06fd544eb2fc000d2ad4050992,,"De acuerdo a la Tercera Encuesta 2023, el 46.5% de las personas usuarias de Telefonía móvil mencionaron que, los niños, niñas y adolescentes son quienes tienen mayor riesgo de ser víctimas de Violencia Digital a través del teléfono móvil. Mientras que, 20.5% de estas personas usuarias consideran que las personas adultas mayores tienen mayor riesgo de ser víctima de este tipo de violencia.","De acuerdo a la Tercera Encuesta 2023, el 46.5% de las personas usuarias de Telefonía móvil mencionaron que, los niños, niñas y adolescentes son quienes tienen mayor riesgo de ser víctimas de Violencia Digital a través del teléfono móvil. Mientras que, 20.5% de estas personas usuarias consideran que las personas adultas mayores tienen mayor riesgo de ser víctima de este tipo de violencia.",
F.13,True,97,records_only,not_verified,reportes/20260922T173925458200Z_corrida/datos_usados/f_13_datos_usados.csv,e8234c136ad3dc7c2ebf3eb1c0e6c974b5303ce32369556d661c844f5884e475,,"De acuerdo con la “Tercera Encuesta 2023”, las personas encuestadas afirman que las personas con mayor riesgo de ser víctimas de Violencia Digital son los niños, niñas y adolescentes a través del teléfono móvil, con el 49.1% de votos para caso de las mujeres y en 43.7% para el caso de votos por los hombres, siendo las personas con discapacidad con menor riesgo de ser víctimas de Violencia Digital con un 1.2% de votos para el caso de las mujeres y el 0.9% de votos para el caso de los hombres.","De acuerdo con la “Tercera Encuesta 2023”, las personas encuestadas afirman que las personas con mayor riesgo de ser víctimas de Violencia Digital son los niños, niñas y adolescentes a través del teléfono móvil, con el 49.0% de votos para caso de las mujeres y en 43.7% para el caso de votos por los hombres, siendo las personas con discapacidad con menor riesgo de ser víctimas de Violencia Digital con un 1.2% de votos para el caso de las mujeres y el 0.8% de votos para el caso de los hombres.",
F.14,True,98,baseline_unchanged,not_verified,reportes/20260922T173925458200Z_corrida/datos_usados/f_14_datos_usados.csv,659070d317ece9c30faf26c81200f084416fe7c120f461487b2d58a34a0cf78a,,"De acuerdo con la “Tercera Encuesta 2023”, las personas participantes del estudio cualitativo de ambos sexos, coinciden de manera espontánea, que son los(as) propios(as) usuarios(as) quienes tienen que establecer sus medidas de protección.","De acuerdo con la “Tercera Encuesta 2023”, las personas participantes del estudio cualitativo de ambos sexos, coinciden de manera espontánea, que son los(as) propios(as) usuarios(as) quienes tienen que establecer sus medidas de protección.",
F.15,True,99,baseline_unchanged,not_verified,reportes/20260922T173925458200Z_corrida/datos_usados/f_15_datos_usados.csv,db23dd6d80d921818c1a52a6817a9b4cc8a9bee3e45ef8f6d3ace0eaf4782778,,"Entre las principales acciones para protegerse o prevenir la violencia digital señaladas por las personas usuarias de Internet fijo están Evitar compartir información personal (90.3%), así como contraseñas de sus dispositivos y/o aplicaciones (89.5%), de las cuales, el mayor porcentaje de mujeres señalaron principalmente evitar compartir contraseñas (91.5%), mientras que el mayor porcentaje de los hombres señalaron evitar compartir información personal (89.3%, respectivamente).","Entre las principales acciones para protegerse o prevenir la violencia digital señaladas por las personas usuarias de Internet fijo están Evitar compartir información personal (90.3%), así como contraseñas de sus dispositivos y/o aplicaciones (89.5%), de las cuales, el mayor porcentaje de mujeres señalaron principalmente evitar compartir contraseñas (91.5%), mientras que el mayor porcentaje de los hombres señalaron evitar compartir información personal (89.3%, respectivamente).",
F.16,True,100,baseline_unchanged,not_verified,reportes/20260922T173925458200Z_corrida/datos_usados/f_16_datos_usados.csv,b6cc457e7b375022a05f24210f77853d411583aef1c53a838b1c0a8c1caacfa9,,"Entre las principales acciones que harían o hicieron las personas usuarias de Internet fijo si experimentaran Violencia Digital a través de este medio se encuentran: Denunciar ante la Policía Cibernética (32.7%), así como ante otras autoridades (30.3%), por sexo, tanto las mujeres como los hombres señalaron principalmente que, denunciarían ante la Policía Cibernética, siendo las mujeres un 33.2% y los hombres un 32.1%, respectivamente.","Entre las principales acciones que harían o hicieron las personas usuarias de Internet fijo si experimentaran Violencia Digital a través de este medio se encuentran: Denunciar ante la Policía Cibernética (32.7%), así como ante otras autoridades (30.3%), por sexo, tanto las mujeres como los hombres señalaron principalmente que, denunciarían ante la Policía Cibernética, siendo las mujeres un 33.2% y los hombres un 32.1%, respectivamente.",
G.1,True,101,records_only,not_verified,reportes/20260922T173925458200Z_corrida/datos_usados/g_1_datos_usados.csv,691333308fac175a0c3e001ca36270a521e88721d136658a53841e3ce5c77545,,"A diciembre de 2023, había en operación un total de 3,214 concesiones otorgadas de radiodifusión en México, 368 de estas concesiones fueron de radio AM, de las cuales 272 fueron de tipo comercial, 58 públicas, 31 sociales, 4 sociales comunitarias y 3 sociales indígenas.

En cuanto a las concesiones de radio FM, se otorgaron 1,912, de las cuales 1,171 concesiones fueron de tipo comercial, 303 públicas, 267 sociales, 144 sociales comunitarias y 27 sociales indígenas.

Además, se registraron 934 concesiones de televisión digital terrestre (TDT), de las cuales 597 fueron de tipo comercial, 278 de tipo públicas, 52 sociales y 7 sociales comunitarias.","A diciembre de 2023, había en operación un total de 3,073 concesiones otorgadas de radiodifusión en México, 266 de estas concesiones fueron de radio AM, de las cuales 161 fueron de tipo comercial, 56 públicas, 42 sociales, 4 sociales comunitarias y 3 sociales indígenas.

En cuanto a las concesiones de radio FM, se otorgaron 1,898, de las cuales 1,165 concesiones fueron de tipo comercial, 300 públicas, 267 sociales, 139 sociales comunitarias y 27 sociales indígenas.

Además, se registraron 909 concesiones de televisión digital terrestre (TDT), de las cuales 569 fueron de tipo comercial, 280 de tipo públicas, 53 sociales y 7 sociales comunitarias.",
H.1,True,102,historical_replica,not_verified,,,,"El nivel de exposición a la televisión se mide a través del promedio de personas que tienen su televisor encendido en un intervalo de tiempo determinado. De acuerdo con los datos reportados en la muestra analizada por el IFT, el promedio de personas con el televisor encendido de julio 2023 a junio 2024 fue de 15.72% durante las 24 horas del día. Sin embargo, esa proporción cambia significativamente a lo largo del día, alcanzando su punto máximo de 31.21% entre las 21:00 horas y 22:00 horas (Ver Figura H.1.).

Además, el nivel de encendidos puede variar dependiendo del público que se analice. De esta manera, el porcentaje de encendidos para las mujeres fue de 16.46%, mientras que para los hombres fue de 14.95%. Asimismo, en ambos casos su hora de mayor exposición fue de 21:00 a 22:00 horas, con 32.61% y 29.73% respectivamente.","El nivel de exposición a la televisión se mide a través del promedio de personas que tienen su televisor encendido en un intervalo de tiempo determinado. De acuerdo con los datos reportados en la muestra analizada por el IFT, el promedio de personas con el televisor encendido de julio 2023 a junio 2024 fue de 15.72% durante las 24 horas del día. Sin embargo, esa proporción cambia significativamente a lo largo del día, alcanzando su punto máximo de 31.21% entre las 21:00 horas y 22:00 horas (Ver Figura H.1.).

Además, el nivel de encendidos puede variar dependiendo del público que se analice. De esta manera, el porcentaje de encendidos para las mujeres fue de 16.46%, mientras que para los hombres fue de 14.95%. Asimismo, en ambos casos su hora de mayor exposición fue de 21:00 a 22:00 horas, con 32.61% y 29.73% respectivamente.",Reproducción literal de la redacción 2024; periodo julio 2023-junio 2024. | No hay acceso a Nielsen IBOPE/MSS TV o INRA/INRAM para actualizar la figura.
H.2,True,103,historical_replica,not_verified,,,,"De julio 2023 a junio 2024, los géneros televisivos “Dramatizado Unitario”, “Reality Show” y “Telenovelas” fueron los que mayor consumo registraron en los canales nacionales, sin importar que estos no hayan sido los que tuvieron más horas de transmisión, lo que indica que son géneros rentables en términos de la relación audiencia generada/tiempo al aire (ver Figura H.2.).

Por otra parte, al analizar la audiencia de los géneros programáticos en hombres y mujeres, se puede apreciar que los tres géneros ya mencionados fueron los de mayor audiencia para las mujeres, mientras que los hombres consumieron principalmente “Dramatizados unitarios”, seguidos de “Reality shows” y “Deportes”.","De julio 2023 a junio 2024, los géneros televisivos “Dramatizado Unitario”, “Reality Show” y “Telenovelas” fueron los que mayor consumo registraron en los canales nacionales, sin importar que estos no hayan sido los que tuvieron más horas de transmisión, lo que indica que son géneros rentables en términos de la relación audiencia generada/tiempo al aire (ver Figura H.2.).

Por otra parte, al analizar la audiencia de los géneros programáticos en hombres y mujeres, se puede apreciar que los tres géneros ya mencionados fueron los de mayor audiencia para las mujeres, mientras que los hombres consumieron principalmente “Dramatizados unitarios”, seguidos de “Reality shows” y “Deportes”.",Reproducción literal de la redacción 2024; periodo julio 2023-junio 2024. | No hay acceso a Nielsen IBOPE/MSS TV o INRA/INRAM para actualizar la figura.
H.3,True,104,historical_replica,not_verified,,,,"En la Ciudad de México, el promedio de personas con el televisor encendido de julio 2023 a junio 2024 fue de 16.69% durante las 24 horas del día. Sin embargo, esa proporción cambió significativamente a lo largo del día, alcanzando su punto máximo de 34.82% entre las 21:00 horas y 22:00 horas (Ver Figura H.3.).

Además, al analizar el nivel de encendidos por el género de la audiencia se encontró que, el porcentaje de encendidos para las mujeres fue de 17.43%, mientras que para los hombres fue de 15.89%. Asimismo, en ambos casos su hora de mayor exposición fue de 21:00 a 22:00 horas, con 36.48% y 33.03% respectivamente.","En la Ciudad de México, el promedio de personas con el televisor encendido de julio 2023 a junio 2024 fue de 16.69% durante las 24 horas del día. Sin embargo, esa proporción cambió significativamente a lo largo del día, alcanzando su punto máximo de 34.82% entre las 21:00 horas y 22:00 horas (Ver Figura H.3.).

Además, al analizar el nivel de encendidos por el género de la audiencia se encontró que, el porcentaje de encendidos para las mujeres fue de 17.43%, mientras que para los hombres fue de 15.89%. Asimismo, en ambos casos su hora de mayor exposición fue de 21:00 a 22:00 horas, con 36.48% y 33.03% respectivamente.",Reproducción literal de la redacción 2024; periodo julio 2023-junio 2024. | No hay acceso a Nielsen IBOPE/MSS TV o INRA/INRAM para actualizar la figura.
H.4,True,105,historical_replica,not_verified,,,,"De julio 2023 a junio 2024 en la Ciudad de México, los géneros televisivos “Dramatizado Unitario”, “Reality Show” y “Telenovelas” fueron los que mayor consumo registraron en los canales nacionales, sin importar que estos no hayan sido los que tuvieron más horas de transmisión, lo que indica que son géneros rentables en términos de la relación audiencia generada/tiempo al aire (ver Figura H.4.).

Al analizar la audiencia de los géneros programáticos en hombres y mujeres, se puede apreciar que los tres ya mencionados también fueron los de mayor audiencia para las mujeres, mientras que los hombres consumieron principalmente “Dramatizados unitarios”, seguidos de “Reality shows” y “Deportes”.","De julio 2023 a junio 2024 en la Ciudad de México, los géneros televisivos “Dramatizado Unitario”, “Reality Show” y “Telenovelas” fueron los que mayor consumo registraron en los canales nacionales, sin importar que estos no hayan sido los que tuvieron más horas de transmisión, lo que indica que son géneros rentables en términos de la relación audiencia generada/tiempo al aire (ver Figura H.4.).

Al analizar la audiencia de los géneros programáticos en hombres y mujeres, se puede apreciar que los tres ya mencionados también fueron los de mayor audiencia para las mujeres, mientras que los hombres consumieron principalmente “Dramatizados unitarios”, seguidos de “Reality shows” y “Deportes”.",Reproducción literal de la redacción 2024; periodo julio 2023-junio 2024. | No hay acceso a Nielsen IBOPE/MSS TV o INRA/INRAM para actualizar la figura.
H.5,True,106,historical_replica,not_verified,,,,"En Guadalajara, el promedio de personas con el televisor encendido de julio 2023 a junio 2024 fue de 15.27% a lo largo de las 24 horas. Sin embargo, esa proporción cambió significativamente a lo largo del día, alcanzando su punto máximo de 28.99% entre las 21:00 horas y 22:00 horas (ver Figura H.5.).

Además, al analizar el nivel de encendidos por el género de la audiencia se encontró que, el porcentaje de encendidos para las mujeres fue de 16.22%, mientras que para los hombres fue de 14.28%. Asimismo, en ambos casos su hora de mayor exposición fue de 21:00 a 22:00 horas, con 29.92% y 28.03% respectivamente.","En Guadalajara, el promedio de personas con el televisor encendido de julio 2023 a junio 2024 fue de 15.27% a lo largo de las 24 horas. Sin embargo, esa proporción cambió significativamente a lo largo del día, alcanzando su punto máximo de 28.99% entre las 21:00 horas y 22:00 horas (ver Figura H.5.).

Además, al analizar el nivel de encendidos por el género de la audiencia se encontró que, el porcentaje de encendidos para las mujeres fue de 16.22%, mientras que para los hombres fue de 14.28%. Asimismo, en ambos casos su hora de mayor exposición fue de 21:00 a 22:00 horas, con 29.92% y 28.03% respectivamente.",Reproducción literal de la redacción 2024; periodo julio 2023-junio 2024. | No hay acceso a Nielsen IBOPE/MSS TV o INRA/INRAM para actualizar la figura.
H.6,True,107,historical_replica,not_verified,,,,"De julio 2023 a junio 2024 en Guadalajara, los géneros televisivos “Dramatizado Unitario”, “Reality Show” y “Telenovelas” fueron los que mayor consumo registraron en los canales nacionales, sin importar que estos no hayan sido los que tuvieron más horas de transmisión, lo que indica que son géneros rentables en términos de la relación audiencia generada/tiempo al aire (ver Figura H.6.).

Al analizar la audiencia de los géneros programáticos en hombres y mujeres, se puede apreciar que los tres ya mencionados también fueron los de mayor audiencia para las mujeres, mientras que los hombres consumieron principalmente “Deportes”, “Dramatizados unitarios”, y “Reality show”.","De julio 2023 a junio 2024 en Guadalajara, los géneros televisivos “Dramatizado Unitario”, “Reality Show” y “Telenovelas” fueron los que mayor consumo registraron en los canales nacionales, sin importar que estos no hayan sido los que tuvieron más horas de transmisión, lo que indica que son géneros rentables en términos de la relación audiencia generada/tiempo al aire (ver Figura H.6.).

Al analizar la audiencia de los géneros programáticos en hombres y mujeres, se puede apreciar que los tres ya mencionados también fueron los de mayor audiencia para las mujeres, mientras que los hombres consumieron principalmente “Deportes”, “Dramatizados unitarios”, y “Reality show”.",Reproducción literal de la redacción 2024; periodo julio 2023-junio 2024. | No hay acceso a Nielsen IBOPE/MSS TV o INRA/INRAM para actualizar la figura.
H.7,True,108,historical_replica,not_verified,,,,"En Monterrey, el promedio de personas con el televisor encendido de julio 2023 a junio 2024 fue de 17.92% a lo largo de las 24 horas. Sin embargo, esa proporción cambió significativamente a lo largo del día, alcanzando su punto máximo de 31.35% entre las 21:00 horas y 22:00 horas. (Ver Figura H.7.).

Además, al analizar el nivel de encendidos por el género de la audiencia se encontró que, el porcentaje de encendidos para las mujeres fue de 19.33% y, su hora de mayor exposición fue de 21:00 a 22:00 horas, con 33.32%. En el caso de los hombres el porcentaje de encendidos fue de 16.50%, con un consumo máximo de 29.38% de 20:00 a 21:00 horas.","En Monterrey, el promedio de personas con el televisor encendido de julio 2023 a junio 2024 fue de 17.92% a lo largo de las 24 horas. Sin embargo, esa proporción cambió significativamente a lo largo del día, alcanzando su punto máximo de 31.35% entre las 21:00 horas y 22:00 horas. (Ver Figura H.7.).

Además, al analizar el nivel de encendidos por el género de la audiencia se encontró que, el porcentaje de encendidos para las mujeres fue de 19.33% y, su hora de mayor exposición fue de 21:00 a 22:00 horas, con 33.32%. En el caso de los hombres el porcentaje de encendidos fue de 16.50%, con un consumo máximo de 29.38% de 20:00 a 21:00 horas.",Reproducción literal de la redacción 2024; periodo julio 2023-junio 2024. | No hay acceso a Nielsen IBOPE/MSS TV o INRA/INRAM para actualizar la figura.
H.8,True,109,historical_replica,not_verified,,,,"De julio 2023 a junio 2024 en Monterrey, los géneros televisivos “Dramatizado Unitario”, “Telenovelas” y “Deportes” fueron los que mayor consumo registraron en los canales nacionales, sin importar que estos no hayan sido los que tuvieron más horas de transmisión, lo que indica que son géneros rentables en términos de la relación audiencia generada/ tiempo al aire (ver Figura H.8.).

Al analizar la audiencia de los géneros programáticos en hombres y mujeres, se puede apreciar que los tres ya mencionados también fueron los de mayor audiencia para los hombres, mientras que las mujeres consumieron principalmente “Dramatizados unitarios”, “Telenovelas” y “Reality show”.","De julio 2023 a junio 2024 en Monterrey, los géneros televisivos “Dramatizado Unitario”, “Telenovelas” y “Deportes” fueron los que mayor consumo registraron en los canales nacionales, sin importar que estos no hayan sido los que tuvieron más horas de transmisión, lo que indica que son géneros rentables en términos de la relación audiencia generada/ tiempo al aire (ver Figura H.8.).

Al analizar la audiencia de los géneros programáticos en hombres y mujeres, se puede apreciar que los tres ya mencionados también fueron los de mayor audiencia para los hombres, mientras que las mujeres consumieron principalmente “Dramatizados unitarios”, “Telenovelas” y “Reality show”.",Reproducción literal de la redacción 2024; periodo julio 2023-junio 2024. | No hay acceso a Nielsen IBOPE/MSS TV o INRA/INRAM para actualizar la figura.
H.9,True,110,historical_replica,not_verified,,,,"En las 25 ciudades restantes de la muestra analizada por el IFT, el promedio de personas con el televisor encendido de julio 2023 a junio 2024 fue de 14.73% a lo largo de las 24 horas. Sin embargo, esa proporción cambió significativamente a lo largo del día, alcanzando su punto máximo de 28.98% entre las 21:00 horas y 22:00 horas (Ver Figura H.9.).

Además, al analizar el nivel de encendidos por el género de la audiencia se encontró que, el porcentaje de encendidos para las mujeres fue de 15.31%, mientras que para los hombres fue de 14.13%. Asimismo, en ambos casos su hora de mayor exposición fue de 21:00 a 22:00 horas, con 30.15% y 27.75% respectivamente.","En las 25 ciudades restantes de la muestra analizada por el IFT, el promedio de personas con el televisor encendido de julio 2023 a junio 2024 fue de 14.73% a lo largo de las 24 horas. Sin embargo, esa proporción cambió significativamente a lo largo del día, alcanzando su punto máximo de 28.98% entre las 21:00 horas y 22:00 horas (Ver Figura H.9.).

Además, al analizar el nivel de encendidos por el género de la audiencia se encontró que, el porcentaje de encendidos para las mujeres fue de 15.31%, mientras que para los hombres fue de 14.13%. Asimismo, en ambos casos su hora de mayor exposición fue de 21:00 a 22:00 horas, con 30.15% y 27.75% respectivamente.",Reproducción literal de la redacción 2024; periodo julio 2023-junio 2024. | No hay acceso a Nielsen IBOPE/MSS TV o INRA/INRAM para actualizar la figura.
H.10,True,111,historical_replica,not_verified,,,,"De julio 2023 a junio 2024 en las 25 ciudades restantes de la muestra analizada por el IFT, los géneros televisivos “Dramatizado Unitario”, “Reality Show” y “Telenovelas” fueron los que mayor consumo registraron en los canales nacionales, sin importar que estos no hayan sido los que tuvieron más horas de transmisión, lo que indica que son géneros rentables en términos de la relación audiencia generada/tiempo al aire (ver Figura H.10.).

Por otra parte, al analizar la audiencia de los géneros programáticos entre hombres y mujeres, se puede apreciar que los tres géneros ya mencionados también fueron los de mayor audiencia para las mujeres, mientras que los hombres consumieron principalmente “Dramatizados unitarios”, “Reality shows” y “Deportes”.","De julio 2023 a junio 2024 en las 25 ciudades restantes de la muestra analizada por el IFT, los géneros televisivos “Dramatizado Unitario”, “Reality Show” y “Telenovelas” fueron los que mayor consumo registraron en los canales nacionales, sin importar que estos no hayan sido los que tuvieron más horas de transmisión, lo que indica que son géneros rentables en términos de la relación audiencia generada/tiempo al aire (ver Figura H.10.).

Por otra parte, al analizar la audiencia de los géneros programáticos entre hombres y mujeres, se puede apreciar que los tres géneros ya mencionados también fueron los de mayor audiencia para las mujeres, mientras que los hombres consumieron principalmente “Dramatizados unitarios”, “Reality shows” y “Deportes”.",Reproducción literal de la redacción 2024; periodo julio 2023-junio 2024. | No hay acceso a Nielsen IBOPE/MSS TV o INRA/INRAM para actualizar la figura.
H.11,True,112,historical_replica,not_verified,,,,"En el caso de la radio, el nivel de personas con la radio encendida es un indicador que mide el grado de exposición a este servicio en un intervalo de tiempo determinado. De acuerdo con los datos reportados en la muestra analizada por el IFT10, de julio 2023 a junio 2024, el promedio de personas con la radio encendida en estas tres ciudades fue de 9.67% en el intervalo de tiempo de las 6:00 horas a las 24:00 horas de lunes a domingo. Sin embargo, al contrario que en televisión, la proporción de personas con la radio encendida alcanzó su máximo entre las 09:00 y 10:00 horas, cuando el nivel de encendidos fue de 16.91% (ver Figura H.11.).

Además, al analizar el nivel de exposición a la radio entre géneros de la audiencia, se pudo encontrar que el promedio de exposición de los hombres fue de 11.09% y su horario más alto fue a las 08:00 horas con 19.00%, mientras que para las mujeres el promedio fue de 8.54% y su principal horario fue a las 10:00 horas con 16.10%.","En el caso de la radio, el nivel de personas con la radio encendida es un indicador que mide el grado de exposición a este servicio en un intervalo de tiempo determinado. De acuerdo con los datos reportados en la muestra analizada por el IFT10, de julio 2023 a junio 2024, el promedio de personas con la radio encendida en estas tres ciudades fue de 9.67% en el intervalo de tiempo de las 6:00 horas a las 24:00 horas de lunes a domingo. Sin embargo, al contrario que en televisión, la proporción de personas con la radio encendida alcanzó su máximo entre las 09:00 y 10:00 horas, cuando el nivel de encendidos fue de 16.91% (ver Figura H.11.).

Además, al analizar el nivel de exposición a la radio entre géneros de la audiencia, se pudo encontrar que el promedio de exposición de los hombres fue de 11.09% y su horario más alto fue a las 08:00 horas con 19.00%, mientras que para las mujeres el promedio fue de 8.54% y su principal horario fue a las 10:00 horas con 16.10%.",Reproducción literal de la redacción 2024; periodo julio 2023-junio 2024. | No hay acceso a Nielsen IBOPE/MSS TV o INRA/INRAM para actualizar la figura.
H.12,True,113,historical_replica,not_verified,,,,"En el caso de la Ciudad de México, el promedio de personas con la radio encendida fue de 10.76% y alcanzó su máximo a las 09:00 horas, cuando el nivel de encendidos fue de 18.73% (ver Figura H.12.).

Por otro lado, para el caso particular de los hombres el promedio de exposición a la radio fue de 12.24% y su horario más alto ocurrió a las 08:00 horas con 20.62%. Asimismo, respecto a las mujeres se registró un promedio de exposición de 9.59% y su máximo lo alcanzaron a las 10:00 horas con 18.48%.","En el caso de la Ciudad de México, el promedio de personas con la radio encendida fue de 10.76% y alcanzó su máximo a las 09:00 horas, cuando el nivel de encendidos fue de 18.73% (ver Figura H.12.).

Por otro lado, para el caso particular de los hombres el promedio de exposición a la radio fue de 12.24% y su horario más alto ocurrió a las 08:00 horas con 20.62%. Asimismo, respecto a las mujeres se registró un promedio de exposición de 9.59% y su máximo lo alcanzaron a las 10:00 horas con 18.48%.",Reproducción literal de la redacción 2024; periodo julio 2023-junio 2024. | No hay acceso a Nielsen IBOPE/MSS TV o INRA/INRAM para actualizar la figura.
H.13,True,114,historical_replica,not_verified,,,,"Respecto a la ciudad de Guadalajara, el promedio de personas expuestas la radio fue de 7.83% y alcanzó su máximo a las 10:00 horas, cuando el nivel de encendidos fue de 13.06% (ver Figura H.13.).

Además, al analizar el nivel de exposición a la radio entre los géneros de la audiencia, se pudo encontrar que el promedio de exposición de los hombres fue de 9.49% y su horario más alto fue a las 10:00 horas con 15.99%, mientras que para las mujeres el promedio fue de 6.51% y su principal horario fue a las 10:00 horas con 10.74%.","Respecto a la ciudad de Guadalajara, el promedio de personas expuestas la radio fue de 7.83% y alcanzó su máximo a las 10:00 horas, cuando el nivel de encendidos fue de 13.06% (ver Figura H.13.).

Además, al analizar el nivel de exposición a la radio entre los géneros de la audiencia, se pudo encontrar que el promedio de exposición de los hombres fue de 9.49% y su horario más alto fue a las 10:00 horas con 15.99%, mientras que para las mujeres el promedio fue de 6.51% y su principal horario fue a las 10:00 horas con 10.74%.",Reproducción literal de la redacción 2024; periodo julio 2023-junio 2024. | No hay acceso a Nielsen IBOPE/MSS TV o INRA/INRAM para actualizar la figura.
H.14,True,115,historical_replica,not_verified,,,,"En el caso de Monterrey, el promedio de personas con la radio encendida fue de 7.15% y alcanzó su máximo a las 08:00 horas, cuando el nivel de encendidos fue de 14.43% (ver Figura H.14.).

Por otro lado, para el caso particular de los hombres el promedio de exposición a la radio fue de 8.15% y su horario más alto ocurrió a las 08:00 horas con 16.06%. Asimismo, respecto a las mujeres se registró un promedio de exposición de 6.32% y su máximo lo alcanzaron a las 08:00 horas con 13.09%.","En el caso de Monterrey, el promedio de personas con la radio encendida fue de 7.15% y alcanzó su máximo a las 08:00 horas, cuando el nivel de encendidos fue de 14.43% (ver Figura H.14.).

Por otro lado, para el caso particular de los hombres el promedio de exposición a la radio fue de 8.15% y su horario más alto ocurrió a las 08:00 horas con 16.06%. Asimismo, respecto a las mujeres se registró un promedio de exposición de 6.32% y su máximo lo alcanzaron a las 08:00 horas con 13.09%.",Reproducción literal de la redacción 2024; periodo julio 2023-junio 2024. | No hay acceso a Nielsen IBOPE/MSS TV o INRA/INRAM para actualizar la figura.
