figure_id,calculation_id,formula,inputs_json,result,unit,decimals
A.1,pib_miles_millones_ultimo_periodo,pib_millones_pesos / 1000,"{""periodo"": ""2026-T2"", ""pib_millones_pesos"": 26144132.442}",26144.13,miles de millones de pesos,2
A.1,tyr_miles_millones_ultimo_periodo,(telecom_millones_pesos + radio_tv_millones_pesos) / 1000,"{""periodo"": ""2026-T2"", ""telecom_millones_pesos"": 392043.758, ""radio_tv_millones_pesos"": 48372.236}",440.42,miles de millones de pesos,2
A.1,participacion_tyr_ultimo_periodo,(telecom_millones_pesos + radio_tv_millones_pesos) / pib_millones_pesos * 100,"{""periodo"": ""2026-T2"", ""tyr_millones_pesos"": 440415.994, ""pib_millones_pesos"": 26144132.442}",1.6846,porcentaje,4
A.2,empleo_tyr_ultimo_periodo,telecomunicaciones_personas + radiodifusion_personas,"{""periodo"": ""2026-T2"", ""telecomunicaciones_personas"": 242348, ""radiodifusion_personas"": 36721}",279069,personas,0
A.2,distribucion_ultimo_periodo,personas_sector / total_personas * 100,"{""periodo"": ""2026-T2"", ""total_personas"": 279069}","{'telecomunicaciones_pct': 86.84, 'radiodifusion_pct': 13.16}",porcentaje,2
A.2,variacion_anual_empleo_tyr,(total_ultimo / total_mismo_trimestre_previo - 1) * 100,"{""periodo_ultimo"": ""2026-T2"", ""total_ultimo"": 279069, ""periodo_previo"": ""2025-T2"", ""total_previo"": 291646}",-4.31,porcentaje,2
A.2,extremos_serie_empleo_tyr,máximo y mínimo de total_personas en los periodos graficados,"{""periodos"": 27}","{'mayor_periodo': '2021-T4', 'mayor_total': 323048, 'menor_periodo': '2014-T4', 'menor_total': 216150}",personas,0
A.3,variacion_anual_inpc,(INPC último mes / INPC mismo mes año anterior - 1) * 100,"{""periodo_ultimo"": ""2026-08"", ""inpc_ultimo"": 145.462, ""periodo_previo"": ""2025-08"", ""inpc_previo"": 140.867}",3.26,porcentaje,2
A.3,variacion_ipcom_ultimo_corte,(IPCOM julio 2024 / IPCOM diciembre 2023 - 1) * 100,"{""ipcom_2024_07"": 90.402427, ""ipcom_2023_12"": 91.819751}",-1.54,porcentaje,2
A.3,ultimo_nivel_inpc,última observación publicada del INPC,"{""periodo"": ""2026-08""}",145.462,índice,3
A.4,inversion_total_ultimo_anio,"suma de INV_TOTAL_E / 1,000,000,000","{""anio"": 2024}",43.399,miles de millones de pesos,3
A.4,variacion_anual_inversion_total,(inversión total 2024 / inversión total 2023 - 1) * 100,"{""total_2024"": 43.39945, ""total_2023"": 56.454562}",-23.12,porcentaje,2
A.4,tipo_inversion_mayor_2024,máximo de participación por tipo en el último año,"{""anio"": 2024, ""participaciones"": {""Infraestructura"": 77.76992258479592, ""Otros Activos"": 9.28521417905121, ""Activos No Tangibles"": 12.944863236152859, ""No Especificada"": 0.0}}","{'categoria': 'Infraestructura', 'porcentaje': 77.77}",porcentaje,2
A.5,participacion_ied_telecom_ultimo_corte,IED telecomunicaciones del último corte / IED México del último corte * 100,"{""anio"": 2026, ""trimestre"": 1, ""ied_telecom"": -22.357641, ""ied_mexico"": 24503.050789}",-0.09,porcentaje,2
A.5,mayor_ied_telecom_periodo_mostrado,máximo de IED en telecomunicaciones en el periodo mostrado,"{""periodo"": ""2013-2026""}","{'anio': 2015, 'valor': 2749.7}",millones de dólares,2
A.5,menor_ied_telecom_periodo_mostrado,mínimo de IED en telecomunicaciones en el periodo mostrado,"{""periodo"": ""2013-2026""}","{'anio': 2014, 'valor': -4272.79}",millones de dólares,2
A.6,ingresos_ultimo_corte_completo,"suma de INGRESOS_TOTAL_E / 1,000,000,000","{""periodo"": ""2023-T4""}",159.144,miles de millones de pesos,3
A.6,margen_ultimo_corte_completo,ingresos * margen porcentual / 100,"{""ingresos"": 159.14371, ""margen_pct"": 29.0}",46.152,miles de millones de pesos,3
A.6,egresos_ultimo_corte_completo,ingresos - margen,"{""ingresos"": 159.14371, ""margen"": 46.151676}",112.992,miles de millones de pesos,3
A.6,ingresos_ultimo_corte_bit,"suma de INGRESOS_TOTAL_E del último trimestre encontrado / 1,000,000,000","{""periodo"": ""2024-T4""}",163.138,miles de millones de pesos,3
A.7,hogares_fijas_decil_1,suma(indicador * factor) / suma(factor) * 100,"{""anio"": 2024, ""decil"": 1, ""hogares_expandidos"": 3882924}","{'con_servicio_pct': 42.2, 'disponen_y_gastan_pct': 31.3}",porcentaje,1
A.7,hogares_fijas_decil_2,suma(indicador * factor) / suma(factor) * 100,"{""anio"": 2024, ""decil"": 2, ""hogares_expandidos"": 3883042}","{'con_servicio_pct': 57.5, 'disponen_y_gastan_pct': 45.4}",porcentaje,1
A.7,hogares_fijas_decil_3,suma(indicador * factor) / suma(factor) * 100,"{""anio"": 2024, ""decil"": 3, ""hogares_expandidos"": 3883010}","{'con_servicio_pct': 67.2, 'disponen_y_gastan_pct': 57.3}",porcentaje,1
A.7,hogares_fijas_decil_4,suma(indicador * factor) / suma(factor) * 100,"{""anio"": 2024, ""decil"": 4, ""hogares_expandidos"": 3882672}","{'con_servicio_pct': 76.1, 'disponen_y_gastan_pct': 65.6}",porcentaje,1
A.7,hogares_fijas_decil_5,suma(indicador * factor) / suma(factor) * 100,"{""anio"": 2024, ""decil"": 5, ""hogares_expandidos"": 3883138}","{'con_servicio_pct': 80.8, 'disponen_y_gastan_pct': 71.4}",porcentaje,1
A.7,hogares_fijas_decil_6,suma(indicador * factor) / suma(factor) * 100,"{""anio"": 2024, ""decil"": 6, ""hogares_expandidos"": 3883019}","{'con_servicio_pct': 85.5, 'disponen_y_gastan_pct': 77.7}",porcentaje,1
A.7,hogares_fijas_decil_7,suma(indicador * factor) / suma(factor) * 100,"{""anio"": 2024, ""decil"": 7, ""hogares_expandidos"": 3883005}","{'con_servicio_pct': 89.9, 'disponen_y_gastan_pct': 83.0}",porcentaje,1
A.7,hogares_fijas_decil_8,suma(indicador * factor) / suma(factor) * 100,"{""anio"": 2024, ""decil"": 8, ""hogares_expandidos"": 3882963}","{'con_servicio_pct': 92.6, 'disponen_y_gastan_pct': 86.6}",porcentaje,1
A.7,hogares_fijas_decil_9,suma(indicador * factor) / suma(factor) * 100,"{""anio"": 2024, ""decil"": 9, ""hogares_expandidos"": 3883293}","{'con_servicio_pct': 96.1, 'disponen_y_gastan_pct': 91.7}",porcentaje,1
A.7,hogares_fijas_decil_10,suma(indicador * factor) / suma(factor) * 100,"{""anio"": 2024, ""decil"": 10, ""hogares_expandidos"": 3883164}","{'con_servicio_pct': 98.6, 'disponen_y_gastan_pct': 94.5}",porcentaje,1
A.8,gasto_fijas_decil_1,promedio ponderado trimestral / 3; porcentaje = gasto mensual / ingreso mensual * 100,"{""anio"": 2024, ""decil"": 1, ""hogares_expandidos"": 1217284}","{'gasto_mensual': 340, 'gasto_pct_ingreso': 5.8}",pesos mensuales y porcentaje,1
A.8,gasto_fijas_decil_2,promedio ponderado trimestral / 3; porcentaje = gasto mensual / ingreso mensual * 100,"{""anio"": 2024, ""decil"": 2, ""hogares_expandidos"": 1764222}","{'gasto_mensual': 385, 'gasto_pct_ingreso': 4.1}",pesos mensuales y porcentaje,1
A.8,gasto_fijas_decil_3,promedio ponderado trimestral / 3; porcentaje = gasto mensual / ingreso mensual * 100,"{""anio"": 2024, ""decil"": 3, ""hogares_expandidos"": 2223850}","{'gasto_mensual': 416, 'gasto_pct_ingreso': 3.4}",pesos mensuales y porcentaje,1
A.8,gasto_fijas_decil_4,promedio ponderado trimestral / 3; porcentaje = gasto mensual / ingreso mensual * 100,"{""anio"": 2024, ""decil"": 4, ""hogares_expandidos"": 2546509}","{'gasto_mensual': 434, 'gasto_pct_ingreso': 2.9}",pesos mensuales y porcentaje,1
A.8,gasto_fijas_decil_5,promedio ponderado trimestral / 3; porcentaje = gasto mensual / ingreso mensual * 100,"{""anio"": 2024, ""decil"": 5, ""hogares_expandidos"": 2771824}","{'gasto_mensual': 459, 'gasto_pct_ingreso': 2.5}",pesos mensuales y porcentaje,1
A.8,gasto_fijas_decil_6,promedio ponderado trimestral / 3; porcentaje = gasto mensual / ingreso mensual * 100,"{""anio"": 2024, ""decil"": 6, ""hogares_expandidos"": 3016403}","{'gasto_mensual': 481, 'gasto_pct_ingreso': 2.2}",pesos mensuales y porcentaje,1
A.8,gasto_fijas_decil_7,promedio ponderado trimestral / 3; porcentaje = gasto mensual / ingreso mensual * 100,"{""anio"": 2024, ""decil"": 7, ""hogares_expandidos"": 3224155}","{'gasto_mensual': 506, 'gasto_pct_ingreso': 2.0}",pesos mensuales y porcentaje,1
A.8,gasto_fijas_decil_8,promedio ponderado trimestral / 3; porcentaje = gasto mensual / ingreso mensual * 100,"{""anio"": 2024, ""decil"": 8, ""hogares_expandidos"": 3361516}","{'gasto_mensual': 548, 'gasto_pct_ingreso': 1.7}",pesos mensuales y porcentaje,1
A.8,gasto_fijas_decil_9,promedio ponderado trimestral / 3; porcentaje = gasto mensual / ingreso mensual * 100,"{""anio"": 2024, ""decil"": 9, ""hogares_expandidos"": 3562578}","{'gasto_mensual': 588, 'gasto_pct_ingreso': 1.4}",pesos mensuales y porcentaje,1
A.8,gasto_fijas_decil_10,promedio ponderado trimestral / 3; porcentaje = gasto mensual / ingreso mensual * 100,"{""anio"": 2024, ""decil"": 10, ""hogares_expandidos"": 3668480}","{'gasto_mensual': 691, 'gasto_pct_ingreso': 0.9}",pesos mensuales y porcentaje,1
A.9,hogares_moviles_decil_1,suma(indicador * factor) / suma(factor) * 100,"{""anio"": 2024, ""decil"": 1, ""hogares_expandidos"": 3882924}","{'con_servicio_pct': 79.0, 'disponen_y_gastan_pct': 59.2}",porcentaje,1
A.9,hogares_moviles_decil_2,suma(indicador * factor) / suma(factor) * 100,"{""anio"": 2024, ""decil"": 2, ""hogares_expandidos"": 3883042}","{'con_servicio_pct': 89.9, 'disponen_y_gastan_pct': 73.5}",porcentaje,1
A.9,hogares_moviles_decil_3,suma(indicador * factor) / suma(factor) * 100,"{""anio"": 2024, ""decil"": 3, ""hogares_expandidos"": 3883010}","{'con_servicio_pct': 93.9, 'disponen_y_gastan_pct': 79.7}",porcentaje,1
A.9,hogares_moviles_decil_4,suma(indicador * factor) / suma(factor) * 100,"{""anio"": 2024, ""decil"": 4, ""hogares_expandidos"": 3882672}","{'con_servicio_pct': 95.8, 'disponen_y_gastan_pct': 82.7}",porcentaje,1
A.9,hogares_moviles_decil_5,suma(indicador * factor) / suma(factor) * 100,"{""anio"": 2024, ""decil"": 5, ""hogares_expandidos"": 3883138}","{'con_servicio_pct': 96.4, 'disponen_y_gastan_pct': 84.5}",porcentaje,1
A.9,hogares_moviles_decil_6,suma(indicador * factor) / suma(factor) * 100,"{""anio"": 2024, ""decil"": 6, ""hogares_expandidos"": 3883019}","{'con_servicio_pct': 97.9, 'disponen_y_gastan_pct': 86.6}",porcentaje,1
A.9,hogares_moviles_decil_7,suma(indicador * factor) / suma(factor) * 100,"{""anio"": 2024, ""decil"": 7, ""hogares_expandidos"": 3883005}","{'con_servicio_pct': 97.9, 'disponen_y_gastan_pct': 88.0}",porcentaje,1
A.9,hogares_moviles_decil_8,suma(indicador * factor) / suma(factor) * 100,"{""anio"": 2024, ""decil"": 8, ""hogares_expandidos"": 3882963}","{'con_servicio_pct': 98.8, 'disponen_y_gastan_pct': 89.6}",porcentaje,1
A.9,hogares_moviles_decil_9,suma(indicador * factor) / suma(factor) * 100,"{""anio"": 2024, ""decil"": 9, ""hogares_expandidos"": 3883293}","{'con_servicio_pct': 99.0, 'disponen_y_gastan_pct': 90.9}",porcentaje,1
A.9,hogares_moviles_decil_10,suma(indicador * factor) / suma(factor) * 100,"{""anio"": 2024, ""decil"": 10, ""hogares_expandidos"": 3883164}","{'con_servicio_pct': 99.3, 'disponen_y_gastan_pct': 91.1}",porcentaje,1
A.10,gasto_moviles_decil_1,promedio ponderado trimestral / 3; porcentaje = gasto mensual / ingreso mensual * 100,"{""anio"": 2024, ""decil"": 1, ""hogares_expandidos"": 2298848}","{'gasto_mensual': 178, 'gasto_pct_ingreso': 3.0}",pesos mensuales y porcentaje,1
A.10,gasto_moviles_decil_2,promedio ponderado trimestral / 3; porcentaje = gasto mensual / ingreso mensual * 100,"{""anio"": 2024, ""decil"": 2, ""hogares_expandidos"": 2852448}","{'gasto_mensual': 216, 'gasto_pct_ingreso': 2.3}",pesos mensuales y porcentaje,1
A.10,gasto_moviles_decil_3,promedio ponderado trimestral / 3; porcentaje = gasto mensual / ingreso mensual * 100,"{""anio"": 2024, ""decil"": 3, ""hogares_expandidos"": 3095060}","{'gasto_mensual': 256, 'gasto_pct_ingreso': 2.1}",pesos mensuales y porcentaje,1
A.10,gasto_moviles_decil_4,promedio ponderado trimestral / 3; porcentaje = gasto mensual / ingreso mensual * 100,"{""anio"": 2024, ""decil"": 4, ""hogares_expandidos"": 3212255}","{'gasto_mensual': 302, 'gasto_pct_ingreso': 2.0}",pesos mensuales y porcentaje,1
A.10,gasto_moviles_decil_5,promedio ponderado trimestral / 3; porcentaje = gasto mensual / ingreso mensual * 100,"{""anio"": 2024, ""decil"": 5, ""hogares_expandidos"": 3279685}","{'gasto_mensual': 347, 'gasto_pct_ingreso': 1.9}",pesos mensuales y porcentaje,1
A.10,gasto_moviles_decil_6,promedio ponderado trimestral / 3; porcentaje = gasto mensual / ingreso mensual * 100,"{""anio"": 2024, ""decil"": 6, ""hogares_expandidos"": 3361267}","{'gasto_mensual': 386, 'gasto_pct_ingreso': 1.8}",pesos mensuales y porcentaje,1
A.10,gasto_moviles_decil_7,promedio ponderado trimestral / 3; porcentaje = gasto mensual / ingreso mensual * 100,"{""anio"": 2024, ""decil"": 7, ""hogares_expandidos"": 3418089}","{'gasto_mensual': 442, 'gasto_pct_ingreso': 1.7}",pesos mensuales y porcentaje,1
A.10,gasto_moviles_decil_8,promedio ponderado trimestral / 3; porcentaje = gasto mensual / ingreso mensual * 100,"{""anio"": 2024, ""decil"": 8, ""hogares_expandidos"": 3480719}","{'gasto_mensual': 523, 'gasto_pct_ingreso': 1.6}",pesos mensuales y porcentaje,1
A.10,gasto_moviles_decil_9,promedio ponderado trimestral / 3; porcentaje = gasto mensual / ingreso mensual * 100,"{""anio"": 2024, ""decil"": 9, ""hogares_expandidos"": 3530963}","{'gasto_mensual': 630, 'gasto_pct_ingreso': 1.5}",pesos mensuales y porcentaje,1
A.10,gasto_moviles_decil_10,promedio ponderado trimestral / 3; porcentaje = gasto mensual / ingreso mensual * 100,"{""anio"": 2024, ""decil"": 10, ""hogares_expandidos"": 3537493}","{'gasto_mensual': 948, 'gasto_pct_ingreso': 1.2}",pesos mensuales y porcentaje,1
B.1,total_hogares,suma(FAC_HOG),"{""dominio"": ""Nacional""}",39677498,hogares,0
B.1,total_Tres servicios,suma(FAC_HOG donde se cumple la combinación) / suma(FAC_HOG) * 100,"{""anio"": 2025, ""dominio"": ""Nacional"", ""hogares_expandidos"": 6124737}",15.436298427889783,porcentaje,1
B.1,total_Dos servicios,suma(FAC_HOG donde se cumple la combinación) / suma(FAC_HOG) * 100,"{""anio"": 2025, ""dominio"": ""Nacional"", ""hogares_expandidos"": 12066255}",30.410826307646715,porcentaje,1
B.1,total_Un servicio,suma(FAC_HOG donde se cumple la combinación) / suma(FAC_HOG) * 100,"{""anio"": 2025, ""dominio"": ""Nacional"", ""hogares_expandidos"": 13473482}",33.957488952554414,porcentaje,1
B.1,total_Ninguno,suma(FAC_HOG donde se cumple la combinación) / suma(FAC_HOG) * 100,"{""anio"": 2025, ""dominio"": ""Nacional"", ""hogares_expandidos"": 8013024}",20.195386311909083,porcentaje,1
B.1,un_servicio_Solo TV Restringida,suma(FAC_HOG donde se cumple la combinación) / suma(FAC_HOG) * 100,"{""anio"": 2025, ""dominio"": ""Nacional"", ""hogares_expandidos"": 1231664}",3.104187668284931,porcentaje,1
B.1,un_servicio_Solo Telefonía,suma(FAC_HOG donde se cumple la combinación) / suma(FAC_HOG) * 100,"{""anio"": 2025, ""dominio"": ""Nacional"", ""hogares_expandidos"": 325253}",0.8197417085119632,porcentaje,1
B.1,un_servicio_Solo Internet,suma(FAC_HOG donde se cumple la combinación) / suma(FAC_HOG) * 100,"{""anio"": 2025, ""dominio"": ""Nacional"", ""hogares_expandidos"": 11916565}",30.033559575757522,porcentaje,1
B.1,dos_servicios_Internet + Telefonía,suma(FAC_HOG donde se cumple la combinación) / suma(FAC_HOG) * 100,"{""anio"": 2025, ""dominio"": ""Nacional"", ""hogares_expandidos"": 6809336}",17.161707121754503,porcentaje,1
B.1,dos_servicios_TV Restringida + Internet,suma(FAC_HOG donde se cumple la combinación) / suma(FAC_HOG) * 100,"{""anio"": 2025, ""dominio"": ""Nacional"", ""hogares_expandidos"": 5128072}",12.924383488091914,porcentaje,1
B.1,dos_servicios_TV Restringida + Telefonía,suma(FAC_HOG donde se cumple la combinación) / suma(FAC_HOG) * 100,"{""anio"": 2025, ""dominio"": ""Nacional"", ""hogares_expandidos"": 128847}",0.32473569780029976,porcentaje,1
B.2,total_hogares,suma(FAC_HOG),"{""dominio"": ""R""}",8054749,hogares,0
B.2,total_Tres servicios,suma(FAC_HOG donde se cumple la combinación) / suma(FAC_HOG) * 100,"{""anio"": 2025, ""dominio"": ""R"", ""hogares_expandidos"": 205193}",2.5474785123658106,porcentaje,1
B.2,total_Dos servicios,suma(FAC_HOG donde se cumple la combinación) / suma(FAC_HOG) * 100,"{""anio"": 2025, ""dominio"": ""R"", ""hogares_expandidos"": 1129827}",14.026843046257556,porcentaje,1
B.2,total_Un servicio,suma(FAC_HOG donde se cumple la combinación) / suma(FAC_HOG) * 100,"{""anio"": 2025, ""dominio"": ""R"", ""hogares_expandidos"": 3602772}",44.72854461386693,porcentaje,1
B.2,total_Ninguno,suma(FAC_HOG donde se cumple la combinación) / suma(FAC_HOG) * 100,"{""anio"": 2025, ""dominio"": ""R"", ""hogares_expandidos"": 3116957}",38.69713382750971,porcentaje,1
B.2,un_servicio_Solo TV Restringida,suma(FAC_HOG donde se cumple la combinación) / suma(FAC_HOG) * 100,"{""anio"": 2025, ""dominio"": ""R"", ""hogares_expandidos"": 632417}",7.851479915761497,porcentaje,1
B.2,un_servicio_Solo Telefonía,suma(FAC_HOG donde se cumple la combinación) / suma(FAC_HOG) * 100,"{""anio"": 2025, ""dominio"": ""R"", ""hogares_expandidos"": 57570}",0.7147336310541769,porcentaje,1
B.2,un_servicio_Solo Internet,suma(FAC_HOG donde se cumple la combinación) / suma(FAC_HOG) * 100,"{""anio"": 2025, ""dominio"": ""R"", ""hogares_expandidos"": 2912785}",36.16233106705125,porcentaje,1
B.2,dos_servicios_Internet + Telefonía,suma(FAC_HOG donde se cumple la combinación) / suma(FAC_HOG) * 100,"{""anio"": 2025, ""dominio"": ""R"", ""hogares_expandidos"": 308195}",3.826252065706827,porcentaje,1
B.2,dos_servicios_TV Restringida + Internet,suma(FAC_HOG donde se cumple la combinación) / suma(FAC_HOG) * 100,"{""anio"": 2025, ""dominio"": ""R"", ""hogares_expandidos"": 786147}",9.760043422830432,porcentaje,1
B.2,dos_servicios_TV Restringida + Telefonía,suma(FAC_HOG donde se cumple la combinación) / suma(FAC_HOG) * 100,"{""anio"": 2025, ""dominio"": ""R"", ""hogares_expandidos"": 35485}",0.4405475577202964,porcentaje,1
B.3,total_hogares,suma(FAC_HOG),"{""dominio"": ""U""}",31622749,hogares,0
B.3,total_Tres servicios,suma(FAC_HOG donde se cumple la combinación) / suma(FAC_HOG) * 100,"{""anio"": 2025, ""dominio"": ""U"", ""hogares_expandidos"": 5919544}",18.7192580885362,porcentaje,1
B.3,total_Dos servicios,suma(FAC_HOG donde se cumple la combinación) / suma(FAC_HOG) * 100,"{""anio"": 2025, ""dominio"": ""U"", ""hogares_expandidos"": 10936428}",34.584052132849045,porcentaje,1
B.3,total_Un servicio,suma(FAC_HOG donde se cumple la combinación) / suma(FAC_HOG) * 100,"{""anio"": 2025, ""dominio"": ""U"", ""hogares_expandidos"": 9870710}",31.213952967846026,porcentaje,1
B.3,total_Ninguno,suma(FAC_HOG donde se cumple la combinación) / suma(FAC_HOG) * 100,"{""anio"": 2025, ""dominio"": ""U"", ""hogares_expandidos"": 4896067}",15.48273681076873,porcentaje,1
B.3,un_servicio_Solo TV Restringida,suma(FAC_HOG donde se cumple la combinación) / suma(FAC_HOG) * 100,"{""anio"": 2025, ""dominio"": ""U"", ""hogares_expandidos"": 599247}",1.8949870550469854,porcentaje,1
B.3,un_servicio_Solo Telefonía,suma(FAC_HOG donde se cumple la combinación) / suma(FAC_HOG) * 100,"{""anio"": 2025, ""dominio"": ""U"", ""hogares_expandidos"": 267683}",0.8464887097576494,porcentaje,1
B.3,un_servicio_Solo Internet,suma(FAC_HOG donde se cumple la combinación) / suma(FAC_HOG) * 100,"{""anio"": 2025, ""dominio"": ""U"", ""hogares_expandidos"": 9003780}",28.47247720304139,porcentaje,1
B.3,dos_servicios_Internet + Telefonía,suma(FAC_HOG donde se cumple la combinación) / suma(FAC_HOG) * 100,"{""anio"": 2025, ""dominio"": ""U"", ""hogares_expandidos"": 6501141}",20.558430894164196,porcentaje,1
B.3,dos_servicios_TV Restringida + Internet,suma(FAC_HOG donde se cumple la combinación) / suma(FAC_HOG) * 100,"{""anio"": 2025, ""dominio"": ""U"", ""hogares_expandidos"": 4341925}",13.730384414081144,porcentaje,1
B.3,dos_servicios_TV Restringida + Telefonía,suma(FAC_HOG donde se cumple la combinación) / suma(FAC_HOG) * 100,"{""anio"": 2025, ""dominio"": ""U"", ""hogares_expandidos"": 93362}",0.2952368246037054,porcentaje,1
B.4,valor_ultimo_periodo,selección del último diciembre disponible y aplicación de la fórmula de la figura,"{""periodo"": ""2024-12"", ""filas"": 25}",31361393.0,valor de la figura,2
B.5,valor_ultimo_periodo,selección del último diciembre disponible y aplicación de la fórmula de la figura,"{""periodo"": ""2024-12"", ""filas"": 54}",80.0,valor de la figura,2
B.6,valor_01,indicador estatal conforme a la fuente y denominador declarados,"{""entidad"": ""Aguascalientes"", ""periodo_bit"": ""2024-12""}",56.0,por cada 100,0
B.6,valor_02,indicador estatal conforme a la fuente y denominador declarados,"{""entidad"": ""Baja California"", ""periodo_bit"": ""2024-12""}",79.0,por cada 100,0
B.6,valor_03,indicador estatal conforme a la fuente y denominador declarados,"{""entidad"": ""Baja California Sur"", ""periodo_bit"": ""2024-12""}",54.0,por cada 100,0
B.6,valor_04,indicador estatal conforme a la fuente y denominador declarados,"{""entidad"": ""Campeche"", ""periodo_bit"": ""2024-12""}",42.0,por cada 100,0
B.6,valor_05,indicador estatal conforme a la fuente y denominador declarados,"{""entidad"": ""Coahuila de Zaragoza"", ""periodo_bit"": ""2024-12""}",65.0,por cada 100,0
B.6,valor_06,indicador estatal conforme a la fuente y denominador declarados,"{""entidad"": ""Colima"", ""periodo_bit"": ""2024-12""}",61.0,por cada 100,0
B.6,valor_07,indicador estatal conforme a la fuente y denominador declarados,"{""entidad"": ""Chiapas"", ""periodo_bit"": ""2024-12""}",20.0,por cada 100,0
B.6,valor_08,indicador estatal conforme a la fuente y denominador declarados,"{""entidad"": ""Chihuahua"", ""periodo_bit"": ""2024-12""}",64.0,por cada 100,0
B.6,valor_09,indicador estatal conforme a la fuente y denominador declarados,"{""entidad"": ""Ciudad de México"", ""periodo_bit"": ""2024-12""}",87.0,por cada 100,0
B.6,valor_10,indicador estatal conforme a la fuente y denominador declarados,"{""entidad"": ""Durango"", ""periodo_bit"": ""2024-12""}",46.0,por cada 100,0
B.6,valor_11,indicador estatal conforme a la fuente y denominador declarados,"{""entidad"": ""Guanajuato"", ""periodo_bit"": ""2024-12""}",51.0,por cada 100,0
B.6,valor_12,indicador estatal conforme a la fuente y denominador declarados,"{""entidad"": ""Guerrero"", ""periodo_bit"": ""2024-12""}",36.0,por cada 100,0
B.6,valor_13,indicador estatal conforme a la fuente y denominador declarados,"{""entidad"": ""Hidalgo"", ""periodo_bit"": ""2024-12""}",34.0,por cada 100,0
B.6,valor_14,indicador estatal conforme a la fuente y denominador declarados,"{""entidad"": ""Jalisco"", ""periodo_bit"": ""2024-12""}",68.0,por cada 100,0
B.6,valor_15,indicador estatal conforme a la fuente y denominador declarados,"{""entidad"": ""México"", ""periodo_bit"": ""2024-12""}",69.0,por cada 100,0
B.6,valor_16,indicador estatal conforme a la fuente y denominador declarados,"{""entidad"": ""Michoacán de Ocampo"", ""periodo_bit"": ""2024-12""}",35.0,por cada 100,0
B.6,valor_17,indicador estatal conforme a la fuente y denominador declarados,"{""entidad"": ""Morelos"", ""periodo_bit"": ""2024-12""}",68.0,por cada 100,0
B.6,valor_18,indicador estatal conforme a la fuente y denominador declarados,"{""entidad"": ""Nayarit"", ""periodo_bit"": ""2024-12""}",46.0,por cada 100,0
B.6,valor_19,indicador estatal conforme a la fuente y denominador declarados,"{""entidad"": ""Nuevo León"", ""periodo_bit"": ""2024-12""}",79.0,por cada 100,0
B.6,valor_20,indicador estatal conforme a la fuente y denominador declarados,"{""entidad"": ""Oaxaca"", ""periodo_bit"": ""2024-12""}",22.0,por cada 100,0
B.6,valor_21,indicador estatal conforme a la fuente y denominador declarados,"{""entidad"": ""Puebla"", ""periodo_bit"": ""2024-12""}",47.0,por cada 100,0
B.6,valor_22,indicador estatal conforme a la fuente y denominador declarados,"{""entidad"": ""Querétaro"", ""periodo_bit"": ""2024-12""}",64.0,por cada 100,0
B.6,valor_23,indicador estatal conforme a la fuente y denominador declarados,"{""entidad"": ""Quintana Roo"", ""periodo_bit"": ""2024-12""}",51.0,por cada 100,0
B.6,valor_24,indicador estatal conforme a la fuente y denominador declarados,"{""entidad"": ""San Luis Potosí"", ""periodo_bit"": ""2024-12""}",48.0,por cada 100,0
B.6,valor_25,indicador estatal conforme a la fuente y denominador declarados,"{""entidad"": ""Sinaloa"", ""periodo_bit"": ""2024-12""}",56.0,por cada 100,0
B.6,valor_26,indicador estatal conforme a la fuente y denominador declarados,"{""entidad"": ""Sonora"", ""periodo_bit"": ""2024-12""}",55.0,por cada 100,0
B.6,valor_27,indicador estatal conforme a la fuente y denominador declarados,"{""entidad"": ""Tabasco"", ""periodo_bit"": ""2024-12""}",25.0,por cada 100,0
B.6,valor_28,indicador estatal conforme a la fuente y denominador declarados,"{""entidad"": ""Tamaulipas"", ""periodo_bit"": ""2024-12""}",59.0,por cada 100,0
B.6,valor_29,indicador estatal conforme a la fuente y denominador declarados,"{""entidad"": ""Tlaxcala"", ""periodo_bit"": ""2024-12""}",43.0,por cada 100,0
B.6,valor_30,indicador estatal conforme a la fuente y denominador declarados,"{""entidad"": ""Veracruz de Ignacio de la Llave"", ""periodo_bit"": ""2024-12""}",39.0,por cada 100,0
B.6,valor_31,indicador estatal conforme a la fuente y denominador declarados,"{""entidad"": ""Yucatán"", ""periodo_bit"": ""2024-12""}",44.0,por cada 100,0
B.6,valor_32,indicador estatal conforme a la fuente y denominador declarados,"{""entidad"": ""Zacatecas"", ""periodo_bit"": ""2024-12""}",36.0,por cada 100,0
B.6,valor_ultimo_periodo,selección del último diciembre disponible y aplicación de la fórmula de la figura,"{""periodo"": ""2024-12"", ""filas"": 32}",56.0,valor de la figura,2
B.7,valor_01,indicador estatal conforme a la fuente y denominador declarados,"{""entidad"": ""Aguascalientes"", ""periodo_bit"": ""2024-12""}",151.0,por cada 100,0
B.7,valor_02,indicador estatal conforme a la fuente y denominador declarados,"{""entidad"": ""Baja California"", ""periodo_bit"": ""2024-12""}",160.0,por cada 100,0
B.7,valor_03,indicador estatal conforme a la fuente y denominador declarados,"{""entidad"": ""Baja California Sur"", ""periodo_bit"": ""2024-12""}",101.0,por cada 100,0
B.7,valor_04,indicador estatal conforme a la fuente y denominador declarados,"{""entidad"": ""Campeche"", ""periodo_bit"": ""2024-12""}",77.0,por cada 100,0
B.7,valor_05,indicador estatal conforme a la fuente y denominador declarados,"{""entidad"": ""Coahuila de Zaragoza"", ""periodo_bit"": ""2024-12""}",144.0,por cada 100,0
B.7,valor_06,indicador estatal conforme a la fuente y denominador declarados,"{""entidad"": ""Colima"", ""periodo_bit"": ""2024-12""}",77.0,por cada 100,0
B.7,valor_07,indicador estatal conforme a la fuente y denominador declarados,"{""entidad"": ""Chiapas"", ""periodo_bit"": ""2024-12""}",35.0,por cada 100,0
B.7,valor_08,indicador estatal conforme a la fuente y denominador declarados,"{""entidad"": ""Chihuahua"", ""periodo_bit"": ""2024-12""}",126.0,por cada 100,0
B.7,valor_09,indicador estatal conforme a la fuente y denominador declarados,"{""entidad"": ""Ciudad de México"", ""periodo_bit"": ""2024-12""}",630.0,por cada 100,0
B.7,valor_10,indicador estatal conforme a la fuente y denominador declarados,"{""entidad"": ""Durango"", ""periodo_bit"": ""2024-12""}",73.0,por cada 100,0
B.7,valor_11,indicador estatal conforme a la fuente y denominador declarados,"{""entidad"": ""Guanajuato"", ""periodo_bit"": ""2024-12""}",86.0,por cada 100,0
B.7,valor_12,indicador estatal conforme a la fuente y denominador declarados,"{""entidad"": ""Guerrero"", ""periodo_bit"": ""2024-12""}",35.0,por cada 100,0
B.7,valor_13,indicador estatal conforme a la fuente y denominador declarados,"{""entidad"": ""Hidalgo"", ""periodo_bit"": ""2024-12""}",56.0,por cada 100,0
B.7,valor_14,indicador estatal conforme a la fuente y denominador declarados,"{""entidad"": ""Jalisco"", ""periodo_bit"": ""2024-12""}",148.0,por cada 100,0
B.7,valor_15,indicador estatal conforme a la fuente y denominador declarados,"{""entidad"": ""México"", ""periodo_bit"": ""2024-12""}",91.0,por cada 100,0
B.7,valor_16,indicador estatal conforme a la fuente y denominador declarados,"{""entidad"": ""Michoacán de Ocampo"", ""periodo_bit"": ""2024-12""}",40.0,por cada 100,0
B.7,valor_17,indicador estatal conforme a la fuente y denominador declarados,"{""entidad"": ""Morelos"", ""periodo_bit"": ""2024-12""}",75.0,por cada 100,0
B.7,valor_18,indicador estatal conforme a la fuente y denominador declarados,"{""entidad"": ""Nayarit"", ""periodo_bit"": ""2024-12""}",69.0,por cada 100,0
B.7,valor_19,indicador estatal conforme a la fuente y denominador declarados,"{""entidad"": ""Nuevo León"", ""periodo_bit"": ""2024-12""}",516.0,por cada 100,0
B.7,valor_20,indicador estatal conforme a la fuente y denominador declarados,"{""entidad"": ""Oaxaca"", ""periodo_bit"": ""2024-12""}",28.0,por cada 100,0
B.7,valor_21,indicador estatal conforme a la fuente y denominador declarados,"{""entidad"": ""Puebla"", ""periodo_bit"": ""2024-12""}",58.0,por cada 100,0
B.7,valor_22,indicador estatal conforme a la fuente y denominador declarados,"{""entidad"": ""Querétaro"", ""periodo_bit"": ""2024-12""}",166.0,por cada 100,0
B.7,valor_23,indicador estatal conforme a la fuente y denominador declarados,"{""entidad"": ""Quintana Roo"", ""periodo_bit"": ""2024-12""}",155.0,por cada 100,0
B.7,valor_24,indicador estatal conforme a la fuente y denominador declarados,"{""entidad"": ""San Luis Potosí"", ""periodo_bit"": ""2024-12""}",93.0,por cada 100,0
B.7,valor_25,indicador estatal conforme a la fuente y denominador declarados,"{""entidad"": ""Sinaloa"", ""periodo_bit"": ""2024-12""}",136.0,por cada 100,0
B.7,valor_26,indicador estatal conforme a la fuente y denominador declarados,"{""entidad"": ""Sonora"", ""periodo_bit"": ""2024-12""}",116.0,por cada 100,0
B.7,valor_27,indicador estatal conforme a la fuente y denominador declarados,"{""entidad"": ""Tabasco"", ""periodo_bit"": ""2024-12""}",55.0,por cada 100,0
B.7,valor_28,indicador estatal conforme a la fuente y denominador declarados,"{""entidad"": ""Tamaulipas"", ""periodo_bit"": ""2024-12""}",118.0,por cada 100,0
B.7,valor_29,indicador estatal conforme a la fuente y denominador declarados,"{""entidad"": ""Tlaxcala"", ""periodo_bit"": ""2024-12""}",44.0,por cada 100,0
B.7,valor_30,indicador estatal conforme a la fuente y denominador declarados,"{""entidad"": ""Veracruz de Ignacio de la Llave"", ""periodo_bit"": ""2024-12""}",62.0,por cada 100,0
B.7,valor_31,indicador estatal conforme a la fuente y denominador declarados,"{""entidad"": ""Yucatán"", ""periodo_bit"": ""2024-12""}",73.0,por cada 100,0
B.7,valor_32,indicador estatal conforme a la fuente y denominador declarados,"{""entidad"": ""Zacatecas"", ""periodo_bit"": ""2024-12""}",50.0,por cada 100,0
B.7,valor_ultimo_periodo,selección del último diciembre disponible y aplicación de la fórmula de la figura,"{""periodo"": ""2024-12"", ""filas"": 32}",160.0,valor de la figura,2
B.8,valor_ultimo_periodo,selección del último diciembre disponible y aplicación de la fórmula de la figura,"{""periodo"": ""2024-12"", ""filas"": 25}",938.0571,valor de la figura,2
B.9,valor_ultimo_periodo,selección del último diciembre disponible y aplicación de la fórmula de la figura,"{""periodo"": ""2024-12"", ""filas"": 12}",32.4,valor de la figura,2
B.10,valor_ultimo_periodo,selección del último diciembre disponible y aplicación de la fórmula de la figura,"{""periodo"": ""2024-12"", ""filas"": 12}",2519.0,valor de la figura,2
B.11,valor_ultimo_periodo,selección del último diciembre disponible y aplicación de la fórmula de la figura,"{""periodo"": ""2024-12"", ""filas"": 25}",29003240.0,valor de la figura,2
B.12,valor_ultimo_periodo,selección del último diciembre disponible y aplicación de la fórmula de la figura,"{""periodo"": ""2024-12"", ""filas"": 25}",74.0,valor de la figura,2
B.13,valor_01,indicador estatal conforme a la fuente y denominador declarados,"{""entidad"": ""Aguascalientes"", ""periodo_bit"": ""2024-12"", ""numerador"": 288268.0, ""denominador"": ""443286""}",65.0298,por cada 100,0
B.13,valor_02,indicador estatal conforme a la fuente y denominador declarados,"{""entidad"": ""Baja California"", ""periodo_bit"": ""2024-12"", ""numerador"": 1148326.0, ""denominador"": ""1152629""}",99.6267,por cada 100,0
B.13,valor_03,indicador estatal conforme a la fuente y denominador declarados,"{""entidad"": ""Baja California Sur"", ""periodo_bit"": ""2024-12"", ""numerador"": 215295.0, ""denominador"": ""279970""}",76.8993,por cada 100,0
B.13,valor_04,indicador estatal conforme a la fuente y denominador declarados,"{""entidad"": ""Campeche"", ""periodo_bit"": ""2024-12"", ""numerador"": 141912.0, ""denominador"": ""273035""}",51.9758,por cada 100,0
B.13,valor_05,indicador estatal conforme a la fuente y denominador declarados,"{""entidad"": ""Coahuila de Zaragoza"", ""periodo_bit"": ""2024-12"", ""numerador"": 756694.0, ""denominador"": ""1039759""}",72.7759,por cada 100,0
B.13,valor_06,indicador estatal conforme a la fuente y denominador declarados,"{""entidad"": ""Colima"", ""periodo_bit"": ""2024-12"", ""numerador"": 188101.0, ""denominador"": ""244969""}",76.7856,por cada 100,0
B.13,valor_07,indicador estatal conforme a la fuente y denominador declarados,"{""entidad"": ""Chiapas"", ""periodo_bit"": ""2024-12"", ""numerador"": 375721.0, ""denominador"": ""1614575""}",23.2706,por cada 100,0
B.13,valor_08,indicador estatal conforme a la fuente y denominador declarados,"{""entidad"": ""Chihuahua"", ""periodo_bit"": ""2024-12"", ""numerador"": 864831.0, ""denominador"": ""1298473""}",66.6037,por cada 100,0
B.13,valor_09,indicador estatal conforme a la fuente y denominador declarados,"{""entidad"": ""Ciudad de México"", ""periodo_bit"": ""2024-12"", ""numerador"": 2874257.0, ""denominador"": ""3185701""}",90.2237,por cada 100,0
B.13,valor_10,indicador estatal conforme a la fuente y denominador declarados,"{""entidad"": ""Durango"", ""periodo_bit"": ""2024-12"", ""numerador"": 293153.0, ""denominador"": ""573793""}",51.0904,por cada 100,0
B.13,valor_11,indicador estatal conforme a la fuente y denominador declarados,"{""entidad"": ""Guanajuato"", ""periodo_bit"": ""2024-12"", ""numerador"": 1098510.0, ""denominador"": ""1823041""}",60.257,por cada 100,0
B.13,valor_12,indicador estatal conforme a la fuente y denominador declarados,"{""entidad"": ""Guerrero"", ""periodo_bit"": ""2024-12"", ""numerador"": 458530.0, ""denominador"": ""1042451""}",43.9858,por cada 100,0
B.13,valor_13,indicador estatal conforme a la fuente y denominador declarados,"{""entidad"": ""Hidalgo"", ""periodo_bit"": ""2024-12"", ""numerador"": 369676.0, ""denominador"": ""1032316""}",35.8104,por cada 100,0
B.13,valor_14,indicador estatal conforme a la fuente y denominador declarados,"{""entidad"": ""Jalisco"", ""periodo_bit"": ""2024-12"", ""numerador"": 2047358.0, ""denominador"": ""2619388""}",78.1617,por cada 100,0
B.13,valor_15,indicador estatal conforme a la fuente y denominador declarados,"{""entidad"": ""México"", ""periodo_bit"": ""2024-12"", ""numerador"": 3831529.0, ""denominador"": ""5103570""}",75.0755,por cada 100,0
B.13,valor_16,indicador estatal conforme a la fuente y denominador declarados,"{""entidad"": ""Michoacán de Ocampo"", ""periodo_bit"": ""2024-12"", ""numerador"": 648469.0, ""denominador"": ""1514988""}",42.8036,por cada 100,0
B.13,valor_17,indicador estatal conforme a la fuente y denominador declarados,"{""entidad"": ""Morelos"", ""periodo_bit"": ""2024-12"", ""numerador"": 490965.0, ""denominador"": ""641658""}",76.5151,por cada 100,0
B.13,valor_18,indicador estatal conforme a la fuente y denominador declarados,"{""entidad"": ""Nayarit"", ""periodo_bit"": ""2024-12"", ""numerador"": 239040.0, ""denominador"": ""411747""}",58.0551,por cada 100,0
B.13,valor_19,indicador estatal conforme a la fuente y denominador declarados,"{""entidad"": ""Nuevo León"", ""periodo_bit"": ""2024-12"", ""numerador"": 1639128.0, ""denominador"": ""1849759""}",88.6131,por cada 100,0
B.13,valor_20,indicador estatal conforme a la fuente y denominador declarados,"{""entidad"": ""Oaxaca"", ""periodo_bit"": ""2024-12"", ""numerador"": 338047.0, ""denominador"": ""1248580""}",27.0745,por cada 100,0
B.13,valor_21,indicador estatal conforme a la fuente y denominador declarados,"{""entidad"": ""Puebla"", ""periodo_bit"": ""2024-12"", ""numerador"": 1078496.0, ""denominador"": ""1821378""}",59.2132,por cada 100,0
B.13,valor_22,indicador estatal conforme a la fuente y denominador declarados,"{""entidad"": ""Querétaro"", ""periodo_bit"": ""2024-12"", ""numerador"": 596819.0, ""denominador"": ""787078""}",75.8272,por cada 100,0
B.13,valor_23,indicador estatal conforme a la fuente y denominador declarados,"{""entidad"": ""Quintana Roo"", ""periodo_bit"": ""2024-12"", ""numerador"": 383113.0, ""denominador"": ""636148""}",60.2239,por cada 100,0
B.13,valor_24,indicador estatal conforme a la fuente y denominador declarados,"{""entidad"": ""San Luis Potosí"", ""periodo_bit"": ""2024-12"", ""numerador"": 440320.0, ""denominador"": ""867384""}",50.7641,por cada 100,0
B.13,valor_25,indicador estatal conforme a la fuente y denominador declarados,"{""entidad"": ""Sinaloa"", ""periodo_bit"": ""2024-12"", ""numerador"": 674611.0, ""denominador"": ""950330""}",70.987,por cada 100,0
B.13,valor_26,indicador estatal conforme a la fuente y denominador declarados,"{""entidad"": ""Sonora"", ""periodo_bit"": ""2024-12"", ""numerador"": 722075.0, ""denominador"": ""976958""}",73.9105,por cada 100,0
B.13,valor_27,indicador estatal conforme a la fuente y denominador declarados,"{""entidad"": ""Tabasco"", ""periodo_bit"": ""2024-12"", ""numerador"": 251280.0, ""denominador"": ""778428""}",32.2804,por cada 100,0
B.13,valor_28,indicador estatal conforme a la fuente y denominador declarados,"{""entidad"": ""Tamaulipas"", ""periodo_bit"": ""2024-12"", ""numerador"": 764464.0, ""denominador"": ""1133137""}",67.4644,por cada 100,0
B.13,valor_29,indicador estatal conforme a la fuente y denominador declarados,"{""entidad"": ""Tlaxcala"", ""periodo_bit"": ""2024-12"", ""numerador"": 226812.0, ""denominador"": ""408004""}",55.5906,por cada 100,0
B.13,valor_30,indicador estatal conforme a la fuente y denominador declarados,"{""entidad"": ""Veracruz de Ignacio de la Llave"", ""periodo_bit"": ""2024-12"", ""numerador"": 1247840.0, ""denominador"": ""2696597""}",46.2746,por cada 100,0
B.13,valor_31,indicador estatal conforme a la fuente y denominador declarados,"{""entidad"": ""Yucatán"", ""periodo_bit"": ""2024-12"", ""numerador"": 383306.0, ""denominador"": ""715497""}",53.572,por cada 100,0
B.13,valor_32,indicador estatal conforme a la fuente y denominador declarados,"{""entidad"": ""Zacatecas"", ""periodo_bit"": ""2024-12"", ""numerador"": 202187.0, ""denominador"": ""512871""}",39.4226,por cada 100,0
B.13,valor_ultimo_periodo,selección del último diciembre disponible y aplicación de la fórmula de la figura,"{""periodo"": ""2024-12"", ""filas"": 32}",63.7115,valor de la figura,2
B.14,valor_01,indicador estatal conforme a la fuente y denominador declarados,"{""entidad"": ""Aguascalientes"", ""periodo_bit"": ""2024-12"", ""numerador"": 38546.0, ""denominador"": ""61782""}",62.3903,por cada 100,0
B.14,valor_02,indicador estatal conforme a la fuente y denominador declarados,"{""entidad"": ""Baja California"", ""periodo_bit"": ""2024-12"", ""numerador"": 109795.0, ""denominador"": ""126887""}",86.5297,por cada 100,0
B.14,valor_03,indicador estatal conforme a la fuente y denominador declarados,"{""entidad"": ""Baja California Sur"", ""periodo_bit"": ""2024-12"", ""numerador"": 30001.0, ""denominador"": ""35948""}",83.4567,por cada 100,0
B.14,valor_04,indicador estatal conforme a la fuente y denominador declarados,"{""entidad"": ""Campeche"", ""periodo_bit"": ""2024-12"", ""numerador"": 15134.0, ""denominador"": ""41783""}",36.2205,por cada 100,0
B.14,valor_05,indicador estatal conforme a la fuente y denominador declarados,"{""entidad"": ""Coahuila de Zaragoza"", ""periodo_bit"": ""2024-12"", ""numerador"": 59326.0, ""denominador"": ""114677""}",51.7331,por cada 100,0
B.14,valor_06,indicador estatal conforme a la fuente y denominador declarados,"{""entidad"": ""Colima"", ""periodo_bit"": ""2024-12"", ""numerador"": 15457.0, ""denominador"": ""38633""}",40.0098,por cada 100,0
B.14,valor_07,indicador estatal conforme a la fuente y denominador declarados,"{""entidad"": ""Chiapas"", ""periodo_bit"": ""2024-12"", ""numerador"": 43928.0, ""denominador"": ""219382""}",20.0235,por cada 100,0
B.14,valor_08,indicador estatal conforme a la fuente y denominador declarados,"{""entidad"": ""Chihuahua"", ""periodo_bit"": ""2024-12"", ""numerador"": 70386.0, ""denominador"": ""129018""}",54.5552,por cada 100,0
B.14,valor_09,indicador estatal conforme a la fuente y denominador declarados,"{""entidad"": ""Ciudad de México"", ""periodo_bit"": ""2024-12"", ""numerador"": 370451.0, ""denominador"": ""475331""}",77.9354,por cada 100,0
B.14,valor_10,indicador estatal conforme a la fuente y denominador declarados,"{""entidad"": ""Durango"", ""periodo_bit"": ""2024-12"", ""numerador"": 18419.0, ""denominador"": ""66950""}",27.5116,por cada 100,0
B.14,valor_11,indicador estatal conforme a la fuente y denominador declarados,"{""entidad"": ""Guanajuato"", ""periodo_bit"": ""2024-12"", ""numerador"": 93891.0, ""denominador"": ""272658""}",34.4354,por cada 100,0
B.14,valor_12,indicador estatal conforme a la fuente y denominador declarados,"{""entidad"": ""Guerrero"", ""periodo_bit"": ""2024-12"", ""numerador"": 41078.0, ""denominador"": ""169680""}",24.2091,por cada 100,0
B.14,valor_13,indicador estatal conforme a la fuente y denominador declarados,"{""entidad"": ""Hidalgo"", ""periodo_bit"": ""2024-12"", ""numerador"": 42440.0, ""denominador"": ""139511""}",30.4205,por cada 100,0
B.14,valor_14,indicador estatal conforme a la fuente y denominador declarados,"{""entidad"": ""Jalisco"", ""periodo_bit"": ""2024-12"", ""numerador"": 175570.0, ""denominador"": ""378713""}",46.3596,por cada 100,0
B.14,valor_15,indicador estatal conforme a la fuente y denominador declarados,"{""entidad"": ""México"", ""periodo_bit"": ""2024-12"", ""numerador"": 236785.0, ""denominador"": ""701444""}",33.7568,por cada 100,0
B.14,valor_16,indicador estatal conforme a la fuente y denominador declarados,"{""entidad"": ""Michoacán de Ocampo"", ""periodo_bit"": ""2024-12"", ""numerador"": 70758.0, ""denominador"": ""260596""}",27.1524,por cada 100,0
B.14,valor_17,indicador estatal conforme a la fuente y denominador declarados,"{""entidad"": ""Morelos"", ""periodo_bit"": ""2024-12"", ""numerador"": 44457.0, ""denominador"": ""111443""}",39.8921,por cada 100,0
B.14,valor_18,indicador estatal conforme a la fuente y denominador declarados,"{""entidad"": ""Nayarit"", ""periodo_bit"": ""2024-12"", ""numerador"": 19316.0, ""denominador"": ""66376""}",29.1009,por cada 100,0
B.14,valor_19,indicador estatal conforme a la fuente y denominador declarados,"{""entidad"": ""Nuevo León"", ""periodo_bit"": ""2024-12"", ""numerador"": 142213.0, ""denominador"": ""186665""}",76.1862,por cada 100,0
B.14,valor_20,indicador estatal conforme a la fuente y denominador declarados,"{""entidad"": ""Oaxaca"", ""periodo_bit"": ""2024-12"", ""numerador"": 42835.0, ""denominador"": ""251253""}",17.0486,por cada 100,0
B.14,valor_21,indicador estatal conforme a la fuente y denominador declarados,"{""entidad"": ""Puebla"", ""periodo_bit"": ""2024-12"", ""numerador"": 92470.0, ""denominador"": ""344346""}",26.8538,por cada 100,0
B.14,valor_22,indicador estatal conforme a la fuente y denominador declarados,"{""entidad"": ""Querétaro"", ""periodo_bit"": ""2024-12"", ""numerador"": 51137.0, ""denominador"": ""95156""}",53.7402,por cada 100,0
B.14,valor_23,indicador estatal conforme a la fuente y denominador declarados,"{""entidad"": ""Quintana Roo"", ""periodo_bit"": ""2024-12"", ""numerador"": 54260.0, ""denominador"": ""66549""}",81.5339,por cada 100,0
B.14,valor_24,indicador estatal conforme a la fuente y denominador declarados,"{""entidad"": ""San Luis Potosí"", ""periodo_bit"": ""2024-12"", ""numerador"": 38317.0, ""denominador"": ""113782""}",33.6758,por cada 100,0
B.14,valor_25,indicador estatal conforme a la fuente y denominador declarados,"{""entidad"": ""Sinaloa"", ""periodo_bit"": ""2024-12"", ""numerador"": 52066.0, ""denominador"": ""124105""}",41.9532,por cada 100,0
B.14,valor_26,indicador estatal conforme a la fuente y denominador declarados,"{""entidad"": ""Sonora"", ""periodo_bit"": ""2024-12"", ""numerador"": 58394.0, ""denominador"": ""118880""}",49.1201,por cada 100,0
B.14,valor_27,indicador estatal conforme a la fuente y denominador declarados,"{""entidad"": ""Tabasco"", ""periodo_bit"": ""2024-12"", ""numerador"": 29411.0, ""denominador"": ""86349""}",34.0606,por cada 100,0
B.14,valor_28,indicador estatal conforme a la fuente y denominador declarados,"{""entidad"": ""Tamaulipas"", ""periodo_bit"": ""2024-12"", ""numerador"": 70369.0, ""denominador"": ""133070""}",52.8812,por cada 100,0
B.14,valor_29,indicador estatal conforme a la fuente y denominador declarados,"{""entidad"": ""Tlaxcala"", ""periodo_bit"": ""2024-12"", ""numerador"": 17728.0, ""denominador"": ""82801""}",21.4104,por cada 100,0
B.14,valor_30,indicador estatal conforme a la fuente y denominador declarados,"{""entidad"": ""Veracruz de Ignacio de la Llave"", ""periodo_bit"": ""2024-12"", ""numerador"": 116444.0, ""denominador"": ""326979""}",35.6121,por cada 100,0
B.14,valor_31,indicador estatal conforme a la fuente y denominador declarados,"{""entidad"": ""Yucatán"", ""periodo_bit"": ""2024-12"", ""numerador"": 44508.0, ""denominador"": ""130829""}",34.02,por cada 100,0
B.14,valor_32,indicador estatal conforme a la fuente y denominador declarados,"{""entidad"": ""Zacatecas"", ""periodo_bit"": ""2024-12"", ""numerador"": 15966.0, ""denominador"": ""69500""}",22.9727,por cada 100,0
B.14,valor_ultimo_periodo,selección del último diciembre disponible y aplicación de la fórmula de la figura,"{""periodo"": ""2024-12"", ""filas"": 32}",41.9026,valor de la figura,2
B.15,valor_ultimo_periodo,selección del último diciembre disponible y aplicación de la fórmula de la figura,"{""periodo"": ""2024-12"", ""filas"": 12}",28764249.0,valor de la figura,2
B.16,valor_ultimo_periodo,selección del último diciembre disponible y aplicación de la fórmula de la figura,"{""periodo"": ""2024-12"", ""filas"": 5}",27627647.0,valor de la figura,2
B.17,valor_ultimo_periodo,selección del último diciembre disponible y aplicación de la fórmula de la figura,"{""periodo"": ""2024-12"", ""filas"": 12}",38.65,valor de la figura,2
B.18,valor_ultimo_periodo,selección del último diciembre disponible y aplicación de la fórmula de la figura,"{""periodo"": ""2024-12"", ""filas"": 12}",2591.0,valor de la figura,2
B.19,valor_ultimo_periodo,selección del último diciembre disponible y aplicación de la fórmula de la figura,"{""periodo"": ""2024-12"", ""filas"": 27}",21787954.0,valor de la figura,2
B.20,valor_ultimo_periodo,selección del último diciembre disponible y aplicación de la fórmula de la figura,"{""periodo"": ""2024-12"", ""filas"": 27}",56.0,valor de la figura,2
B.21,penetracion_01,accesos residenciales BIT / suma(FAC_HOG ENDUTIH) * 100,"{""entidad"": ""Aguascalientes"", ""periodo_bit"": ""2024-12"", ""anio_endutih"": 2025, ""accesos"": 304366.0, ""hogares"": 443286}",68.66131571942267,accesos por cada 100 hogares,0
B.21,penetracion_02,accesos residenciales BIT / suma(FAC_HOG ENDUTIH) * 100,"{""entidad"": ""Baja California"", ""periodo_bit"": ""2024-12"", ""anio_endutih"": 2025, ""accesos"": 786652.0, ""hogares"": 1152629}",68.24849973408617,accesos por cada 100 hogares,0
B.21,penetracion_03,accesos residenciales BIT / suma(FAC_HOG ENDUTIH) * 100,"{""entidad"": ""Baja California Sur"", ""periodo_bit"": ""2024-12"", ""anio_endutih"": 2025, ""accesos"": 173945.0, ""hogares"": 279970}",62.129871057613315,accesos por cada 100 hogares,0
B.21,penetracion_04,accesos residenciales BIT / suma(FAC_HOG ENDUTIH) * 100,"{""entidad"": ""Campeche"", ""periodo_bit"": ""2024-12"", ""anio_endutih"": 2025, ""accesos"": 116488.0, ""hogares"": 273035}",42.664127309685576,accesos por cada 100 hogares,0
B.21,penetracion_05,accesos residenciales BIT / suma(FAC_HOG ENDUTIH) * 100,"{""entidad"": ""Coahuila de Zaragoza"", ""periodo_bit"": ""2024-12"", ""anio_endutih"": 2025, ""accesos"": 531432.0, ""hogares"": 1039759}",51.111074777905266,accesos por cada 100 hogares,0
B.21,penetracion_06,accesos residenciales BIT / suma(FAC_HOG ENDUTIH) * 100,"{""entidad"": ""Colima"", ""periodo_bit"": ""2024-12"", ""anio_endutih"": 2025, ""accesos"": 132277.0, ""hogares"": 244969}",53.99744457461965,accesos por cada 100 hogares,0
B.21,penetracion_07,accesos residenciales BIT / suma(FAC_HOG ENDUTIH) * 100,"{""entidad"": ""Chiapas"", ""periodo_bit"": ""2024-12"", ""anio_endutih"": 2025, ""accesos"": 462675.0, ""hogares"": 1614575}",28.65614790269885,accesos por cada 100 hogares,0
B.21,penetracion_08,accesos residenciales BIT / suma(FAC_HOG ENDUTIH) * 100,"{""entidad"": ""Chihuahua"", ""periodo_bit"": ""2024-12"", ""anio_endutih"": 2025, ""accesos"": 575338.0, ""hogares"": 1298473}",44.30881504659704,accesos por cada 100 hogares,0
B.21,penetracion_09,accesos residenciales BIT / suma(FAC_HOG ENDUTIH) * 100,"{""entidad"": ""Ciudad de México"", ""periodo_bit"": ""2024-12"", ""anio_endutih"": 2025, ""accesos"": 1012357.0, ""hogares"": 3185701}",31.778154949256066,accesos por cada 100 hogares,0
B.21,penetracion_10,accesos residenciales BIT / suma(FAC_HOG ENDUTIH) * 100,"{""entidad"": ""Durango"", ""periodo_bit"": ""2024-12"", ""anio_endutih"": 2025, ""accesos"": 337202.0, ""hogares"": 573793}",58.76718607581479,accesos por cada 100 hogares,0
B.21,penetracion_11,accesos residenciales BIT / suma(FAC_HOG ENDUTIH) * 100,"{""entidad"": ""Guanajuato"", ""periodo_bit"": ""2024-12"", ""anio_endutih"": 2025, ""accesos"": 971644.0, ""hogares"": 1823041}",53.29797848759298,accesos por cada 100 hogares,0
B.21,penetracion_12,accesos residenciales BIT / suma(FAC_HOG ENDUTIH) * 100,"{""entidad"": ""Guerrero"", ""periodo_bit"": ""2024-12"", ""anio_endutih"": 2025, ""accesos"": 430610.0, ""hogares"": 1042451}",41.30745713707407,accesos por cada 100 hogares,0
B.21,penetracion_13,accesos residenciales BIT / suma(FAC_HOG ENDUTIH) * 100,"{""entidad"": ""Hidalgo"", ""periodo_bit"": ""2024-12"", ""anio_endutih"": 2025, ""accesos"": 399033.0, ""hogares"": 1032316}",38.65415241069595,accesos por cada 100 hogares,0
B.21,penetracion_14,accesos residenciales BIT / suma(FAC_HOG ENDUTIH) * 100,"{""entidad"": ""Jalisco"", ""periodo_bit"": ""2024-12"", ""anio_endutih"": 2025, ""accesos"": 1677342.0, ""hogares"": 2619388}",64.03564496745041,accesos por cada 100 hogares,0
B.21,penetracion_15,accesos residenciales BIT / suma(FAC_HOG ENDUTIH) * 100,"{""entidad"": ""México"", ""periodo_bit"": ""2024-12"", ""anio_endutih"": 2025, ""accesos"": 2315043.0, ""hogares"": 5103570}",45.36124712701109,accesos por cada 100 hogares,0
B.21,penetracion_16,accesos residenciales BIT / suma(FAC_HOG ENDUTIH) * 100,"{""entidad"": ""Michoacán de Ocampo"", ""periodo_bit"": ""2024-12"", ""anio_endutih"": 2025, ""accesos"": 816104.0, ""hogares"": 1514988}",53.86867750767663,accesos por cada 100 hogares,0
B.21,penetracion_17,accesos residenciales BIT / suma(FAC_HOG ENDUTIH) * 100,"{""entidad"": ""Morelos"", ""periodo_bit"": ""2024-12"", ""anio_endutih"": 2025, ""accesos"": 394645.0, ""hogares"": 641658}",61.50394758578558,accesos por cada 100 hogares,0
B.21,penetracion_18,accesos residenciales BIT / suma(FAC_HOG ENDUTIH) * 100,"{""entidad"": ""Nayarit"", ""periodo_bit"": ""2024-12"", ""anio_endutih"": 2025, ""accesos"": 212894.0, ""hogares"": 411747}",51.70505188865978,accesos por cada 100 hogares,0
B.21,penetracion_19,accesos residenciales BIT / suma(FAC_HOG ENDUTIH) * 100,"{""entidad"": ""Nuevo León"", ""periodo_bit"": ""2024-12"", ""anio_endutih"": 2025, ""accesos"": 1155754.0, ""hogares"": 1849759}",62.4813286487591,accesos por cada 100 hogares,0
B.21,penetracion_20,accesos residenciales BIT / suma(FAC_HOG ENDUTIH) * 100,"{""entidad"": ""Oaxaca"", ""periodo_bit"": ""2024-12"", ""anio_endutih"": 2025, ""accesos"": 416752.0, ""hogares"": 1248580}",33.378077496035495,accesos por cada 100 hogares,0
B.21,penetracion_21,accesos residenciales BIT / suma(FAC_HOG ENDUTIH) * 100,"{""entidad"": ""Puebla"", ""periodo_bit"": ""2024-12"", ""anio_endutih"": 2025, ""accesos"": 769921.0, ""hogares"": 1821378}",42.27134620051412,accesos por cada 100 hogares,0
B.21,penetracion_22,accesos residenciales BIT / suma(FAC_HOG ENDUTIH) * 100,"{""entidad"": ""Querétaro"", ""periodo_bit"": ""2024-12"", ""anio_endutih"": 2025, ""accesos"": 653116.0, ""hogares"": 787078}",82.97983173205196,accesos por cada 100 hogares,0
B.21,penetracion_23,accesos residenciales BIT / suma(FAC_HOG ENDUTIH) * 100,"{""entidad"": ""Quintana Roo"", ""periodo_bit"": ""2024-12"", ""anio_endutih"": 2025, ""accesos"": 277849.0, ""hogares"": 636148}",43.67678590516672,accesos por cada 100 hogares,0
B.21,penetracion_24,accesos residenciales BIT / suma(FAC_HOG ENDUTIH) * 100,"{""entidad"": ""San Luis Potosí"", ""periodo_bit"": ""2024-12"", ""anio_endutih"": 2025, ""accesos"": 446599.0, ""hogares"": 867384}",51.488037593499534,accesos por cada 100 hogares,0
B.21,penetracion_25,accesos residenciales BIT / suma(FAC_HOG ENDUTIH) * 100,"{""entidad"": ""Sinaloa"", ""periodo_bit"": ""2024-12"", ""anio_endutih"": 2025, ""accesos"": 630671.0, ""hogares"": 950330}",66.3633685140951,accesos por cada 100 hogares,0
B.21,penetracion_26,accesos residenciales BIT / suma(FAC_HOG ENDUTIH) * 100,"{""entidad"": ""Sonora"", ""periodo_bit"": ""2024-12"", ""anio_endutih"": 2025, ""accesos"": 664087.0, ""hogares"": 976958}",67.9749794771116,accesos por cada 100 hogares,0
B.21,penetracion_27,accesos residenciales BIT / suma(FAC_HOG ENDUTIH) * 100,"{""entidad"": ""Tabasco"", ""periodo_bit"": ""2024-12"", ""anio_endutih"": 2025, ""accesos"": 249150.0, ""hogares"": 778428}",32.006813732291235,accesos por cada 100 hogares,0
B.21,penetracion_28,accesos residenciales BIT / suma(FAC_HOG ENDUTIH) * 100,"{""entidad"": ""Tamaulipas"", ""periodo_bit"": ""2024-12"", ""anio_endutih"": 2025, ""accesos"": 505897.0, ""hogares"": 1133137}",44.645704800037414,accesos por cada 100 hogares,0
B.21,penetracion_29,accesos residenciales BIT / suma(FAC_HOG ENDUTIH) * 100,"{""entidad"": ""Tlaxcala"", ""periodo_bit"": ""2024-12"", ""anio_endutih"": 2025, ""accesos"": 163272.0, ""hogares"": 408004}",40.01725473279674,accesos por cada 100 hogares,0
B.21,penetracion_30,accesos residenciales BIT / suma(FAC_HOG ENDUTIH) * 100,"{""entidad"": ""Veracruz de Ignacio de la Llave"", ""periodo_bit"": ""2024-12"", ""anio_endutih"": 2025, ""accesos"": 1064267.0, ""hogares"": 2696597}",39.4670393833413,accesos por cada 100 hogares,0
B.21,penetracion_31,accesos residenciales BIT / suma(FAC_HOG ENDUTIH) * 100,"{""entidad"": ""Yucatán"", ""periodo_bit"": ""2024-12"", ""anio_endutih"": 2025, ""accesos"": 259390.0, ""hogares"": 715497}",36.25312195578738,accesos por cada 100 hogares,0
B.21,penetracion_32,accesos residenciales BIT / suma(FAC_HOG ENDUTIH) * 100,"{""entidad"": ""Zacatecas"", ""periodo_bit"": ""2024-12"", ""anio_endutih"": 2025, ""accesos"": 227075.0, ""hogares"": 512871}",44.27526610005245,accesos por cada 100 hogares,0
B.21,penetracion_nacional,suma(accesos residenciales BIT) / suma(FAC_HOG ENDUTIH) * 100,"{""periodo_bit"": ""2024-12"", ""anio_endutih"": 2025, ""accesos"": 19133847, ""hogares"": 39677498}",48.223421244958544,accesos por cada 100 hogares,0
B.22,penetracion_01,accesos no residenciales BIT / establecimientos crudos DENUE * 100,"{""entidad"": ""Aguascalientes"", ""periodo_bit"": ""2024-12"", ""periodo_denue"": ""05/2026"", ""accesos"": 8835.0, ""unidades_economicas"": 71871}",12.29285803731686,accesos por cada 100 unidades económicas,0
B.22,penetracion_02,accesos no residenciales BIT / establecimientos crudos DENUE * 100,"{""entidad"": ""Baja California"", ""periodo_bit"": ""2024-12"", ""periodo_denue"": ""05/2026"", ""accesos"": 19640.0, ""unidades_economicas"": 139208}",14.108384575599104,accesos por cada 100 unidades económicas,0
B.22,penetracion_03,accesos no residenciales BIT / establecimientos crudos DENUE * 100,"{""entidad"": ""Baja California Sur"", ""periodo_bit"": ""2024-12"", ""periodo_denue"": ""05/2026"", ""accesos"": 1692.0, ""unidades_economicas"": 42577}",3.9739765601146155,accesos por cada 100 unidades económicas,0
B.22,penetracion_04,accesos no residenciales BIT / establecimientos crudos DENUE * 100,"{""entidad"": ""Campeche"", ""periodo_bit"": ""2024-12"", ""periodo_denue"": ""05/2026"", ""accesos"": 2313.0, ""unidades_economicas"": 47821}",4.836787185546099,accesos por cada 100 unidades económicas,0
B.22,penetracion_05,accesos no residenciales BIT / establecimientos crudos DENUE * 100,"{""entidad"": ""Coahuila de Zaragoza"", ""periodo_bit"": ""2024-12"", ""periodo_denue"": ""05/2026"", ""accesos"": 7418.0, ""unidades_economicas"": 126952}",5.8431533177894,accesos por cada 100 unidades económicas,0
B.22,penetracion_06,accesos no residenciales BIT / establecimientos crudos DENUE * 100,"{""entidad"": ""Colima"", ""periodo_bit"": ""2024-12"", ""periodo_denue"": ""05/2026"", ""accesos"": 3040.0, ""unidades_economicas"": 42073}",7.225536567394767,accesos por cada 100 unidades económicas,0
B.22,penetracion_07,accesos no residenciales BIT / establecimientos crudos DENUE * 100,"{""entidad"": ""Chiapas"", ""periodo_bit"": ""2024-12"", ""periodo_denue"": ""05/2026"", ""accesos"": 10258.0, ""unidades_economicas"": 250960}",4.087503984698756,accesos por cada 100 unidades económicas,0
B.22,penetracion_08,accesos no residenciales BIT / establecimientos crudos DENUE * 100,"{""entidad"": ""Chihuahua"", ""periodo_bit"": ""2024-12"", ""periodo_denue"": ""05/2026"", ""accesos"": 10265.0, ""unidades_economicas"": 142295}",7.213886643943919,accesos por cada 100 unidades económicas,0
B.22,penetracion_09,accesos no residenciales BIT / establecimientos crudos DENUE * 100,"{""entidad"": ""Ciudad de México"", ""periodo_bit"": ""2024-12"", ""periodo_denue"": ""05/2026"", ""accesos"": 1262238.0, ""unidades_economicas"": 462732}",272.77949223308525,accesos por cada 100 unidades económicas,0
B.22,penetracion_10,accesos no residenciales BIT / establecimientos crudos DENUE * 100,"{""entidad"": ""Durango"", ""periodo_bit"": ""2024-12"", ""periodo_denue"": ""05/2026"", ""accesos"": 5929.0, ""unidades_economicas"": 75111}",7.893650730252559,accesos por cada 100 unidades económicas,0
B.22,penetracion_11,accesos no residenciales BIT / establecimientos crudos DENUE * 100,"{""entidad"": ""Guanajuato"", ""periodo_bit"": ""2024-12"", ""periodo_denue"": ""05/2026"", ""accesos"": 31143.0, ""unidades_economicas"": 296441}",10.505631812063783,accesos por cada 100 unidades económicas,0
B.22,penetracion_12,accesos no residenciales BIT / establecimientos crudos DENUE * 100,"{""entidad"": ""Guerrero"", ""periodo_bit"": ""2024-12"", ""periodo_denue"": ""05/2026"", ""accesos"": 8021.0, ""unidades_economicas"": 185797}",4.317077240213782,accesos por cada 100 unidades económicas,0
B.22,penetracion_13,accesos no residenciales BIT / establecimientos crudos DENUE * 100,"{""entidad"": ""Hidalgo"", ""periodo_bit"": ""2024-12"", ""periodo_denue"": ""05/2026"", ""accesos"": 6285.0, ""unidades_economicas"": 160666}",3.9118419578504473,accesos por cada 100 unidades económicas,0
B.22,penetracion_14,accesos no residenciales BIT / establecimientos crudos DENUE * 100,"{""entidad"": ""Jalisco"", ""periodo_bit"": ""2024-12"", ""periodo_denue"": ""05/2026"", ""accesos"": 31602.0, ""unidades_economicas"": 401813}",7.864852555790877,accesos por cada 100 unidades económicas,0
B.22,penetracion_15,accesos no residenciales BIT / establecimientos crudos DENUE * 100,"{""entidad"": ""México"", ""periodo_bit"": ""2024-12"", ""periodo_denue"": ""05/2026"", ""accesos"": 451627.0, ""unidades_economicas"": 820853}",55.01922999611379,accesos por cada 100 unidades económicas,0
B.22,penetracion_16,accesos no residenciales BIT / establecimientos crudos DENUE * 100,"{""entidad"": ""Michoacán de Ocampo"", ""periodo_bit"": ""2024-12"", ""periodo_denue"": ""05/2026"", ""accesos"": 16227.0, ""unidades_economicas"": 287049}",5.653041815160478,accesos por cada 100 unidades económicas,0
B.22,penetracion_17,accesos no residenciales BIT / establecimientos crudos DENUE * 100,"{""entidad"": ""Morelos"", ""periodo_bit"": ""2024-12"", ""periodo_denue"": ""05/2026"", ""accesos"": 11107.0, ""unidades_economicas"": 113066}",9.823465940247289,accesos por cada 100 unidades económicas,0
B.22,penetracion_18,accesos no residenciales BIT / establecimientos crudos DENUE * 100,"{""entidad"": ""Nayarit"", ""periodo_bit"": ""2024-12"", ""periodo_denue"": ""05/2026"", ""accesos"": 6120.0, ""unidades_economicas"": 73357}",8.342762108592227,accesos por cada 100 unidades económicas,0
B.22,penetracion_19,accesos no residenciales BIT / establecimientos crudos DENUE * 100,"{""entidad"": ""Nuevo León"", ""periodo_bit"": ""2024-12"", ""periodo_denue"": ""05/2026"", ""accesos"": 20463.0, ""unidades_economicas"": 211349}",9.682089813531174,accesos por cada 100 unidades económicas,0
B.22,penetracion_20,accesos no residenciales BIT / establecimientos crudos DENUE * 100,"{""entidad"": ""Oaxaca"", ""periodo_bit"": ""2024-12"", ""periodo_denue"": ""05/2026"", ""accesos"": 10338.0, ""unidades_economicas"": 280588}",3.684405605371577,accesos por cada 100 unidades económicas,0
B.22,penetracion_21,accesos no residenciales BIT / establecimientos crudos DENUE * 100,"{""entidad"": ""Puebla"", ""periodo_bit"": ""2024-12"", ""periodo_denue"": ""05/2026"", ""accesos"": 17941.0, ""unidades_economicas"": 410693}",4.368469878960683,accesos por cada 100 unidades económicas,0
B.22,penetracion_22,accesos no residenciales BIT / establecimientos crudos DENUE * 100,"{""entidad"": ""Querétaro"", ""periodo_bit"": ""2024-12"", ""periodo_denue"": ""05/2026"", ""accesos"": 15704.0, ""unidades_economicas"": 108868}",14.424808024396519,accesos por cada 100 unidades económicas,0
B.22,penetracion_23,accesos no residenciales BIT / establecimientos crudos DENUE * 100,"{""entidad"": ""Quintana Roo"", ""periodo_bit"": ""2024-12"", ""periodo_denue"": ""05/2026"", ""accesos"": 19846.0, ""unidades_economicas"": 69260}",28.65434594282414,accesos por cada 100 unidades económicas,0
B.22,penetracion_24,accesos no residenciales BIT / establecimientos crudos DENUE * 100,"{""entidad"": ""San Luis Potosí"", ""periodo_bit"": ""2024-12"", ""periodo_denue"": ""05/2026"", ""accesos"": 5406.0, ""unidades_economicas"": 127613}",4.236245523575184,accesos por cada 100 unidades económicas,0
B.22,penetracion_25,accesos no residenciales BIT / establecimientos crudos DENUE * 100,"{""entidad"": ""Sinaloa"", ""periodo_bit"": ""2024-12"", ""periodo_denue"": ""05/2026"", ""accesos"": 18983.0, ""unidades_economicas"": 138882}",13.668437954522544,accesos por cada 100 unidades económicas,0
B.22,penetracion_26,accesos no residenciales BIT / establecimientos crudos DENUE * 100,"{""entidad"": ""Sonora"", ""periodo_bit"": ""2024-12"", ""periodo_denue"": ""05/2026"", ""accesos"": 15579.0, ""unidades_economicas"": 128315}",12.1412149787632,accesos por cada 100 unidades económicas,0
B.22,penetracion_27,accesos no residenciales BIT / establecimientos crudos DENUE * 100,"{""entidad"": ""Tabasco"", ""periodo_bit"": ""2024-12"", ""periodo_denue"": ""05/2026"", ""accesos"": 2102.0, ""unidades_economicas"": 95379}",2.2038394195787334,accesos por cada 100 unidades económicas,0
B.22,penetracion_28,accesos no residenciales BIT / establecimientos crudos DENUE * 100,"{""entidad"": ""Tamaulipas"", ""periodo_bit"": ""2024-12"", ""periodo_denue"": ""05/2026"", ""accesos"": 6129.0, ""unidades_economicas"": 148882}",4.116683010706466,accesos por cada 100 unidades económicas,0
B.22,penetracion_29,accesos no residenciales BIT / establecimientos crudos DENUE * 100,"{""entidad"": ""Tlaxcala"", ""periodo_bit"": ""2024-12"", ""periodo_denue"": ""05/2026"", ""accesos"": 1774.0, ""unidades_economicas"": 99366}",1.7853189219652597,accesos por cada 100 unidades económicas,0
B.22,penetracion_30,accesos no residenciales BIT / establecimientos crudos DENUE * 100,"{""entidad"": ""Veracruz de Ignacio de la Llave"", ""periodo_bit"": ""2024-12"", ""periodo_denue"": ""05/2026"", ""accesos"": 25900.0, ""unidades_economicas"": 356724}",7.260515132146981,accesos por cada 100 unidades económicas,0
B.22,penetracion_31,accesos no residenciales BIT / establecimientos crudos DENUE * 100,"{""entidad"": ""Yucatán"", ""periodo_bit"": ""2024-12"", ""periodo_denue"": ""05/2026"", ""accesos"": 9321.0, ""unidades_economicas"": 146384}",6.367499180238277,accesos por cada 100 unidades económicas,0
B.22,penetracion_32,accesos no residenciales BIT / establecimientos crudos DENUE * 100,"{""entidad"": ""Zacatecas"", ""periodo_bit"": ""2024-12"", ""periodo_denue"": ""05/2026"", ""accesos"": 2257.0, ""unidades_economicas"": 75130}",3.0041261812857716,accesos por cada 100 unidades económicas,0
B.22,penetracion_nacional,suma(accesos no residenciales BIT) / suma(establecimientos DENUE) * 100,"{""periodo_bit"": ""2024-12"", ""periodo_denue"": ""05/2026"", ""accesos"": 2065503, ""unidades_economicas"": 6138075}",33.65066409256974,accesos por cada 100 unidades económicas,0
B.22,crecimiento_anual_accesos,(accesos del último corte / accesos del mismo mes del año previo - 1) * 100,"{""periodo_actual"": ""2024-12"", ""accesos_actuales"": 2065503, ""accesos_previos"": 455717}",353.24247285047517,%,1
B.23,participacion_Residencial_Cable,accesos de la tecnología / total de accesos del segmento * 100,"{""segmento"": ""Residencial"", ""tecnologia"": ""Cable"", ""anio"": 2024, ""accesos"": 9952505.0}",52.00412646853779,%,1
B.23,crecimiento_Residencial_Cable,(accesos actuales / accesos del diciembre previo - 1) * 100,"{""actual"": 9952505.0, ""previo"": 12120480.0}",-17.886874117196683,%,1
B.23,participacion_Residencial_Direct-to-home (DTH),accesos de la tecnología / total de accesos del segmento * 100,"{""segmento"": ""Residencial"", ""tecnologia"": ""Direct-to-home (DTH)"", ""anio"": 2024, ""accesos"": 6786005.0}",35.458436065707055,%,1
B.23,crecimiento_Residencial_Direct-to-home (DTH),(accesos actuales / accesos del diciembre previo - 1) * 100,"{""actual"": 6786005.0, ""previo"": 7889546.0}",-13.98738279743853,%,1
B.23,participacion_Residencial_IPTV Terrestre,accesos de la tecnología / total de accesos del segmento * 100,"{""segmento"": ""Residencial"", ""tecnologia"": ""IPTV Terrestre"", ""anio"": 2024, ""accesos"": 2399404.0}",12.537437465755149,%,1
B.23,crecimiento_Residencial_IPTV Terrestre,(accesos actuales / accesos del diciembre previo - 1) * 100,"{""actual"": 2399404.0, ""previo"": 2481407.0}",-3.3046976977174625,%,1
B.23,participacion_Residencial_Sin información de tecnología,accesos de la tecnología / total de accesos del segmento * 100,"{""segmento"": ""Residencial"", ""tecnologia"": ""Sin información de tecnología"", ""anio"": 2024, ""accesos"": 0.0}",0.0,%,1
B.23,crecimiento_Residencial_Sin información de tecnología,(accesos actuales / accesos del diciembre previo - 1) * 100,"{""actual"": 0.0, ""previo"": 0.0}",nan,%,1
B.23,participacion_No Residencial_Cable,accesos de la tecnología / total de accesos del segmento * 100,"{""segmento"": ""No Residencial"", ""tecnologia"": ""Cable"", ""anio"": 2024, ""accesos"": 1983541.0}",96.00657681069211,%,1
B.23,crecimiento_No Residencial_Cable,(accesos actuales / accesos del diciembre previo - 1) * 100,"{""actual"": 1983541.0, ""previo"": 390772.0}",407.5954776698433,%,1
B.23,participacion_No Residencial_Direct-to-home (DTH),accesos de la tecnología / total de accesos del segmento * 100,"{""segmento"": ""No Residencial"", ""tecnologia"": ""Direct-to-home (DTH)"", ""anio"": 2024, ""accesos"": 3998.0}",0.19350963458236914,%,1
B.23,crecimiento_No Residencial_Direct-to-home (DTH),(accesos actuales / accesos del diciembre previo - 1) * 100,"{""actual"": 3998.0, ""previo"": 4253.0}",-5.995767693392895,%,1
B.23,participacion_No Residencial_IPTV Terrestre,accesos de la tecnología / total de accesos del segmento * 100,"{""segmento"": ""No Residencial"", ""tecnologia"": ""IPTV Terrestre"", ""anio"": 2024, ""accesos"": 78508.0}",3.7999135547255216,%,1
B.23,crecimiento_No Residencial_IPTV Terrestre,(accesos actuales / accesos del diciembre previo - 1) * 100,"{""actual"": 78508.0, ""previo"": 60903.0}",28.906622005484127,%,1
B.23,participacion_No Residencial_Sin información de tecnología,accesos de la tecnología / total de accesos del segmento * 100,"{""segmento"": ""No Residencial"", ""tecnologia"": ""Sin información de tecnología"", ""anio"": 2024, ""accesos"": 0.0}",0.0,%,1
B.23,crecimiento_No Residencial_Sin información de tecnología,(accesos actuales / accesos del diciembre previo - 1) * 100,"{""actual"": 0.0, ""previo"": 0.0}",nan,%,1
B.24,participacion_2014_Grupo Televisa,suma de MARKET_SHARE de los operadores del grupo,"{""anio"": 2014, ""grupo"": ""Grupo Televisa""}",65.47,%,1
B.24,participacion_2014_Megacable-MCM,suma de MARKET_SHARE de los operadores del grupo,"{""anio"": 2014, ""grupo"": ""Megacable-MCM""}",15.77,%,1
B.24,participacion_2014_Dish-MVS,suma de MARKET_SHARE de los operadores del grupo,"{""anio"": 2014, ""grupo"": ""Dish-MVS""}",16.42,%,1
B.24,participacion_2014_Grupo Salinas,suma de MARKET_SHARE de los operadores del grupo,"{""anio"": 2014, ""grupo"": ""Grupo Salinas""}",0.77,%,1
B.24,participacion_2014_Stargroup,suma de MARKET_SHARE de los operadores del grupo,"{""anio"": 2014, ""grupo"": ""Stargroup""}",0.0,%,1
B.24,participacion_2014_Otros,suma de MARKET_SHARE de los operadores del grupo,"{""anio"": 2014, ""grupo"": ""Otros""}",1.55,%,1
B.24,participacion_2015_Grupo Televisa,suma de MARKET_SHARE de los operadores del grupo,"{""anio"": 2015, ""grupo"": ""Grupo Televisa""}",63.33,%,1
B.24,participacion_2015_Megacable-MCM,suma de MARKET_SHARE de los operadores del grupo,"{""anio"": 2015, ""grupo"": ""Megacable-MCM""}",16.42,%,1
B.24,participacion_2015_Dish-MVS,suma de MARKET_SHARE de los operadores del grupo,"{""anio"": 2015, ""grupo"": ""Dish-MVS""}",17.62,%,1
B.24,participacion_2015_Grupo Salinas,suma de MARKET_SHARE de los operadores del grupo,"{""anio"": 2015, ""grupo"": ""Grupo Salinas""}",1.3,%,1
B.24,participacion_2015_Stargroup,suma de MARKET_SHARE de los operadores del grupo,"{""anio"": 2015, ""grupo"": ""Stargroup""}",0.0,%,1
B.24,participacion_2015_Otros,suma de MARKET_SHARE de los operadores del grupo,"{""anio"": 2015, ""grupo"": ""Otros""}",1.33,%,1
B.24,participacion_2016_Grupo Televisa,suma de MARKET_SHARE de los operadores del grupo,"{""anio"": 2016, ""grupo"": ""Grupo Televisa""}",62.27,%,1
B.24,participacion_2016_Megacable-MCM,suma de MARKET_SHARE de los operadores del grupo,"{""anio"": 2016, ""grupo"": ""Megacable-MCM""}",14.18,%,1
B.24,participacion_2016_Dish-MVS,suma de MARKET_SHARE de los operadores del grupo,"{""anio"": 2016, ""grupo"": ""Dish-MVS""}",20.61,%,1
B.24,participacion_2016_Grupo Salinas,suma de MARKET_SHARE de los operadores del grupo,"{""anio"": 2016, ""grupo"": ""Grupo Salinas""}",1.9,%,1
B.24,participacion_2016_Stargroup,suma de MARKET_SHARE de los operadores del grupo,"{""anio"": 2016, ""grupo"": ""Stargroup""}",0.0,%,1
B.24,participacion_2016_Otros,suma de MARKET_SHARE de los operadores del grupo,"{""anio"": 2016, ""grupo"": ""Otros""}",1.05,%,1
B.24,participacion_2017_Grupo Televisa,suma de MARKET_SHARE de los operadores del grupo,"{""anio"": 2017, ""grupo"": ""Grupo Televisa""}",67.56,%,1
B.24,participacion_2017_Megacable-MCM,suma de MARKET_SHARE de los operadores del grupo,"{""anio"": 2017, ""grupo"": ""Megacable-MCM""}",13.21,%,1
B.24,participacion_2017_Dish-MVS,suma de MARKET_SHARE de los operadores del grupo,"{""anio"": 2017, ""grupo"": ""Dish-MVS""}",16.02,%,1
B.24,participacion_2017_Grupo Salinas,suma de MARKET_SHARE de los operadores del grupo,"{""anio"": 2017, ""grupo"": ""Grupo Salinas""}",2.43,%,1
B.24,participacion_2017_Stargroup,suma de MARKET_SHARE de los operadores del grupo,"{""anio"": 2017, ""grupo"": ""Stargroup""}",0.0,%,1
B.24,participacion_2017_Otros,suma de MARKET_SHARE de los operadores del grupo,"{""anio"": 2017, ""grupo"": ""Otros""}",0.79,%,1
B.24,participacion_2018_Grupo Televisa,suma de MARKET_SHARE de los operadores del grupo,"{""anio"": 2018, ""grupo"": ""Grupo Televisa""}",68.24,%,1
B.24,participacion_2018_Megacable-MCM,suma de MARKET_SHARE de los operadores del grupo,"{""anio"": 2018, ""grupo"": ""Megacable-MCM""}",13.36,%,1
B.24,participacion_2018_Dish-MVS,suma de MARKET_SHARE de los operadores del grupo,"{""anio"": 2018, ""grupo"": ""Dish-MVS""}",13.6,%,1
B.24,participacion_2018_Grupo Salinas,suma de MARKET_SHARE de los operadores del grupo,"{""anio"": 2018, ""grupo"": ""Grupo Salinas""}",3.3,%,1
B.24,participacion_2018_Stargroup,suma de MARKET_SHARE de los operadores del grupo,"{""anio"": 2018, ""grupo"": ""Stargroup""}",1.31,%,1
B.24,participacion_2018_Otros,suma de MARKET_SHARE de los operadores del grupo,"{""anio"": 2018, ""grupo"": ""Otros""}",0.19,%,1
B.24,participacion_2019_Grupo Televisa,suma de MARKET_SHARE de los operadores del grupo,"{""anio"": 2019, ""grupo"": ""Grupo Televisa""}",70.21,%,1
B.24,participacion_2019_Megacable-MCM,suma de MARKET_SHARE de los operadores del grupo,"{""anio"": 2019, ""grupo"": ""Megacable-MCM""}",13.42,%,1
B.24,participacion_2019_Dish-MVS,suma de MARKET_SHARE de los operadores del grupo,"{""anio"": 2019, ""grupo"": ""Dish-MVS""}",10.4,%,1
B.24,participacion_2019_Grupo Salinas,suma de MARKET_SHARE de los operadores del grupo,"{""anio"": 2019, ""grupo"": ""Grupo Salinas""}",4.45,%,1
B.24,participacion_2019_Stargroup,suma de MARKET_SHARE de los operadores del grupo,"{""anio"": 2019, ""grupo"": ""Stargroup""}",1.41,%,1
B.24,participacion_2019_Otros,suma de MARKET_SHARE de los operadores del grupo,"{""anio"": 2019, ""grupo"": ""Otros""}",0.11,%,1
B.24,participacion_2020_Grupo Televisa,suma de MARKET_SHARE de los operadores del grupo,"{""anio"": 2020, ""grupo"": ""Grupo Televisa""}",68.57,%,1
B.24,participacion_2020_Megacable-MCM,suma de MARKET_SHARE de los operadores del grupo,"{""anio"": 2020, ""grupo"": ""Megacable-MCM""}",14.5,%,1
B.24,participacion_2020_Dish-MVS,suma de MARKET_SHARE de los operadores del grupo,"{""anio"": 2020, ""grupo"": ""Dish-MVS""}",8.53,%,1
B.24,participacion_2020_Grupo Salinas,suma de MARKET_SHARE de los operadores del grupo,"{""anio"": 2020, ""grupo"": ""Grupo Salinas""}",6.97,%,1
B.24,participacion_2020_Stargroup,suma de MARKET_SHARE de los operadores del grupo,"{""anio"": 2020, ""grupo"": ""Stargroup""}",1.33,%,1
B.24,participacion_2020_Otros,suma de MARKET_SHARE de los operadores del grupo,"{""anio"": 2020, ""grupo"": ""Otros""}",0.09,%,1
B.24,participacion_2021_Grupo Televisa,suma de MARKET_SHARE de los operadores del grupo,"{""anio"": 2021, ""grupo"": ""Grupo Televisa""}",62.22,%,1
B.24,participacion_2021_Megacable-MCM,suma de MARKET_SHARE de los operadores del grupo,"{""anio"": 2021, ""grupo"": ""Megacable-MCM""}",21.01,%,1
B.24,participacion_2021_Dish-MVS,suma de MARKET_SHARE de los operadores del grupo,"{""anio"": 2021, ""grupo"": ""Dish-MVS""}",5.86,%,1
B.24,participacion_2021_Grupo Salinas,suma de MARKET_SHARE de los operadores del grupo,"{""anio"": 2021, ""grupo"": ""Grupo Salinas""}",8.68,%,1
B.24,participacion_2021_Stargroup,suma de MARKET_SHARE de los operadores del grupo,"{""anio"": 2021, ""grupo"": ""Stargroup""}",1.12,%,1
B.24,participacion_2021_Otros,suma de MARKET_SHARE de los operadores del grupo,"{""anio"": 2021, ""grupo"": ""Otros""}",1.04,%,1
B.24,participacion_2022_Grupo Televisa,suma de MARKET_SHARE de los operadores del grupo,"{""anio"": 2022, ""grupo"": ""Grupo Televisa""}",58.23,%,1
B.24,participacion_2022_Megacable-MCM,suma de MARKET_SHARE de los operadores del grupo,"{""anio"": 2022, ""grupo"": ""Megacable-MCM""}",23.63,%,1
B.24,participacion_2022_Dish-MVS,suma de MARKET_SHARE de los operadores del grupo,"{""anio"": 2022, ""grupo"": ""Dish-MVS""}",4.4,%,1
B.24,participacion_2022_Grupo Salinas,suma de MARKET_SHARE de los operadores del grupo,"{""anio"": 2022, ""grupo"": ""Grupo Salinas""}",10.39,%,1
B.24,participacion_2022_Stargroup,suma de MARKET_SHARE de los operadores del grupo,"{""anio"": 2022, ""grupo"": ""Stargroup""}",1.12,%,1
B.24,participacion_2022_Otros,suma de MARKET_SHARE de los operadores del grupo,"{""anio"": 2022, ""grupo"": ""Otros""}",2.16,%,1
B.24,participacion_2023_Grupo Televisa,suma de MARKET_SHARE de los operadores del grupo,"{""anio"": 2023, ""grupo"": ""Grupo Televisa""}",54.98,%,1
B.24,participacion_2023_Megacable-MCM,suma de MARKET_SHARE de los operadores del grupo,"{""anio"": 2023, ""grupo"": ""Megacable-MCM""}",25.56,%,1
B.24,participacion_2023_Dish-MVS,suma de MARKET_SHARE de los operadores del grupo,"{""anio"": 2023, ""grupo"": ""Dish-MVS""}",5.26,%,1
B.24,participacion_2023_Grupo Salinas,suma de MARKET_SHARE de los operadores del grupo,"{""anio"": 2023, ""grupo"": ""Grupo Salinas""}",10.83,%,1
B.24,participacion_2023_Stargroup,suma de MARKET_SHARE de los operadores del grupo,"{""anio"": 2023, ""grupo"": ""Stargroup""}",1.15,%,1
B.24,participacion_2023_Otros,suma de MARKET_SHARE de los operadores del grupo,"{""anio"": 2023, ""grupo"": ""Otros""}",2.16,%,1
B.24,participacion_2024_Grupo Televisa,suma de MARKET_SHARE de los operadores del grupo,"{""anio"": 2024, ""grupo"": ""Grupo Televisa""}",53.03,%,1
B.24,participacion_2024_Megacable-MCM,suma de MARKET_SHARE de los operadores del grupo,"{""anio"": 2024, ""grupo"": ""Megacable-MCM""}",26.83,%,1
B.24,participacion_2024_Dish-MVS,suma de MARKET_SHARE de los operadores del grupo,"{""anio"": 2024, ""grupo"": ""Dish-MVS""}",5.18,%,1
B.24,participacion_2024_Grupo Salinas,suma de MARKET_SHARE de los operadores del grupo,"{""anio"": 2024, ""grupo"": ""Grupo Salinas""}",11.37,%,1
B.24,participacion_2024_Stargroup,suma de MARKET_SHARE de los operadores del grupo,"{""anio"": 2024, ""grupo"": ""Stargroup""}",1.13,%,1
B.24,participacion_2024_Otros,suma de MARKET_SHARE de los operadores del grupo,"{""anio"": 2024, ""grupo"": ""Otros""}",2.45,%,1
B.25,ihh_2015,IHH_TVRES_E publicado por BIT,"{""anio"": 2015, ""mes"": 12}",4593,puntos IHH,0
B.25,ihh_2016,IHH_TVRES_E publicado por BIT,"{""anio"": 2016, ""mes"": 12}",4507,puntos IHH,0
B.25,ihh_2017,IHH_TVRES_E publicado por BIT,"{""anio"": 2017, ""mes"": 12}",5001,puntos IHH,0
B.25,ihh_2018,IHH_TVRES_E publicado por BIT,"{""anio"": 2018, ""mes"": 12}",5032,puntos IHH,0
B.25,ihh_2019,IHH_TVRES_E publicado por BIT,"{""anio"": 2019, ""mes"": 12}",5240,puntos IHH,0
B.25,ihh_2020,IHH_TVRES_E publicado por BIT,"{""anio"": 2020, ""mes"": 12}",5036,puntos IHH,0
B.25,ihh_2021,IHH_TVRES_E publicado por BIT,"{""anio"": 2021, ""mes"": 12}",4424,puntos IHH,0
B.25,ihh_2022,IHH_TVRES_E publicado por BIT,"{""anio"": 2022, ""mes"": 12}",4078,puntos IHH,0
B.25,ihh_2023,IHH_TVRES_E publicado por BIT,"{""anio"": 2023, ""mes"": 12}",3823,puntos IHH,0
B.25,ihh_2024,IHH_TVRES_E publicado por BIT,"{""anio"": 2024, ""mes"": 12}",3691,puntos IHH,0
C.1,mhz_banda_de_700_mhz,valor de MHz publicado por banda en la fila más reciente,"{""periodo"": ""2024-08"", ""banda"": ""Banda de 700 MHz""}",90.0,MHz,0
C.1,mhz_banda_de_800_mhz,valor de MHz publicado por banda en la fila más reciente,"{""periodo"": ""2024-08"", ""banda"": ""Banda de 800 MHz""}",20.0,MHz,0
C.1,mhz_banda_de_850_mhz,valor de MHz publicado por banda en la fila más reciente,"{""periodo"": ""2024-08"", ""banda"": ""Banda de 850 MHz""}",47.0,MHz,0
C.1,mhz_banda_pcs,valor de MHz publicado por banda en la fila más reciente,"{""periodo"": ""2024-08"", ""banda"": ""Banda PCS""}",68.0,MHz,0
C.1,mhz_banda_aws,valor de MHz publicado por banda en la fila más reciente,"{""periodo"": ""2024-08"", ""banda"": ""Banda AWS""}",130.0,MHz,0
C.1,mhz_banda_de_2500_mhz,valor de MHz publicado por banda en la fila más reciente,"{""periodo"": ""2024-08"", ""banda"": ""Banda de 2500 MHz""}",140.0,MHz,0
C.1,mhz_banda_de_3300_mhz,valor de MHz publicado por banda en la fila más reciente,"{""periodo"": ""2024-08"", ""banda"": ""Banda de 3300 MHz""}",50.0,MHz,0
C.1,mhz_banda_de_3500_mhz,valor de MHz publicado por banda en la fila más reciente,"{""periodo"": ""2024-08"", ""banda"": ""Banda de 3500 MHz""}",100.0,MHz,0
C.2,participacion_TELCEL_700 MHz,fracción BIT del operador en la banda * 100,"{""periodo"": ""2024-08"", ""operador"": ""TELCEL"", ""banda"": ""700 MHz""}",0.0,%,0
C.2,participacion_TELCEL_800 MHz,fracción BIT del operador en la banda * 100,"{""periodo"": ""2024-08"", ""operador"": ""TELCEL"", ""banda"": ""800 MHz""}",0.0,%,0
C.2,participacion_TELCEL_850 MHz,fracción BIT del operador en la banda * 100,"{""periodo"": ""2024-08"", ""operador"": ""TELCEL"", ""banda"": ""850 MHz""}",65.0,%,0
C.2,participacion_TELCEL_1900 MHz,fracción BIT del operador en la banda * 100,"{""periodo"": ""2024-08"", ""operador"": ""TELCEL"", ""banda"": ""1900 MHz""}",54.0,%,0
C.2,participacion_TELCEL_AWS,fracción BIT del operador en la banda * 100,"{""periodo"": ""2024-08"", ""operador"": ""TELCEL"", ""banda"": ""AWS""}",63.0,%,0
C.2,participacion_TELCEL_2500 MHz,fracción BIT del operador en la banda * 100,"{""periodo"": ""2024-08"", ""operador"": ""TELCEL"", ""banda"": ""2500 MHz""}",43.0,%,0
C.2,participacion_TELCEL_3300 MHz,fracción BIT del operador en la banda * 100,"{""periodo"": ""2024-08"", ""operador"": ""TELCEL"", ""banda"": ""3300 MHz""}",100.0,%,0
C.2,participacion_TELCEL_3500 MHz,fracción BIT del operador en la banda * 100,"{""periodo"": ""2024-08"", ""operador"": ""TELCEL"", ""banda"": ""3500 MHz""}",50.0,%,0
C.2,participacion_AT&T_700 MHz,fracción BIT del operador en la banda * 100,"{""periodo"": ""2024-08"", ""operador"": ""AT&T"", ""banda"": ""700 MHz""}",0.0,%,0
C.2,participacion_AT&T_800 MHz,fracción BIT del operador en la banda * 100,"{""periodo"": ""2024-08"", ""operador"": ""AT&T"", ""banda"": ""800 MHz""}",100.0,%,0
C.2,participacion_AT&T_850 MHz,fracción BIT del operador en la banda * 100,"{""periodo"": ""2024-08"", ""operador"": ""AT&T"", ""banda"": ""850 MHz""}",35.0,%,0
C.2,participacion_AT&T_1900 MHz,fracción BIT del operador en la banda * 100,"{""periodo"": ""2024-08"", ""operador"": ""AT&T"", ""banda"": ""1900 MHz""}",46.0,%,0
C.2,participacion_AT&T_AWS,fracción BIT del operador en la banda * 100,"{""periodo"": ""2024-08"", ""operador"": ""AT&T"", ""banda"": ""AWS""}",37.0,%,0
C.2,participacion_AT&T_2500 MHz,fracción BIT del operador en la banda * 100,"{""periodo"": ""2024-08"", ""operador"": ""AT&T"", ""banda"": ""2500 MHz""}",56.99999999999999,%,0
C.2,participacion_AT&T_3300 MHz,fracción BIT del operador en la banda * 100,"{""periodo"": ""2024-08"", ""operador"": ""AT&T"", ""banda"": ""3300 MHz""}",0.0,%,0
C.2,participacion_AT&T_3500 MHz,fracción BIT del operador en la banda * 100,"{""periodo"": ""2024-08"", ""operador"": ""AT&T"", ""banda"": ""3500 MHz""}",50.0,%,0
C.2,participacion_ALTÁN_700 MHz,fracción BIT del operador en la banda * 100,"{""periodo"": ""2024-08"", ""operador"": ""ALTÁN"", ""banda"": ""700 MHz""}",100.0,%,0
C.2,participacion_ALTÁN_800 MHz,fracción BIT del operador en la banda * 100,"{""periodo"": ""2024-08"", ""operador"": ""ALTÁN"", ""banda"": ""800 MHz""}",0.0,%,0
C.2,participacion_ALTÁN_850 MHz,fracción BIT del operador en la banda * 100,"{""periodo"": ""2024-08"", ""operador"": ""ALTÁN"", ""banda"": ""850 MHz""}",0.0,%,0
C.2,participacion_ALTÁN_1900 MHz,fracción BIT del operador en la banda * 100,"{""periodo"": ""2024-08"", ""operador"": ""ALTÁN"", ""banda"": ""1900 MHz""}",0.0,%,0
C.2,participacion_ALTÁN_AWS,fracción BIT del operador en la banda * 100,"{""periodo"": ""2024-08"", ""operador"": ""ALTÁN"", ""banda"": ""AWS""}",0.0,%,0
C.2,participacion_ALTÁN_2500 MHz,fracción BIT del operador en la banda * 100,"{""periodo"": ""2024-08"", ""operador"": ""ALTÁN"", ""banda"": ""2500 MHz""}",0.0,%,0
C.2,participacion_ALTÁN_3300 MHz,fracción BIT del operador en la banda * 100,"{""periodo"": ""2024-08"", ""operador"": ""ALTÁN"", ""banda"": ""3300 MHz""}",0.0,%,0
C.2,participacion_ALTÁN_3500 MHz,fracción BIT del operador en la banda * 100,"{""periodo"": ""2024-08"", ""operador"": ""ALTÁN"", ""banda"": ""3500 MHz""}",0.0,%,0
C.3,uso_servicios_moviles_nacional,"suma(FAC_PER donde EDAD>=6, P8_1=1 y P8_4_2=1) / suma(FAC_PER donde EDAD>=6) * 100","{""anio"": 2025, ""universo"": ""personas de 6 años o más"", ""poblacion_expandida"": 121906757, ""usuarios_expandidos"": 100159203}",82.16050157088503,porcentaje,0
C.4,uso_servicios_moviles_urbano,"suma(FAC_PER donde EDAD>=6, P8_1=1 y P8_4_2=1) / suma(FAC_PER de la zona donde EDAD>=6) * 100","{""anio"": 2025, ""zona"": ""Urbano"", ""poblacion_expandida"": 96453697, ""usuarios_expandidos"": 82128719}",85.14833703056503,porcentaje,0
C.4,uso_servicios_moviles_rural,"suma(FAC_PER donde EDAD>=6, P8_1=1 y P8_4_2=1) / suma(FAC_PER de la zona donde EDAD>=6) * 100","{""anio"": 2025, ""zona"": ""Rural"", ""poblacion_expandida"": 25453060, ""usuarios_expandidos"": 18030484}",70.83817819939921,porcentaje,0
C.5,lineas_totales_1990,"suma L_TOTAL_E / 1,000,000","{""anio"": 1990}",0.0639,millones,1
C.5,lineas_totales_1991,"suma L_TOTAL_E / 1,000,000","{""anio"": 1991}",0.1609,millones,1
C.5,lineas_totales_1992,"suma L_TOTAL_E / 1,000,000","{""anio"": 1992}",0.3126,millones,1
C.5,lineas_totales_1993,"suma L_TOTAL_E / 1,000,000","{""anio"": 1993}",0.431662,millones,1
C.5,lineas_totales_1994,"suma L_TOTAL_E / 1,000,000","{""anio"": 1994}",0.5718,millones,1
C.5,lineas_totales_1995,"suma L_TOTAL_E / 1,000,000","{""anio"": 1995}",0.688513,millones,1
C.5,lineas_totales_1996,"suma L_TOTAL_E / 1,000,000","{""anio"": 1996}",1.0219,millones,1
C.5,lineas_totales_1997,"suma L_TOTAL_E / 1,000,000","{""anio"": 1997}",1.740814,millones,1
C.5,lineas_totales_1998,"suma L_TOTAL_E / 1,000,000","{""anio"": 1998}",3.349475,millones,1
C.5,lineas_totales_1999,"suma L_TOTAL_E / 1,000,000","{""anio"": 1999}",7.731635,millones,1
C.5,lineas_totales_2000,"suma L_TOTAL_E / 1,000,000","{""anio"": 2000}",14.07788,millones,1
C.5,lineas_totales_2001,"suma L_TOTAL_E / 1,000,000","{""anio"": 2001}",21.757559,millones,1
C.5,lineas_totales_2002,"suma L_TOTAL_E / 1,000,000","{""anio"": 2002}",25.928266,millones,1
C.5,lineas_totales_2003,"suma L_TOTAL_E / 1,000,000","{""anio"": 2003}",30.0977,millones,1
C.5,lineas_totales_2004,"suma L_TOTAL_E / 1,000,000","{""anio"": 2004}",38.451135,millones,1
C.5,lineas_totales_2005,"suma L_TOTAL_E / 1,000,000","{""anio"": 2005}",47.128746,millones,1
C.5,lineas_totales_2006,"suma L_TOTAL_E / 1,000,000","{""anio"": 2006}",55.395461,millones,1
C.5,lineas_totales_2007,"suma L_TOTAL_E / 1,000,000","{""anio"": 2007}",66.559462,millones,1
C.5,lineas_totales_2008,"suma L_TOTAL_E / 1,000,000","{""anio"": 2008}",75.368507,millones,1
C.5,lineas_totales_2009,"suma L_TOTAL_E / 1,000,000","{""anio"": 2009}",83.219086,millones,1
C.5,lineas_totales_2010,"suma L_TOTAL_E / 1,000,000","{""anio"": 2010}",90.467974,millones,1
C.5,lineas_totales_2011,"suma L_TOTAL_E / 1,000,000","{""anio"": 2011}",94.583253,millones,1
C.5,lineas_totales_2012,"suma L_TOTAL_E / 1,000,000","{""anio"": 2012}",101.360558,millones,1
C.5,lineas_totales_2013,"suma L_TOTAL_E / 1,000,000","{""anio"": 2013}",106.748021,millones,1
C.5,lineas_totales_2014,"suma L_TOTAL_E / 1,000,000","{""anio"": 2014}",104.948339,millones,1
C.5,lineas_totales_2015,"suma L_TOTAL_E / 1,000,000","{""anio"": 2015}",107.688282,millones,1
C.5,lineas_totales_2016,"suma L_TOTAL_E / 1,000,000","{""anio"": 2016}",111.728923,millones,1
C.5,lineas_totales_2017,"suma L_TOTAL_E / 1,000,000","{""anio"": 2017}",114.325128,millones,1
C.5,lineas_totales_2018,"suma L_TOTAL_E / 1,000,000","{""anio"": 2018}",120.165322,millones,1
C.5,lineas_totales_2019,"suma L_TOTAL_E / 1,000,000","{""anio"": 2019}",122.034815,millones,1
C.5,lineas_totales_2020,"suma L_TOTAL_E / 1,000,000","{""anio"": 2020}",122.898392,millones,1
C.5,lineas_totales_2021,"suma L_TOTAL_E / 1,000,000","{""anio"": 2021}",126.50496,millones,1
C.5,lineas_totales_2022,"suma L_TOTAL_E / 1,000,000","{""anio"": 2022}",135.97059,millones,1
C.5,lineas_totales_2023,"suma L_TOTAL_E / 1,000,000","{""anio"": 2023}",144.965265,millones,1
C.5,lineas_totales_2024,"suma L_TOTAL_E / 1,000,000","{""anio"": 2024}",152.476748,millones,1
C.6,teledensidad_1990,T_H_TELMOVIL_E nacional publicado por BIT,"{""anio"": 1990}",0.1,líneas por cada 100 habitantes,0
C.6,teledensidad_1991,T_H_TELMOVIL_E nacional publicado por BIT,"{""anio"": 1991}",0.2,líneas por cada 100 habitantes,0
C.6,teledensidad_1992,T_H_TELMOVIL_E nacional publicado por BIT,"{""anio"": 1992}",0.4,líneas por cada 100 habitantes,0
C.6,teledensidad_1993,T_H_TELMOVIL_E nacional publicado por BIT,"{""anio"": 1993}",1.0,líneas por cada 100 habitantes,0
C.6,teledensidad_1994,T_H_TELMOVIL_E nacional publicado por BIT,"{""anio"": 1994}",1.0,líneas por cada 100 habitantes,0
C.6,teledensidad_1995,T_H_TELMOVIL_E nacional publicado por BIT,"{""anio"": 1995}",1.0,líneas por cada 100 habitantes,0
C.6,teledensidad_1996,T_H_TELMOVIL_E nacional publicado por BIT,"{""anio"": 1996}",1.0,líneas por cada 100 habitantes,0
C.6,teledensidad_1997,T_H_TELMOVIL_E nacional publicado por BIT,"{""anio"": 1997}",2.0,líneas por cada 100 habitantes,0
C.6,teledensidad_1998,T_H_TELMOVIL_E nacional publicado por BIT,"{""anio"": 1998}",4.0,líneas por cada 100 habitantes,0
C.6,teledensidad_1999,T_H_TELMOVIL_E nacional publicado por BIT,"{""anio"": 1999}",8.0,líneas por cada 100 habitantes,0
C.6,teledensidad_2000,T_H_TELMOVIL_E nacional publicado por BIT,"{""anio"": 2000}",14.0,líneas por cada 100 habitantes,0
C.6,teledensidad_2001,T_H_TELMOVIL_E nacional publicado por BIT,"{""anio"": 2001}",22.0,líneas por cada 100 habitantes,0
C.6,teledensidad_2002,T_H_TELMOVIL_E nacional publicado por BIT,"{""anio"": 2002}",25.0,líneas por cada 100 habitantes,0
C.6,teledensidad_2003,T_H_TELMOVIL_E nacional publicado por BIT,"{""anio"": 2003}",29.0,líneas por cada 100 habitantes,0
C.6,teledensidad_2004,T_H_TELMOVIL_E nacional publicado por BIT,"{""anio"": 2004}",37.0,líneas por cada 100 habitantes,0
C.6,teledensidad_2005,T_H_TELMOVIL_E nacional publicado por BIT,"{""anio"": 2005}",44.0,líneas por cada 100 habitantes,0
C.6,teledensidad_2006,T_H_TELMOVIL_E nacional publicado por BIT,"{""anio"": 2006}",51.0,líneas por cada 100 habitantes,0
C.6,teledensidad_2007,T_H_TELMOVIL_E nacional publicado por BIT,"{""anio"": 2007}",61.0,líneas por cada 100 habitantes,0
C.6,teledensidad_2008,T_H_TELMOVIL_E nacional publicado por BIT,"{""anio"": 2008}",68.0,líneas por cada 100 habitantes,0
C.6,teledensidad_2009,T_H_TELMOVIL_E nacional publicado por BIT,"{""anio"": 2009}",74.0,líneas por cada 100 habitantes,0
C.6,teledensidad_2010,T_H_TELMOVIL_E nacional publicado por BIT,"{""anio"": 2010}",79.0,líneas por cada 100 habitantes,0
C.6,teledensidad_2011,T_H_TELMOVIL_E nacional publicado por BIT,"{""anio"": 2011}",82.0,líneas por cada 100 habitantes,0
C.6,teledensidad_2012,T_H_TELMOVIL_E nacional publicado por BIT,"{""anio"": 2012}",86.0,líneas por cada 100 habitantes,0
C.6,teledensidad_2013,T_H_TELMOVIL_E nacional publicado por BIT,"{""anio"": 2013}",90.0,líneas por cada 100 habitantes,0
C.6,teledensidad_2014,T_H_TELMOVIL_E nacional publicado por BIT,"{""anio"": 2014}",87.0,líneas por cada 100 habitantes,0
C.6,teledensidad_2015,T_H_TELMOVIL_E nacional publicado por BIT,"{""anio"": 2015}",89.0,líneas por cada 100 habitantes,0
C.6,teledensidad_2016,T_H_TELMOVIL_E nacional publicado por BIT,"{""anio"": 2016}",92.0,líneas por cada 100 habitantes,0
C.6,teledensidad_2017,T_H_TELMOVIL_E nacional publicado por BIT,"{""anio"": 2017}",93.0,líneas por cada 100 habitantes,0
C.6,teledensidad_2018,T_H_TELMOVIL_E nacional publicado por BIT,"{""anio"": 2018}",97.0,líneas por cada 100 habitantes,0
C.6,teledensidad_2019,T_H_TELMOVIL_E nacional publicado por BIT,"{""anio"": 2019}",97.0,líneas por cada 100 habitantes,0
C.6,teledensidad_2020,T_H_TELMOVIL_E nacional publicado por BIT,"{""anio"": 2020}",96.0,líneas por cada 100 habitantes,0
C.6,teledensidad_2021,T_H_TELMOVIL_E nacional publicado por BIT,"{""anio"": 2021}",98.0,líneas por cada 100 habitantes,0
C.6,teledensidad_2022,T_H_TELMOVIL_E nacional publicado por BIT,"{""anio"": 2022}",104.0,líneas por cada 100 habitantes,0
C.6,teledensidad_2023,T_H_TELMOVIL_E nacional publicado por BIT,"{""anio"": 2023}",110.0,líneas por cada 100 habitantes,0
C.6,teledensidad_2024,T_H_TELMOVIL_E nacional publicado por BIT,"{""anio"": 2024}",115.0,líneas por cada 100 habitantes,0
C.7,teledensidad_01,T_TELMOVIL_E publicado por BIT,"{""anio"": 2024, ""entidad"": ""Aguascalientes""}",117,líneas por cada 100 habitantes,0
C.7,teledensidad_02,T_TELMOVIL_E publicado por BIT,"{""anio"": 2024, ""entidad"": ""Baja California""}",116,líneas por cada 100 habitantes,0
C.7,teledensidad_03,T_TELMOVIL_E publicado por BIT,"{""anio"": 2024, ""entidad"": ""Baja California Sur""}",126,líneas por cada 100 habitantes,0
C.7,teledensidad_04,T_TELMOVIL_E publicado por BIT,"{""anio"": 2024, ""entidad"": ""Campeche""}",108,líneas por cada 100 habitantes,0
C.7,teledensidad_05,T_TELMOVIL_E publicado por BIT,"{""anio"": 2024, ""entidad"": ""Coahuila de Zaragoza""}",121,líneas por cada 100 habitantes,0
C.7,teledensidad_06,T_TELMOVIL_E publicado por BIT,"{""anio"": 2024, ""entidad"": ""Colima""}",119,líneas por cada 100 habitantes,0
C.7,teledensidad_07,T_TELMOVIL_E publicado por BIT,"{""anio"": 2024, ""entidad"": ""Chiapas""}",83,líneas por cada 100 habitantes,0
C.7,teledensidad_08,T_TELMOVIL_E publicado por BIT,"{""anio"": 2024, ""entidad"": ""Chihuahua""}",115,líneas por cada 100 habitantes,0
C.7,teledensidad_09,T_TELMOVIL_E publicado por BIT,"{""anio"": 2024, ""entidad"": ""Ciudad de México""}",130,líneas por cada 100 habitantes,0
C.7,teledensidad_10,T_TELMOVIL_E publicado por BIT,"{""anio"": 2024, ""entidad"": ""Durango""}",117,líneas por cada 100 habitantes,0
C.7,teledensidad_11,T_TELMOVIL_E publicado por BIT,"{""anio"": 2024, ""entidad"": ""Guanajuato""}",111,líneas por cada 100 habitantes,0
C.7,teledensidad_12,T_TELMOVIL_E publicado por BIT,"{""anio"": 2024, ""entidad"": ""Guerrero""}",103,líneas por cada 100 habitantes,0
C.7,teledensidad_13,T_TELMOVIL_E publicado por BIT,"{""anio"": 2024, ""entidad"": ""Hidalgo""}",118,líneas por cada 100 habitantes,0
C.7,teledensidad_14,T_TELMOVIL_E publicado por BIT,"{""anio"": 2024, ""entidad"": ""Jalisco""}",122,líneas por cada 100 habitantes,0
C.7,teledensidad_15,T_TELMOVIL_E publicado por BIT,"{""anio"": 2024, ""entidad"": ""México""}",120,líneas por cada 100 habitantes,0
C.7,teledensidad_16,T_TELMOVIL_E publicado por BIT,"{""anio"": 2024, ""entidad"": ""Michoacán de Ocampo""}",113,líneas por cada 100 habitantes,0
C.7,teledensidad_17,T_TELMOVIL_E publicado por BIT,"{""anio"": 2024, ""entidad"": ""Morelos""}",118,líneas por cada 100 habitantes,0
C.7,teledensidad_18,T_TELMOVIL_E publicado por BIT,"{""anio"": 2024, ""entidad"": ""Nayarit""}",114,líneas por cada 100 habitantes,0
C.7,teledensidad_19,T_TELMOVIL_E publicado por BIT,"{""anio"": 2024, ""entidad"": ""Nuevo León""}",120,líneas por cada 100 habitantes,0
C.7,teledensidad_20,T_TELMOVIL_E publicado por BIT,"{""anio"": 2024, ""entidad"": ""Oaxaca""}",98,líneas por cada 100 habitantes,0
C.7,teledensidad_21,T_TELMOVIL_E publicado por BIT,"{""anio"": 2024, ""entidad"": ""Puebla""}",105,líneas por cada 100 habitantes,0
C.7,teledensidad_22,T_TELMOVIL_E publicado por BIT,"{""anio"": 2024, ""entidad"": ""Querétaro""}",116,líneas por cada 100 habitantes,0
C.7,teledensidad_23,T_TELMOVIL_E publicado por BIT,"{""anio"": 2024, ""entidad"": ""Quintana Roo""}",117,líneas por cada 100 habitantes,0
C.7,teledensidad_24,T_TELMOVIL_E publicado por BIT,"{""anio"": 2024, ""entidad"": ""San Luis Potosí""}",112,líneas por cada 100 habitantes,0
C.7,teledensidad_25,T_TELMOVIL_E publicado por BIT,"{""anio"": 2024, ""entidad"": ""Sinaloa""}",121,líneas por cada 100 habitantes,0
C.7,teledensidad_26,T_TELMOVIL_E publicado por BIT,"{""anio"": 2024, ""entidad"": ""Sonora""}",127,líneas por cada 100 habitantes,0
C.7,teledensidad_27,T_TELMOVIL_E publicado por BIT,"{""anio"": 2024, ""entidad"": ""Tabasco""}",117,líneas por cada 100 habitantes,0
C.7,teledensidad_28,T_TELMOVIL_E publicado por BIT,"{""anio"": 2024, ""entidad"": ""Tamaulipas""}",117,líneas por cada 100 habitantes,0
C.7,teledensidad_29,T_TELMOVIL_E publicado por BIT,"{""anio"": 2024, ""entidad"": ""Tlaxcala""}",119,líneas por cada 100 habitantes,0
C.7,teledensidad_30,T_TELMOVIL_E publicado por BIT,"{""anio"": 2024, ""entidad"": ""Veracruz de Ignacio de la Llave""}",111,líneas por cada 100 habitantes,0
C.7,teledensidad_31,T_TELMOVIL_E publicado por BIT,"{""anio"": 2024, ""entidad"": ""Yucatán""}",110,líneas por cada 100 habitantes,0
C.7,teledensidad_32,T_TELMOVIL_E publicado por BIT,"{""anio"": 2024, ""entidad"": ""Zacatecas""}",111,líneas por cada 100 habitantes,0
C.7,teledensidad_nacional,T_H_TELMOVIL_E nacional publicado por BIT,"{""anio"": 2024}",115.0,líneas por cada 100 habitantes,0
C.8,trafico_1997,"suma anual TRAF_SALIDA / 1,000,000","{""anio"": 1997}",77.29344,millones de minutos,1
C.8,trafico_1998,"suma anual TRAF_SALIDA / 1,000,000","{""anio"": 1998}",508.047708,millones de minutos,1
C.8,trafico_1999,"suma anual TRAF_SALIDA / 1,000,000","{""anio"": 1999}",2605.790561,millones de minutos,1
C.8,trafico_2000,"suma anual TRAF_SALIDA / 1,000,000","{""anio"": 2000}",4555.774686,millones de minutos,1
C.8,trafico_2001,"suma anual TRAF_SALIDA / 1,000,000","{""anio"": 2001}",6409.844683,millones de minutos,1
C.8,trafico_2002,"suma anual TRAF_SALIDA / 1,000,000","{""anio"": 2002}",8584.678368,millones de minutos,1
C.8,trafico_2003,"suma anual TRAF_SALIDA / 1,000,000","{""anio"": 2003}",12299.375292,millones de minutos,1
C.8,trafico_2004,"suma anual TRAF_SALIDA / 1,000,000","{""anio"": 2004}",18979.54132,millones de minutos,1
C.8,trafico_2005,"suma anual TRAF_SALIDA / 1,000,000","{""anio"": 2005}",25877.465,millones de minutos,1
C.8,trafico_2006,"suma anual TRAF_SALIDA / 1,000,000","{""anio"": 2006}",33082.503711,millones de minutos,1
C.8,trafico_2007,"suma anual TRAF_SALIDA / 1,000,000","{""anio"": 2007}",50826.139722,millones de minutos,1
C.8,trafico_2008,"suma anual TRAF_SALIDA / 1,000,000","{""anio"": 2008}",74770.068664,millones de minutos,1
C.8,trafico_2009,"suma anual TRAF_SALIDA / 1,000,000","{""anio"": 2009}",94143.814144,millones de minutos,1
C.8,trafico_2010,"suma anual TRAF_SALIDA / 1,000,000","{""anio"": 2010}",100480.259736,millones de minutos,1
C.8,trafico_2011,"suma anual TRAF_SALIDA / 1,000,000","{""anio"": 2011}",114910.386678,millones de minutos,1
C.8,trafico_2012,"suma anual TRAF_SALIDA / 1,000,000","{""anio"": 2012}",135079.682168,millones de minutos,1
C.8,trafico_2013,"suma anual TRAF_SALIDA / 1,000,000","{""anio"": 2013}",142104.102513,millones de minutos,1
C.8,trafico_2014,"suma anual TRAF_SALIDA / 1,000,000","{""anio"": 2014}",144788.757506,millones de minutos,1
C.8,trafico_2015,"suma anual TRAF_SALIDA / 1,000,000","{""anio"": 2015}",142431.522346,millones de minutos,1
C.8,trafico_2016,"suma anual TRAF_SALIDA / 1,000,000","{""anio"": 2016}",221969.004874,millones de minutos,1
C.8,trafico_2017,"suma anual TRAF_SALIDA / 1,000,000","{""anio"": 2017}",274561.7978,millones de minutos,1
C.8,trafico_2018,"suma anual TRAF_SALIDA / 1,000,000","{""anio"": 2018}",294792.29265,millones de minutos,1
C.8,trafico_2019,"suma anual TRAF_SALIDA / 1,000,000","{""anio"": 2019}",306524.12941763,millones de minutos,1
C.8,trafico_2020,"suma anual TRAF_SALIDA / 1,000,000","{""anio"": 2020}",315894.96978891996,millones de minutos,1
C.8,trafico_2021,"suma anual TRAF_SALIDA / 1,000,000","{""anio"": 2021}",323202.41616547,millones de minutos,1
C.8,trafico_2022,"suma anual TRAF_SALIDA / 1,000,000","{""anio"": 2022}",323870.56009444,millones de minutos,1
C.8,trafico_2023,"suma anual TRAF_SALIDA / 1,000,000","{""anio"": 2023}",308451.80234658,millones de minutos,1
C.8,trafico_2024,"suma anual TRAF_SALIDA / 1,000,000","{""anio"": 2024}",299342.13763571,millones de minutos,1
C.9,participacion_2013_América Móvil,suma de MARKET_SHARE del grupo,"{""anio"": 2013, ""grupo"": ""América Móvil""}",68.86,%,1
C.9,participacion_2013_Telefónica,suma de MARKET_SHARE del grupo,"{""anio"": 2013, ""grupo"": ""Telefónica""}",20.51,%,1
C.9,participacion_2013_AT&T,suma de MARKET_SHARE del grupo,"{""anio"": 2013, ""grupo"": ""AT&T""}",10.629999999999999,%,1
C.9,participacion_2013_Otros,suma de MARKET_SHARE del grupo,"{""anio"": 2013, ""grupo"": ""Otros""}",0.0,%,1
C.9,participacion_2014_América Móvil,suma de MARKET_SHARE del grupo,"{""anio"": 2014, ""grupo"": ""América Móvil""}",67.62,%,1
C.9,participacion_2014_Telefónica,suma de MARKET_SHARE del grupo,"{""anio"": 2014, ""grupo"": ""Telefónica""}",20.65,%,1
C.9,participacion_2014_AT&T,suma de MARKET_SHARE del grupo,"{""anio"": 2014, ""grupo"": ""AT&T""}",11.59,%,1
C.9,participacion_2014_Otros,suma de MARKET_SHARE del grupo,"{""anio"": 2014, ""grupo"": ""Otros""}",0.14,%,1
C.9,participacion_2015_América Móvil,suma de MARKET_SHARE del grupo,"{""anio"": 2015, ""grupo"": ""América Móvil""}",68.02,%,1
C.9,participacion_2015_Telefónica,suma de MARKET_SHARE del grupo,"{""anio"": 2015, ""grupo"": ""Telefónica""}",23.12,%,1
C.9,participacion_2015_AT&T,suma de MARKET_SHARE del grupo,"{""anio"": 2015, ""grupo"": ""AT&T""}",8.06,%,1
C.9,participacion_2015_Otros,suma de MARKET_SHARE del grupo,"{""anio"": 2015, ""grupo"": ""Otros""}",0.8,%,1
C.9,participacion_2016_América Móvil,suma de MARKET_SHARE del grupo,"{""anio"": 2016, ""grupo"": ""América Móvil""}",64.92,%,1
C.9,participacion_2016_Telefónica,suma de MARKET_SHARE del grupo,"{""anio"": 2016, ""grupo"": ""Telefónica""}",23.32,%,1
C.9,participacion_2016_AT&T,suma de MARKET_SHARE del grupo,"{""anio"": 2016, ""grupo"": ""AT&T""}",10.66,%,1
C.9,participacion_2016_Otros,suma de MARKET_SHARE del grupo,"{""anio"": 2016, ""grupo"": ""Otros""}",1.0999999999999999,%,1
C.9,participacion_2017_América Móvil,suma de MARKET_SHARE del grupo,"{""anio"": 2017, ""grupo"": ""América Móvil""}",64.26,%,1
C.9,participacion_2017_Telefónica,suma de MARKET_SHARE del grupo,"{""anio"": 2017, ""grupo"": ""Telefónica""}",21.43,%,1
C.9,participacion_2017_AT&T,suma de MARKET_SHARE del grupo,"{""anio"": 2017, ""grupo"": ""AT&T""}",13.02,%,1
C.9,participacion_2017_Otros,suma de MARKET_SHARE del grupo,"{""anio"": 2017, ""grupo"": ""Otros""}",1.29,%,1
C.9,participacion_2018_América Móvil,suma de MARKET_SHARE del grupo,"{""anio"": 2018, ""grupo"": ""América Móvil""}",62.49,%,1
C.9,participacion_2018_Telefónica,suma de MARKET_SHARE del grupo,"{""anio"": 2018, ""grupo"": ""Telefónica""}",21.22,%,1
C.9,participacion_2018_AT&T,suma de MARKET_SHARE del grupo,"{""anio"": 2018, ""grupo"": ""AT&T""}",14.82,%,1
C.9,participacion_2018_Otros,suma de MARKET_SHARE del grupo,"{""anio"": 2018, ""grupo"": ""Otros""}",1.43,%,1
C.9,participacion_2019_América Móvil,suma de MARKET_SHARE del grupo,"{""anio"": 2019, ""grupo"": ""América Móvil""}",62.44,%,1
C.9,participacion_2019_Telefónica,suma de MARKET_SHARE del grupo,"{""anio"": 2019, ""grupo"": ""Telefónica""}",20.63,%,1
C.9,participacion_2019_AT&T,suma de MARKET_SHARE del grupo,"{""anio"": 2019, ""grupo"": ""AT&T""}",15.27,%,1
C.9,participacion_2019_Otros,suma de MARKET_SHARE del grupo,"{""anio"": 2019, ""grupo"": ""Otros""}",1.66,%,1
C.9,participacion_2020_América Móvil,suma de MARKET_SHARE del grupo,"{""anio"": 2020, ""grupo"": ""América Móvil""}",62.5,%,1
C.9,participacion_2020_Telefónica,suma de MARKET_SHARE del grupo,"{""anio"": 2020, ""grupo"": ""Telefónica""}",20.31,%,1
C.9,participacion_2020_AT&T,suma de MARKET_SHARE del grupo,"{""anio"": 2020, ""grupo"": ""AT&T""}",15.11,%,1
C.9,participacion_2020_Otros,suma de MARKET_SHARE del grupo,"{""anio"": 2020, ""grupo"": ""Otros""}",2.07,%,1
C.9,participacion_2021_América Móvil,suma de MARKET_SHARE del grupo,"{""anio"": 2021, ""grupo"": ""América Móvil""}",63.04,%,1
C.9,participacion_2021_Telefónica,suma de MARKET_SHARE del grupo,"{""anio"": 2021, ""grupo"": ""Telefónica""}",18.14,%,1
C.9,participacion_2021_AT&T,suma de MARKET_SHARE del grupo,"{""anio"": 2021, ""grupo"": ""AT&T""}",15.81,%,1
C.9,participacion_2021_Otros,suma de MARKET_SHARE del grupo,"{""anio"": 2021, ""grupo"": ""Otros""}",3.0300000000000002,%,1
C.9,participacion_2022_América Móvil,suma de MARKET_SHARE del grupo,"{""anio"": 2022, ""grupo"": ""América Móvil""}",60.25,%,1
C.9,participacion_2022_Telefónica,suma de MARKET_SHARE del grupo,"{""anio"": 2022, ""grupo"": ""Telefónica""}",16.4,%,1
C.9,participacion_2022_AT&T,suma de MARKET_SHARE del grupo,"{""anio"": 2022, ""grupo"": ""AT&T""}",15.57,%,1
C.9,participacion_2022_Otros,suma de MARKET_SHARE del grupo,"{""anio"": 2022, ""grupo"": ""Otros""}",7.740000000000001,%,1
C.9,participacion_2023_América Móvil,suma de MARKET_SHARE del grupo,"{""anio"": 2023, ""grupo"": ""América Móvil""}",57.22,%,1
C.9,participacion_2023_Telefónica,suma de MARKET_SHARE del grupo,"{""anio"": 2023, ""grupo"": ""Telefónica""}",15.54,%,1
C.9,participacion_2023_AT&T,suma de MARKET_SHARE del grupo,"{""anio"": 2023, ""grupo"": ""AT&T""}",15.06,%,1
C.9,participacion_2023_Otros,suma de MARKET_SHARE del grupo,"{""anio"": 2023, ""grupo"": ""Otros""}",12.13,%,1
C.9,participacion_2024_América Móvil,suma de MARKET_SHARE del grupo,"{""anio"": 2024, ""grupo"": ""América Móvil""}",54.95,%,1
C.9,participacion_2024_Telefónica,suma de MARKET_SHARE del grupo,"{""anio"": 2024, ""grupo"": ""Telefónica""}",14.18,%,1
C.9,participacion_2024_AT&T,suma de MARKET_SHARE del grupo,"{""anio"": 2024, ""grupo"": ""AT&T""}",14.99,%,1
C.9,participacion_2024_Otros,suma de MARKET_SHARE del grupo,"{""anio"": 2024, ""grupo"": ""Otros""}",15.86,%,1
C.10,ihh_2013,IHH_TELMOVIL_E publicado por BIT,"{""anio"": 2013}",5229.0,puntos IHH,0
C.10,ihh_2014,IHH_TELMOVIL_E publicado por BIT,"{""anio"": 2014}",5084.0,puntos IHH,0
C.10,ihh_2015,IHH_TELMOVIL_E publicado por BIT,"{""anio"": 2015}",5227.0,puntos IHH,0
C.10,ihh_2016,IHH_TELMOVIL_E publicado por BIT,"{""anio"": 2016}",4873.0,puntos IHH,0
C.10,ihh_2017,IHH_TELMOVIL_E publicado por BIT,"{""anio"": 2017}",4759.0,puntos IHH,0
C.10,ihh_2018,IHH_TELMOVIL_E publicado por BIT,"{""anio"": 2018}",4576.0,puntos IHH,0
C.10,ihh_2019,IHH_TELMOVIL_E publicado por BIT,"{""anio"": 2019}",4558.0,puntos IHH,0
C.10,ihh_2020,IHH_TELMOVIL_E publicado por BIT,"{""anio"": 2020}",4549.0,puntos IHH,0
C.10,ihh_2021,IHH_TELMOVIL_E publicado por BIT,"{""anio"": 2021}",4555.0,puntos IHH,0
C.10,ihh_2022,IHH_TELMOVIL_E publicado por BIT,"{""anio"": 2022}",4161.0,puntos IHH,0
C.10,ihh_2023,IHH_TELMOVIL_E publicado por BIT,"{""anio"": 2023}",3812.0,puntos IHH,0
C.10,ihh_2024,IHH_TELMOVIL_E publicado por BIT,"{""anio"": 2024}",3589.0,puntos IHH,0
C.11,lineas_internet_2010,"suma L_TOTAL_E / 1,000,000","{""anio"": 2010}",4.820931,millones,1
C.11,lineas_internet_2011,"suma L_TOTAL_E / 1,000,000","{""anio"": 2011}",14.40206,millones,1
C.11,lineas_internet_2012,"suma L_TOTAL_E / 1,000,000","{""anio"": 2012}",24.480549,millones,1
C.11,lineas_internet_2013,"suma L_TOTAL_E / 1,000,000","{""anio"": 2013}",34.614402,millones,1
C.11,lineas_internet_2014,"suma L_TOTAL_E / 1,000,000","{""anio"": 2014}",51.45275,millones,1
C.11,lineas_internet_2015,"suma L_TOTAL_E / 1,000,000","{""anio"": 2015}",63.919616,millones,1
C.11,lineas_internet_2016,"suma L_TOTAL_E / 1,000,000","{""anio"": 2016}",75.07302,millones,1
C.11,lineas_internet_2017,"suma L_TOTAL_E / 1,000,000","{""anio"": 2017}",81.103052,millones,1
C.11,lineas_internet_2018,"suma L_TOTAL_E / 1,000,000","{""anio"": 2018}",88.290836,millones,1
C.11,lineas_internet_2019,"suma L_TOTAL_E / 1,000,000","{""anio"": 2019}",97.456659,millones,1
C.11,lineas_internet_2020,"suma L_TOTAL_E / 1,000,000","{""anio"": 2020}",101.377519,millones,1
C.11,lineas_internet_2021,"suma L_TOTAL_E / 1,000,000","{""anio"": 2021}",109.476731,millones,1
C.11,lineas_internet_2022,"suma L_TOTAL_E / 1,000,000","{""anio"": 2022}",119.899795,millones,1
C.11,lineas_internet_2023,"suma L_TOTAL_E / 1,000,000","{""anio"": 2023}",126.204682,millones,1
C.11,lineas_internet_2024,"suma L_TOTAL_E / 1,000,000","{""anio"": 2024}",135.808948,millones,1
C.12,teledensidad_internet_2010,T_H_INTMOVIL_E publicado por BIT,"{""anio"": 2010}",4.0,líneas por cada 100 habitantes,0
C.12,teledensidad_internet_2011,T_H_INTMOVIL_E publicado por BIT,"{""anio"": 2011}",12.0,líneas por cada 100 habitantes,0
C.12,teledensidad_internet_2012,T_H_INTMOVIL_E publicado por BIT,"{""anio"": 2012}",21.0,líneas por cada 100 habitantes,0
C.12,teledensidad_internet_2013,T_H_INTMOVIL_E publicado por BIT,"{""anio"": 2013}",29.0,líneas por cada 100 habitantes,0
C.12,teledensidad_internet_2014,T_H_INTMOVIL_E publicado por BIT,"{""anio"": 2014}",43.0,líneas por cada 100 habitantes,0
C.12,teledensidad_internet_2015,T_H_INTMOVIL_E publicado por BIT,"{""anio"": 2015}",53.0,líneas por cada 100 habitantes,0
C.12,teledensidad_internet_2016,T_H_INTMOVIL_E publicado por BIT,"{""anio"": 2016}",62.0,líneas por cada 100 habitantes,0
C.12,teledensidad_internet_2017,T_H_INTMOVIL_E publicado por BIT,"{""anio"": 2017}",66.0,líneas por cada 100 habitantes,0
C.12,teledensidad_internet_2018,T_H_INTMOVIL_E publicado por BIT,"{""anio"": 2018}",71.0,líneas por cada 100 habitantes,0
C.12,teledensidad_internet_2019,T_H_INTMOVIL_E publicado por BIT,"{""anio"": 2019}",78.0,líneas por cada 100 habitantes,0
C.12,teledensidad_internet_2020,T_H_INTMOVIL_E publicado por BIT,"{""anio"": 2020}",79.0,líneas por cada 100 habitantes,0
C.12,teledensidad_internet_2021,T_H_INTMOVIL_E publicado por BIT,"{""anio"": 2021}",85.0,líneas por cada 100 habitantes,0
C.12,teledensidad_internet_2022,T_H_INTMOVIL_E publicado por BIT,"{""anio"": 2022}",92.0,líneas por cada 100 habitantes,0
C.12,teledensidad_internet_2023,T_H_INTMOVIL_E publicado por BIT,"{""anio"": 2023}",96.0,líneas por cada 100 habitantes,0
C.12,teledensidad_internet_2024,T_H_INTMOVIL_E publicado por BIT,"{""anio"": 2024}",102.0,líneas por cada 100 habitantes,0
C.13,teledensidad_internet_01,T_INTMOVIL_ITE_VA publicado por BIT,"{""anio"": 2024, ""entidad"": ""Aguascalientes""}",91,líneas por cada 100 habitantes,0
C.13,teledensidad_internet_02,T_INTMOVIL_ITE_VA publicado por BIT,"{""anio"": 2024, ""entidad"": ""Baja California""}",107,líneas por cada 100 habitantes,0
C.13,teledensidad_internet_03,T_INTMOVIL_ITE_VA publicado por BIT,"{""anio"": 2024, ""entidad"": ""Baja California Sur""}",120,líneas por cada 100 habitantes,0
C.13,teledensidad_internet_04,T_INTMOVIL_ITE_VA publicado por BIT,"{""anio"": 2024, ""entidad"": ""Campeche""}",109,líneas por cada 100 habitantes,0
C.13,teledensidad_internet_05,T_INTMOVIL_ITE_VA publicado por BIT,"{""anio"": 2024, ""entidad"": ""Coahuila de Zaragoza""}",108,líneas por cada 100 habitantes,0
C.13,teledensidad_internet_06,T_INTMOVIL_ITE_VA publicado por BIT,"{""anio"": 2024, ""entidad"": ""Colima""}",108,líneas por cada 100 habitantes,0
C.13,teledensidad_internet_07,T_INTMOVIL_ITE_VA publicado por BIT,"{""anio"": 2024, ""entidad"": ""Chiapas""}",70,líneas por cada 100 habitantes,0
C.13,teledensidad_internet_08,T_INTMOVIL_ITE_VA publicado por BIT,"{""anio"": 2024, ""entidad"": ""Chihuahua""}",105,líneas por cada 100 habitantes,0
C.13,teledensidad_internet_09,T_INTMOVIL_ITE_VA publicado por BIT,"{""anio"": 2024, ""entidad"": ""Ciudad de México""}",125,líneas por cada 100 habitantes,0
C.13,teledensidad_internet_10,T_INTMOVIL_ITE_VA publicado por BIT,"{""anio"": 2024, ""entidad"": ""Durango""}",105,líneas por cada 100 habitantes,0
C.13,teledensidad_internet_11,T_INTMOVIL_ITE_VA publicado por BIT,"{""anio"": 2024, ""entidad"": ""Guanajuato""}",89,líneas por cada 100 habitantes,0
C.13,teledensidad_internet_12,T_INTMOVIL_ITE_VA publicado por BIT,"{""anio"": 2024, ""entidad"": ""Guerrero""}",95,líneas por cada 100 habitantes,0
C.13,teledensidad_internet_13,T_INTMOVIL_ITE_VA publicado por BIT,"{""anio"": 2024, ""entidad"": ""Hidalgo""}",110,líneas por cada 100 habitantes,0
C.13,teledensidad_internet_14,T_INTMOVIL_ITE_VA publicado por BIT,"{""anio"": 2024, ""entidad"": ""Jalisco""}",108,líneas por cada 100 habitantes,0
C.13,teledensidad_internet_15,T_INTMOVIL_ITE_VA publicado por BIT,"{""anio"": 2024, ""entidad"": ""México""}",107,líneas por cada 100 habitantes,0
C.13,teledensidad_internet_16,T_INTMOVIL_ITE_VA publicado por BIT,"{""anio"": 2024, ""entidad"": ""Michoacán de Ocampo""}",104,líneas por cada 100 habitantes,0
C.13,teledensidad_internet_17,T_INTMOVIL_ITE_VA publicado por BIT,"{""anio"": 2024, ""entidad"": ""Morelos""}",108,líneas por cada 100 habitantes,0
C.13,teledensidad_internet_18,T_INTMOVIL_ITE_VA publicado por BIT,"{""anio"": 2024, ""entidad"": ""Nayarit""}",107,líneas por cada 100 habitantes,0
C.13,teledensidad_internet_19,T_INTMOVIL_ITE_VA publicado por BIT,"{""anio"": 2024, ""entidad"": ""Nuevo León""}",97,líneas por cada 100 habitantes,0
C.13,teledensidad_internet_20,T_INTMOVIL_ITE_VA publicado por BIT,"{""anio"": 2024, ""entidad"": ""Oaxaca""}",77,líneas por cada 100 habitantes,0
C.13,teledensidad_internet_21,T_INTMOVIL_ITE_VA publicado por BIT,"{""anio"": 2024, ""entidad"": ""Puebla""}",93,líneas por cada 100 habitantes,0
C.13,teledensidad_internet_22,T_INTMOVIL_ITE_VA publicado por BIT,"{""anio"": 2024, ""entidad"": ""Querétaro""}",103,líneas por cada 100 habitantes,0
C.13,teledensidad_internet_23,T_INTMOVIL_ITE_VA publicado por BIT,"{""anio"": 2024, ""entidad"": ""Quintana Roo""}",111,líneas por cada 100 habitantes,0
C.13,teledensidad_internet_24,T_INTMOVIL_ITE_VA publicado por BIT,"{""anio"": 2024, ""entidad"": ""San Luis Potosí""}",103,líneas por cada 100 habitantes,0
C.13,teledensidad_internet_25,T_INTMOVIL_ITE_VA publicado por BIT,"{""anio"": 2024, ""entidad"": ""Sinaloa""}",109,líneas por cada 100 habitantes,0
C.13,teledensidad_internet_26,T_INTMOVIL_ITE_VA publicado por BIT,"{""anio"": 2024, ""entidad"": ""Sonora""}",128,líneas por cada 100 habitantes,0
C.13,teledensidad_internet_27,T_INTMOVIL_ITE_VA publicado por BIT,"{""anio"": 2024, ""entidad"": ""Tabasco""}",106,líneas por cada 100 habitantes,0
C.13,teledensidad_internet_28,T_INTMOVIL_ITE_VA publicado por BIT,"{""anio"": 2024, ""entidad"": ""Tamaulipas""}",112,líneas por cada 100 habitantes,0
C.13,teledensidad_internet_29,T_INTMOVIL_ITE_VA publicado por BIT,"{""anio"": 2024, ""entidad"": ""Tlaxcala""}",112,líneas por cada 100 habitantes,0
C.13,teledensidad_internet_30,T_INTMOVIL_ITE_VA publicado por BIT,"{""anio"": 2024, ""entidad"": ""Veracruz de Ignacio de la Llave""}",89,líneas por cada 100 habitantes,0
C.13,teledensidad_internet_31,T_INTMOVIL_ITE_VA publicado por BIT,"{""anio"": 2024, ""entidad"": ""Yucatán""}",104,líneas por cada 100 habitantes,0
C.13,teledensidad_internet_32,T_INTMOVIL_ITE_VA publicado por BIT,"{""anio"": 2024, ""entidad"": ""Zacatecas""}",97,líneas por cada 100 habitantes,0
C.13,teledensidad_internet_nacional,T_H_INTMOVIL_E publicado por BIT,"{""anio"": 2024}",102.0,líneas por cada 100 habitantes,0
C.14,participacion_2g_2015,tráfico 2G / TOTAL_TB_E * 100,"{""anio"": 2015}",3.5021736774789876,%,1
C.14,participacion_3g_2015,tráfico 3G / TOTAL_TB_E * 100,"{""anio"": 2015}",67.34006112109658,%,1
C.14,participacion_4g_2015,tráfico 4G / TOTAL_TB_E * 100,"{""anio"": 2015}",29.157765201518487,%,1
C.14,participacion_2g_2016,tráfico 2G / TOTAL_TB_E * 100,"{""anio"": 2016}",1.939136346746851,%,1
C.14,participacion_3g_2016,tráfico 3G / TOTAL_TB_E * 100,"{""anio"": 2016}",60.503447969471644,%,1
C.14,participacion_4g_2016,tráfico 4G / TOTAL_TB_E * 100,"{""anio"": 2016}",37.55741568238328,%,1
C.14,participacion_2g_2017,tráfico 2G / TOTAL_TB_E * 100,"{""anio"": 2017}",0.676286951145447,%,1
C.14,participacion_3g_2017,tráfico 3G / TOTAL_TB_E * 100,"{""anio"": 2017}",46.02818576201068,%,1
C.14,participacion_4g_2017,tráfico 4G / TOTAL_TB_E * 100,"{""anio"": 2017}",53.295527287612806,%,1
C.14,participacion_2g_2018,tráfico 2G / TOTAL_TB_E * 100,"{""anio"": 2018}",0.3444387165594348,%,1
C.14,participacion_3g_2018,tráfico 3G / TOTAL_TB_E * 100,"{""anio"": 2018}",32.76829934866494,%,1
C.14,participacion_4g_2018,tráfico 4G / TOTAL_TB_E * 100,"{""anio"": 2018}",66.88705994756289,%,1
C.14,participacion_2g_2019,tráfico 2G / TOTAL_TB_E * 100,"{""anio"": 2019}",0.19255016608365969,%,1
C.14,participacion_3g_2019,tráfico 3G / TOTAL_TB_E * 100,"{""anio"": 2019}",23.259605589756614,%,1
C.14,participacion_4g_2019,tráfico 4G / TOTAL_TB_E * 100,"{""anio"": 2019}",76.54267852491633,%,1
C.14,participacion_2g_2020,tráfico 2G / TOTAL_TB_E * 100,"{""anio"": 2020}",0.13039133435080597,%,1
C.14,participacion_3g_2020,tráfico 3G / TOTAL_TB_E * 100,"{""anio"": 2020}",18.801657431854156,%,1
C.14,participacion_4g_2020,tráfico 4G / TOTAL_TB_E * 100,"{""anio"": 2020}",81.03979088615795,%,1
C.14,participacion_2g_2021,tráfico 2G / TOTAL_TB_E * 100,"{""anio"": 2021}",0.11206924430991992,%,1
C.14,participacion_3g_2021,tráfico 3G / TOTAL_TB_E * 100,"{""anio"": 2021}",14.613698229858372,%,1
C.14,participacion_4g_2021,tráfico 4G / TOTAL_TB_E * 100,"{""anio"": 2021}",84.61690057407665,%,1
C.14,participacion_2g_2022,tráfico 2G / TOTAL_TB_E * 100,"{""anio"": 2022}",0.11289521243663503,%,1
C.14,participacion_3g_2022,tráfico 3G / TOTAL_TB_E * 100,"{""anio"": 2022}",11.258948035592184,%,1
C.14,participacion_4g_2022,tráfico 4G / TOTAL_TB_E * 100,"{""anio"": 2022}",85.53017698656348,%,1
C.14,participacion_2g_2023,tráfico 2G / TOTAL_TB_E * 100,"{""anio"": 2023}",0.1078558486964813,%,1
C.14,participacion_3g_2023,tráfico 3G / TOTAL_TB_E * 100,"{""anio"": 2023}",9.310012284276718,%,1
C.14,participacion_4g_2023,tráfico 4G / TOTAL_TB_E * 100,"{""anio"": 2023}",83.66983421162631,%,1
C.14,participacion_2g_2024,tráfico 2G / TOTAL_TB_E * 100,"{""anio"": 2024}",0.07770487167799753,%,1
C.14,participacion_3g_2024,tráfico 3G / TOTAL_TB_E * 100,"{""anio"": 2024}",7.369608788452919,%,1
C.14,participacion_4g_2024,tráfico 4G / TOTAL_TB_E * 100,"{""anio"": 2024}",82.20235302003483,%,1
C.15,participacion_2013_América Móvil,suma de MARKET_SHARE del grupo,"{""anio"": 2013, ""grupo"": ""América Móvil""}",81.59,%,1
C.15,participacion_2013_AT&T,suma de MARKET_SHARE del grupo,"{""anio"": 2013, ""grupo"": ""AT&T""}",0.0,%,1
C.15,participacion_2013_Grupo Walmart,suma de MARKET_SHARE del grupo,"{""anio"": 2013, ""grupo"": ""Grupo Walmart""}",0.0,%,1
C.15,participacion_2013_Telefónica,suma de MARKET_SHARE del grupo,"{""anio"": 2013, ""grupo"": ""Telefónica""}",9.13,%,1
C.15,participacion_2013_Otros,suma de MARKET_SHARE del grupo,"{""anio"": 2013, ""grupo"": ""Otros""}",9.280000000000001,%,1
C.15,participacion_2014_América Móvil,suma de MARKET_SHARE del grupo,"{""anio"": 2014, ""grupo"": ""América Móvil""}",74.58,%,1
C.15,participacion_2014_AT&T,suma de MARKET_SHARE del grupo,"{""anio"": 2014, ""grupo"": ""AT&T""}",0.0,%,1
C.15,participacion_2014_Grupo Walmart,suma de MARKET_SHARE del grupo,"{""anio"": 2014, ""grupo"": ""Grupo Walmart""}",0.0,%,1
C.15,participacion_2014_Telefónica,suma de MARKET_SHARE del grupo,"{""anio"": 2014, ""grupo"": ""Telefónica""}",15.3,%,1
C.15,participacion_2014_Otros,suma de MARKET_SHARE del grupo,"{""anio"": 2014, ""grupo"": ""Otros""}",10.12,%,1
C.15,participacion_2015_América Móvil,suma de MARKET_SHARE del grupo,"{""anio"": 2015, ""grupo"": ""América Móvil""}",70.35,%,1
C.15,participacion_2015_AT&T,suma de MARKET_SHARE del grupo,"{""anio"": 2015, ""grupo"": ""AT&T""}",9.88,%,1
C.15,participacion_2015_Grupo Walmart,suma de MARKET_SHARE del grupo,"{""anio"": 2015, ""grupo"": ""Grupo Walmart""}",0.0,%,1
C.15,participacion_2015_Telefónica,suma de MARKET_SHARE del grupo,"{""anio"": 2015, ""grupo"": ""Telefónica""}",18.45,%,1
C.15,participacion_2015_Otros,suma de MARKET_SHARE del grupo,"{""anio"": 2015, ""grupo"": ""Otros""}",1.32,%,1
C.15,participacion_2016_América Móvil,suma de MARKET_SHARE del grupo,"{""anio"": 2016, ""grupo"": ""América Móvil""}",71.25,%,1
C.15,participacion_2016_AT&T,suma de MARKET_SHARE del grupo,"{""anio"": 2016, ""grupo"": ""AT&T""}",13.0,%,1
C.15,participacion_2016_Grupo Walmart,suma de MARKET_SHARE del grupo,"{""anio"": 2016, ""grupo"": ""Grupo Walmart""}",0.0,%,1
C.15,participacion_2016_Telefónica,suma de MARKET_SHARE del grupo,"{""anio"": 2016, ""grupo"": ""Telefónica""}",14.12,%,1
C.15,participacion_2016_Otros,suma de MARKET_SHARE del grupo,"{""anio"": 2016, ""grupo"": ""Otros""}",1.6300000000000001,%,1
C.15,participacion_2017_América Móvil,suma de MARKET_SHARE del grupo,"{""anio"": 2017, ""grupo"": ""América Móvil""}",70.66,%,1
C.15,participacion_2017_AT&T,suma de MARKET_SHARE del grupo,"{""anio"": 2017, ""grupo"": ""AT&T""}",15.05,%,1
C.15,participacion_2017_Grupo Walmart,suma de MARKET_SHARE del grupo,"{""anio"": 2017, ""grupo"": ""Grupo Walmart""}",0.0,%,1
C.15,participacion_2017_Telefónica,suma de MARKET_SHARE del grupo,"{""anio"": 2017, ""grupo"": ""Telefónica""}",12.46,%,1
C.15,participacion_2017_Otros,suma de MARKET_SHARE del grupo,"{""anio"": 2017, ""grupo"": ""Otros""}",1.83,%,1
C.15,participacion_2018_América Móvil,suma de MARKET_SHARE del grupo,"{""anio"": 2018, ""grupo"": ""América Móvil""}",70.72,%,1
C.15,participacion_2018_AT&T,suma de MARKET_SHARE del grupo,"{""anio"": 2018, ""grupo"": ""AT&T""}",15.56,%,1
C.15,participacion_2018_Grupo Walmart,suma de MARKET_SHARE del grupo,"{""anio"": 2018, ""grupo"": ""Grupo Walmart""}",0.0,%,1
C.15,participacion_2018_Telefónica,suma de MARKET_SHARE del grupo,"{""anio"": 2018, ""grupo"": ""Telefónica""}",11.72,%,1
C.15,participacion_2018_Otros,suma de MARKET_SHARE del grupo,"{""anio"": 2018, ""grupo"": ""Otros""}",2.0,%,1
C.15,participacion_2019_América Móvil,suma de MARKET_SHARE del grupo,"{""anio"": 2019, ""grupo"": ""América Móvil""}",69.83,%,1
C.15,participacion_2019_AT&T,suma de MARKET_SHARE del grupo,"{""anio"": 2019, ""grupo"": ""AT&T""}",17.14,%,1
C.15,participacion_2019_Grupo Walmart,suma de MARKET_SHARE del grupo,"{""anio"": 2019, ""grupo"": ""Grupo Walmart""}",0.0,%,1
C.15,participacion_2019_Telefónica,suma de MARKET_SHARE del grupo,"{""anio"": 2019, ""grupo"": ""Telefónica""}",10.92,%,1
C.15,participacion_2019_Otros,suma de MARKET_SHARE del grupo,"{""anio"": 2019, ""grupo"": ""Otros""}",2.11,%,1
C.15,participacion_2020_América Móvil,suma de MARKET_SHARE del grupo,"{""anio"": 2020, ""grupo"": ""América Móvil""}",71.01,%,1
C.15,participacion_2020_AT&T,suma de MARKET_SHARE del grupo,"{""anio"": 2020, ""grupo"": ""AT&T""}",16.06,%,1
C.15,participacion_2020_Grupo Walmart,suma de MARKET_SHARE del grupo,"{""anio"": 2020, ""grupo"": ""Grupo Walmart""}",0.0,%,1
C.15,participacion_2020_Telefónica,suma de MARKET_SHARE del grupo,"{""anio"": 2020, ""grupo"": ""Telefónica""}",10.41,%,1
C.15,participacion_2020_Otros,suma de MARKET_SHARE del grupo,"{""anio"": 2020, ""grupo"": ""Otros""}",2.4899999999999998,%,1
C.15,participacion_2021_América Móvil,suma de MARKET_SHARE del grupo,"{""anio"": 2021, ""grupo"": ""América Móvil""}",70.15,%,1
C.15,participacion_2021_AT&T,suma de MARKET_SHARE del grupo,"{""anio"": 2021, ""grupo"": ""AT&T""}",17.47,%,1
C.15,participacion_2021_Grupo Walmart,suma de MARKET_SHARE del grupo,"{""anio"": 2021, ""grupo"": ""Grupo Walmart""}",0.0,%,1
C.15,participacion_2021_Telefónica,suma de MARKET_SHARE del grupo,"{""anio"": 2021, ""grupo"": ""Telefónica""}",9.58,%,1
C.15,participacion_2021_Otros,suma de MARKET_SHARE del grupo,"{""anio"": 2021, ""grupo"": ""Otros""}",2.78,%,1
C.15,participacion_2022_América Móvil,suma de MARKET_SHARE del grupo,"{""anio"": 2022, ""grupo"": ""América Móvil""}",65.93,%,1
C.15,participacion_2022_AT&T,suma de MARKET_SHARE del grupo,"{""anio"": 2022, ""grupo"": ""AT&T""}",17.13,%,1
C.15,participacion_2022_Grupo Walmart,suma de MARKET_SHARE del grupo,"{""anio"": 2022, ""grupo"": ""Grupo Walmart""}",4.68,%,1
C.15,participacion_2022_Telefónica,suma de MARKET_SHARE del grupo,"{""anio"": 2022, ""grupo"": ""Telefónica""}",8.28,%,1
C.15,participacion_2022_Otros,suma de MARKET_SHARE del grupo,"{""anio"": 2022, ""grupo"": ""Otros""}",3.95,%,1
C.15,participacion_2023_América Móvil,suma de MARKET_SHARE del grupo,"{""anio"": 2023, ""grupo"": ""América Móvil""}",63.66,%,1
C.15,participacion_2023_AT&T,suma de MARKET_SHARE del grupo,"{""anio"": 2023, ""grupo"": ""AT&T""}",14.59,%,1
C.15,participacion_2023_Grupo Walmart,suma de MARKET_SHARE del grupo,"{""anio"": 2023, ""grupo"": ""Grupo Walmart""}",9.44,%,1
C.15,participacion_2023_Telefónica,suma de MARKET_SHARE del grupo,"{""anio"": 2023, ""grupo"": ""Telefónica""}",7.64,%,1
C.15,participacion_2023_Otros,suma de MARKET_SHARE del grupo,"{""anio"": 2023, ""grupo"": ""Otros""}",4.66,%,1
C.15,participacion_2024_América Móvil,suma de MARKET_SHARE del grupo,"{""anio"": 2024, ""grupo"": ""América Móvil""}",59.71,%,1
C.15,participacion_2024_AT&T,suma de MARKET_SHARE del grupo,"{""anio"": 2024, ""grupo"": ""AT&T""}",15.4,%,1
C.15,participacion_2024_Grupo Walmart,suma de MARKET_SHARE del grupo,"{""anio"": 2024, ""grupo"": ""Grupo Walmart""}",13.43,%,1
C.15,participacion_2024_Telefónica,suma de MARKET_SHARE del grupo,"{""anio"": 2024, ""grupo"": ""Telefónica""}",6.98,%,1
C.15,participacion_2024_Otros,suma de MARKET_SHARE del grupo,"{""anio"": 2024, ""grupo"": ""Otros""}",4.49,%,1
C.16,ihh_internet_movil_2013,IHH_TELFIJA_E publicado por BIT,"{""anio"": 2013}",6786,puntos IHH,0
C.16,ihh_internet_movil_2014,IHH_TELFIJA_E publicado por BIT,"{""anio"": 2014}",5848,puntos IHH,0
C.16,ihh_internet_movil_2015,IHH_TELFIJA_E publicado por BIT,"{""anio"": 2015}",5388,puntos IHH,0
C.16,ihh_internet_movil_2016,IHH_TELFIJA_E publicado por BIT,"{""anio"": 2016}",5446,puntos IHH,0
C.16,ihh_internet_movil_2017,IHH_TELFIJA_E publicado por BIT,"{""anio"": 2017}",5376,puntos IHH,0
C.16,ihh_internet_movil_2018,IHH_TELFIJA_E publicado por BIT,"{""anio"": 2018}",5380,puntos IHH,0
C.16,ihh_internet_movil_2019,IHH_TELFIJA_E publicado por BIT,"{""anio"": 2019}",5290,puntos IHH,0
C.16,ihh_internet_movil_2020,IHH_TELFIJA_E publicado por BIT,"{""anio"": 2020}",5409,puntos IHH,0
C.16,ihh_internet_movil_2021,IHH_TELFIJA_E publicado por BIT,"{""anio"": 2021}",5319,puntos IHH,0
C.16,ihh_internet_movil_2022,IHH_TELFIJA_E publicado por BIT,"{""anio"": 2022}",4733,puntos IHH,0
C.16,ihh_internet_movil_2023,IHH_TELFIJA_E publicado por BIT,"{""anio"": 2023}",4417,puntos IHH,0
C.16,ihh_internet_movil_2024,IHH_TELFIJA_E publicado por BIT,"{""anio"": 2024}",4033,puntos IHH,0
D.2,uso_tic_6 a 11,suma(indicador * FAC_PER) / suma(FAC_PER) * 100,"{""anio"": 2025, ""grupo_edad"": ""6 a 11"", ""poblacion_expandida"": 12273698, ""smartphone"": ""P8_1=1 y P8_4_2=1"", ""internet"": ""P7_1=1""}","{'smartphone_pct': 40.03657251465695, 'internet_pct': 81.0915341081392}",porcentaje,1
D.2,uso_tic_12 a 17,suma(indicador * FAC_PER) / suma(FAC_PER) * 100,"{""anio"": 2025, ""grupo_edad"": ""12 a 17"", ""poblacion_expandida"": 13839755, ""smartphone"": ""P8_1=1 y P8_4_2=1"", ""internet"": ""P7_1=1""}","{'smartphone_pct': 84.17839766672171, 'internet_pct': 94.9115284193976}",porcentaje,1
D.2,uso_tic_18 a 24,suma(indicador * FAC_PER) / suma(FAC_PER) * 100,"{""anio"": 2025, ""grupo_edad"": ""18 a 24"", ""poblacion_expandida"": 14287256, ""smartphone"": ""P8_1=1 y P8_4_2=1"", ""internet"": ""P7_1=1""}","{'smartphone_pct': 97.24787600922109, 'internet_pct': 97.90982957119267}",porcentaje,1
D.2,uso_tic_25 a 34,suma(indicador * FAC_PER) / suma(FAC_PER) * 100,"{""anio"": 2025, ""grupo_edad"": ""25 a 34"", ""poblacion_expandida"": 18890982, ""smartphone"": ""P8_1=1 y P8_4_2=1"", ""internet"": ""P7_1=1""}","{'smartphone_pct': 96.17890695147557, 'internet_pct': 96.52896286704417}",porcentaje,1
D.2,uso_tic_35 a 44,suma(indicador * FAC_PER) / suma(FAC_PER) * 100,"{""anio"": 2025, ""grupo_edad"": ""35 a 44"", ""poblacion_expandida"": 18257250, ""smartphone"": ""P8_1=1 y P8_4_2=1"", ""internet"": ""P7_1=1""}","{'smartphone_pct': 94.4133974174643, 'internet_pct': 94.27526051294691}",porcentaje,1
D.2,uso_tic_45 a 54,suma(indicador * FAC_PER) / suma(FAC_PER) * 100,"{""anio"": 2025, ""grupo_edad"": ""45 a 54"", ""poblacion_expandida"": 17044720, ""smartphone"": ""P8_1=1 y P8_4_2=1"", ""internet"": ""P7_1=1""}","{'smartphone_pct': 90.36384874612196, 'internet_pct': 88.8574056951361}",porcentaje,1
D.2,uso_tic_55 o más,suma(indicador * FAC_PER) / suma(FAC_PER) * 100,"{""anio"": 2025, ""grupo_edad"": ""55 o más"", ""poblacion_expandida"": 27313096, ""smartphone"": ""P8_1=1 y P8_4_2=1"", ""internet"": ""P7_1=1""}","{'smartphone_pct': 69.16976017658342, 'internet_pct': 63.09820754117366}",porcentaje,1
D.3,horas_internet_6 a 11,"suma(P7_4 * FAC_PER) / suma(FAC_PER), sólo P7_4 válido","{""anio"": 2025, ""grupo_edad"": ""6 a 11"", ""poblacion_expandida_con_respuesta"": 9952930}",2.5349503111144154,horas diarias,1
D.3,horas_internet_12 a 17,"suma(P7_4 * FAC_PER) / suma(FAC_PER), sólo P7_4 válido","{""anio"": 2025, ""grupo_edad"": ""12 a 17"", ""poblacion_expandida_con_respuesta"": 13135523}",4.345559746650362,horas diarias,1
D.3,horas_internet_18 a 24,"suma(P7_4 * FAC_PER) / suma(FAC_PER), sólo P7_4 válido","{""anio"": 2025, ""grupo_edad"": ""18 a 24"", ""poblacion_expandida_con_respuesta"": 13988628}",5.881527194804237,horas diarias,1
D.3,horas_internet_25 a 34,"suma(P7_4 * FAC_PER) / suma(FAC_PER), sólo P7_4 válido","{""anio"": 2025, ""grupo_edad"": ""25 a 34"", ""poblacion_expandida_con_respuesta"": 18235269}",5.591623737494632,horas diarias,1
D.3,horas_internet_35 a 44,"suma(P7_4 * FAC_PER) / suma(FAC_PER), sólo P7_4 válido","{""anio"": 2025, ""grupo_edad"": ""35 a 44"", ""poblacion_expandida_con_respuesta"": 17212070}",4.736806961626347,horas diarias,1
D.3,horas_internet_45 a 54,"suma(P7_4 * FAC_PER) / suma(FAC_PER), sólo P7_4 válido","{""anio"": 2025, ""grupo_edad"": ""45 a 54"", ""poblacion_expandida_con_respuesta"": 15145496}",3.957041750233865,horas diarias,1
D.3,horas_internet_55 a 64,"suma(P7_4 * FAC_PER) / suma(FAC_PER), sólo P7_4 válido","{""anio"": 2025, ""grupo_edad"": ""55 a 64"", ""poblacion_expandida_con_respuesta"": 10444722}",3.2655870591864486,horas diarias,1
D.3,horas_internet_65 o más,"suma(P7_4 * FAC_PER) / suma(FAC_PER), sólo P7_4 válido","{""anio"": 2025, ""grupo_edad"": ""65 o más"", ""poblacion_expandida_con_respuesta"": 6789352}",2.900961240483628,horas diarias,1
D.4,universo_usuarios_iot,suma(FAC_PER donde cualquier P9_1_1..P9_1_10=1),"{""anio"": 2025}",44867547,personas,0
D.4,uso_P9_1_8,suma(FAC_PER donde variable=1) / suma(FAC_PER donde cualquier dispositivo=1) * 100,"{""anio"": 2025, ""variable"": ""P9_1_8"", ""usuarios_expandidos"": 23936102, ""universo_iot"": 44867547}",53.348363350463536,porcentaje,1
D.4,uso_P9_1_1,suma(FAC_PER donde variable=1) / suma(FAC_PER donde cualquier dispositivo=1) * 100,"{""anio"": 2025, ""variable"": ""P9_1_1"", ""usuarios_expandidos"": 25345344, ""universo_iot"": 44867547}",56.48925714615065,porcentaje,1
D.4,uso_P9_1_2,suma(FAC_PER donde variable=1) / suma(FAC_PER donde cualquier dispositivo=1) * 100,"{""anio"": 2025, ""variable"": ""P9_1_2"", ""usuarios_expandidos"": 13748111, ""universo_iot"": 44867547}",30.641548110486184,porcentaje,1
D.4,uso_P9_1_5,suma(FAC_PER donde variable=1) / suma(FAC_PER donde cualquier dispositivo=1) * 100,"{""anio"": 2025, ""variable"": ""P9_1_5"", ""usuarios_expandidos"": 4826990, ""universo_iot"": 44867547}",10.758310455438984,porcentaje,1
D.4,uso_P9_1_7,suma(FAC_PER donde variable=1) / suma(FAC_PER donde cualquier dispositivo=1) * 100,"{""anio"": 2025, ""variable"": ""P9_1_7"", ""usuarios_expandidos"": 3320140, ""universo_iot"": 44867547}",7.39986966526162,porcentaje,1
D.4,uso_P9_1_6,suma(FAC_PER donde variable=1) / suma(FAC_PER donde cualquier dispositivo=1) * 100,"{""anio"": 2025, ""variable"": ""P9_1_6"", ""usuarios_expandidos"": 2790167, ""universo_iot"": 44867547}",6.218675159575807,porcentaje,1
D.4,uso_P9_1_3,suma(FAC_PER donde variable=1) / suma(FAC_PER donde cualquier dispositivo=1) * 100,"{""anio"": 2025, ""variable"": ""P9_1_3"", ""usuarios_expandidos"": 1906409, ""universo_iot"": 44867547}",4.248970865289337,porcentaje,1
D.4,uso_P9_1_9,suma(FAC_PER donde variable=1) / suma(FAC_PER donde cualquier dispositivo=1) * 100,"{""anio"": 2025, ""variable"": ""P9_1_9"", ""usuarios_expandidos"": 1977601, ""universo_iot"": 44867547}",4.407642343362342,porcentaje,1
D.4,uso_P9_1_4,suma(FAC_PER donde variable=1) / suma(FAC_PER donde cualquier dispositivo=1) * 100,"{""anio"": 2025, ""variable"": ""P9_1_4"", ""usuarios_expandidos"": 1071084, ""universo_iot"": 44867547}",2.387213189970024,porcentaje,1
D.4,uso_P9_1_10,suma(FAC_PER donde variable=1) / suma(FAC_PER donde cualquier dispositivo=1) * 100,"{""anio"": 2025, ""variable"": ""P9_1_10"", ""usuarios_expandidos"": 15517, ""universo_iot"": 44867547}",0.03458401681732233,porcentaje,1
D.5,apren_uso_int_1,sum(fac_per donde opción=1) / sum(fac_per de usuarios de Internet) * 100,"{""numerador"": 39993912.667498, ""denominador"": 78860433.51636161}",50.71480194082403,porcentaje,1
D.5,apren_uso_int_2,sum(fac_per donde opción=1) / sum(fac_per de usuarios de Internet) * 100,"{""numerador"": 3194610.00921, ""denominador"": 78860433.51636161}",4.050966836933754,porcentaje,1
D.5,apren_uso_int_3,sum(fac_per donde opción=1) / sum(fac_per de usuarios de Internet) * 100,"{""numerador"": 11757160.2389136, ""denominador"": 78860433.51636161}",14.908820196219535,porcentaje,1
D.5,apren_uso_int_4,sum(fac_per donde opción=1) / sum(fac_per de usuarios de Internet) * 100,"{""numerador"": 243009.209639, ""denominador"": 78860433.51636161}",0.3081509938549622,porcentaje,1
D.5,apren_uso_int_5,sum(fac_per donde opción=1) / sum(fac_per de usuarios de Internet) * 100,"{""numerador"": 1594861.429447, ""denominador"": 78860433.51636161}",2.022384811156415,porcentaje,1
D.5,apren_uso_int_6,sum(fac_per donde opción=1) / sum(fac_per de usuarios de Internet) * 100,"{""numerador"": 20639733.033036, ""denominador"": 78860433.51636161}",26.17248233710732,porcentaje,1
D.5,apren_uso_int_8,sum(fac_per donde opción=1) / sum(fac_per de usuarios de Internet) * 100,"{""numerador"": 793053.8005840001, ""denominador"": 78860433.51636161}",1.0056422025875127,porcentaje,1
D.5,apren_uso_int_9,sum(fac_per donde opción=1) / sum(fac_per de usuarios de Internet) * 100,"{""numerador"": 735221.210901, ""denominador"": 78860433.51636161}",0.9323068338807186,porcentaje,1
D.6,expp_mensnd_hombres,sum(fac_per donde respuesta=1) / sum(fac_per del grupo) * 100,"{""grupo"": ""Hombres"", ""numerador"": 22387480.437298603, ""denominador"": 36278476.420020595}",61.710089966578295,porcentaje,1
D.6,expp_pubipi_hombres,sum(fac_per donde respuesta=1) / sum(fac_per del grupo) * 100,"{""grupo"": ""Hombres"", ""numerador"": 5242309.583186, ""denominador"": 36278476.420020595}",14.450192236554305,porcentaje,1
D.6,expp_datpre_hombres,sum(fac_per donde respuesta=1) / sum(fac_per del grupo) * 100,"{""grupo"": ""Hombres"", ""numerador"": 4186019.3613899997, ""denominador"": 36278476.420020595}",11.538575415697194,porcentaje,1
D.6,expp_robcon_hombres,sum(fac_per donde respuesta=1) / sum(fac_per del grupo) * 100,"{""grupo"": ""Hombres"", ""numerador"": 5954473.157636, ""denominador"": 36278476.420020595}",16.413239323220232,porcentaje,1
D.6,expp_mensnd_mujeres,sum(fac_per donde respuesta=1) / sum(fac_per del grupo) * 100,"{""grupo"": ""Mujeres"", ""numerador"": 24776128.126286, ""denominador"": 42532211.284484}",58.25262166729731,porcentaje,1
D.6,expp_pubipi_mujeres,sum(fac_per donde respuesta=1) / sum(fac_per del grupo) * 100,"{""grupo"": ""Mujeres"", ""numerador"": 5414751.39031, ""denominador"": 42532211.284484}",12.730942565136116,porcentaje,1
D.6,expp_datpre_mujeres,sum(fac_per donde respuesta=1) / sum(fac_per del grupo) * 100,"{""grupo"": ""Mujeres"", ""numerador"": 4471438.210051, ""denominador"": 42532211.284484}",10.51306309973638,porcentaje,1
D.6,expp_robcon_mujeres,sum(fac_per donde respuesta=1) / sum(fac_per del grupo) * 100,"{""grupo"": ""Mujeres"", ""numerador"": 7006620.188532, ""denominador"": 42532211.284484}",16.473679540588705,porcentaje,1
D.6,expp_mensnd_total,sum(fac_per donde respuesta=1) / sum(fac_per del grupo) * 100,"{""grupo"": ""Total"", ""numerador"": 47193208.90161861, ""denominador"": 78860433.51636161}",59.84396331251105,porcentaje,1
D.6,expp_pubipi_total,sum(fac_per donde respuesta=1) / sum(fac_per del grupo) * 100,"{""grupo"": ""Total"", ""numerador"": 10667055.660828, ""denominador"": 78860433.51636161}",13.526498885673572,porcentaje,1
D.6,expp_datpre_total,sum(fac_per donde respuesta=1) / sum(fac_per del grupo) * 100,"{""grupo"": ""Total"", ""numerador"": 8663637.098763, ""denominador"": 78860433.51636161}",10.986037880409961,porcentaje,1
D.6,expp_robcon_total,sum(fac_per donde respuesta=1) / sum(fac_per del grupo) * 100,"{""grupo"": ""Total"", ""numerador"": 12967272.87349, ""denominador"": 78860433.51636161}",16.44331928608991,porcentaje,1
D.7,expp_mensnd_edad_1,sum(fac_per donde respuesta=1) / sum(fac_per del grupo de edad) * 100,"{""edad"": ""18 a 24 años"", ""numerador"": 9176670.866426, ""denominador"": 14169881.853386}",64.76180226042722,porcentaje,1
D.7,expp_pubipi_edad_1,sum(fac_per donde respuesta=1) / sum(fac_per del grupo de edad) * 100,"{""edad"": ""18 a 24 años"", ""numerador"": 2332259.839424, ""denominador"": 14169881.853386}",16.45927512703071,porcentaje,1
D.7,expp_datpre_edad_1,sum(fac_per donde respuesta=1) / sum(fac_per del grupo de edad) * 100,"{""edad"": ""18 a 24 años"", ""numerador"": 1215496.2852490002, ""denominador"": 14169881.853386}",8.578026957638665,porcentaje,1
D.7,expp_robcon_edad_1,sum(fac_per donde respuesta=1) / sum(fac_per del grupo de edad) * 100,"{""edad"": ""18 a 24 años"", ""numerador"": 3271843.0485739997, ""denominador"": 14169881.853386}",23.090122291966523,porcentaje,1
D.7,expp_mensnd_edad_2,sum(fac_per donde respuesta=1) / sum(fac_per del grupo de edad) * 100,"{""edad"": ""25 a 34 años"", ""numerador"": 11319893.257496, ""denominador"": 18069351.376309}",62.64692639901664,porcentaje,1
D.7,expp_pubipi_edad_2,sum(fac_per donde respuesta=1) / sum(fac_per del grupo de edad) * 100,"{""edad"": ""25 a 34 años"", ""numerador"": 2622394.8622510005, ""denominador"": 18069351.376309}",14.512944087684643,porcentaje,1
D.7,expp_datpre_edad_2,sum(fac_per donde respuesta=1) / sum(fac_per del grupo de edad) * 100,"{""edad"": ""25 a 34 años"", ""numerador"": 2505211.785537, ""denominador"": 18069351.376309}",13.864425641872351,porcentaje,1
D.7,expp_robcon_edad_2,sum(fac_per donde respuesta=1) / sum(fac_per del grupo de edad) * 100,"{""edad"": ""25 a 34 años"", ""numerador"": 3616880.2877120003, ""denominador"": 18069351.376309}",20.016658110119806,porcentaje,1
D.7,expp_mensnd_edad_3,sum(fac_per donde respuesta=1) / sum(fac_per del grupo de edad) * 100,"{""edad"": ""35 a 44 años"", ""numerador"": 9881926.056225, ""denominador"": 16246216.895975001}",60.82601333897768,porcentaje,1
D.7,expp_pubipi_edad_3,sum(fac_per donde respuesta=1) / sum(fac_per del grupo de edad) * 100,"{""edad"": ""35 a 44 años"", ""numerador"": 2122852.373664, ""denominador"": 16246216.895975001}",13.066748937655367,porcentaje,1
D.7,expp_datpre_edad_3,sum(fac_per donde respuesta=1) / sum(fac_per del grupo de edad) * 100,"{""edad"": ""35 a 44 años"", ""numerador"": 1932437.422796, ""denominador"": 16246216.895975001}",11.894691762208106,porcentaje,1
D.7,expp_robcon_edad_3,sum(fac_per donde respuesta=1) / sum(fac_per del grupo de edad) * 100,"{""edad"": ""35 a 44 años"", ""numerador"": 2956087.830353, ""denominador"": 16246216.895975001}",18.195545764782757,porcentaje,1
D.7,expp_mensnd_edad_4,sum(fac_per donde respuesta=1) / sum(fac_per del grupo de edad) * 100,"{""edad"": ""45 a 54 años"", ""numerador"": 8331306.0780776, ""denominador"": 14475970.457870599}",57.55266012958642,porcentaje,1
D.7,expp_pubipi_edad_4,sum(fac_per donde respuesta=1) / sum(fac_per del grupo de edad) * 100,"{""edad"": ""45 a 54 años"", ""numerador"": 2094468.2646640001, ""denominador"": 14475970.457870599}",14.468586204700603,porcentaje,1
D.7,expp_datpre_edad_4,sum(fac_per donde respuesta=1) / sum(fac_per del grupo de edad) * 100,"{""edad"": ""45 a 54 años"", ""numerador"": 1644932.0802760003, ""denominador"": 14475970.457870599}",11.36319036477205,porcentaje,1
D.7,expp_robcon_edad_4,sum(fac_per donde respuesta=1) / sum(fac_per del grupo de edad) * 100,"{""edad"": ""45 a 54 años"", ""numerador"": 1619954.8477039998, ""denominador"": 14475970.457870599}",11.19064764893347,porcentaje,1
D.7,expp_mensnd_edad_5,sum(fac_per donde respuesta=1) / sum(fac_per del grupo de edad) * 100,"{""edad"": ""55 años o más"", ""numerador"": 8483412.643394, ""denominador"": 15899012.932821002}",53.358108954558645,porcentaje,1
D.7,expp_pubipi_edad_5,sum(fac_per donde respuesta=1) / sum(fac_per del grupo de edad) * 100,"{""edad"": ""55 años o más"", ""numerador"": 1495080.320825, ""denominador"": 15899012.932821002}",9.403604658617787,porcentaje,1
D.7,expp_datpre_edad_5,sum(fac_per donde respuesta=1) / sum(fac_per del grupo de edad) * 100,"{""edad"": ""55 años o más"", ""numerador"": 1365559.5249049999, ""denominador"": 15899012.932821002}",8.58895788483836,porcentaje,1
D.7,expp_robcon_edad_5,sum(fac_per donde respuesta=1) / sum(fac_per del grupo de edad) * 100,"{""edad"": ""55 años o más"", ""numerador"": 1502506.8591470001, ""denominador"": 15899012.932821002}",9.450315346591813,porcentaje,1
D.8,conf_int_1,sum(fac_per por respuesta) / sum(fac_per total) * 100,"{""codigo"": 1, ""denominador"": 85069267.0004236}",13.586908172197424,porcentaje,1
D.8,conf_int_2,sum(fac_per por respuesta) / sum(fac_per total) * 100,"{""codigo"": 2, ""denominador"": 85069267.0004236}",38.47375134170913,porcentaje,1
D.8,conf_int_3,sum(fac_per por respuesta) / sum(fac_per total) * 100,"{""codigo"": 3, ""denominador"": 85069267.0004236}",8.506206527999082,porcentaje,1
D.8,conf_int_4,sum(fac_per por respuesta) / sum(fac_per total) * 100,"{""codigo"": 4, ""denominador"": 85069267.0004236}",29.623667912572365,porcentaje,1
D.8,conf_int_5,sum(fac_per por respuesta) / sum(fac_per total) * 100,"{""codigo"": 5, ""denominador"": 85069267.0004236}",6.569977369066987,porcentaje,1
D.8,conf_int_9,sum(fac_per por respuesta) / sum(fac_per total) * 100,"{""codigo"": 9, ""denominador"": 85069267.0004236}",3.2394886764550095,porcentaje,1
D.9,seg_comp_1_1,sum(fac_per del nivel) / sum(fac_per de usuarios de Internet del grupo de edad) * 100,"{""edad"": ""18 a 24 años"", ""nivel"": ""Muy seguro"", ""numerador"": 479133.71371200006, ""denominador"": 14169881.853386}",3.3813529193082683,porcentaje,1
D.9,seg_comp_1_2,sum(fac_per del nivel) / sum(fac_per de usuarios de Internet del grupo de edad) * 100,"{""edad"": ""18 a 24 años"", ""nivel"": ""Seguro"", ""numerador"": 7467670.071837001, ""denominador"": 14169881.853386}",52.70100449039767,porcentaje,1
D.9,seg_comp_1_3,sum(fac_per del nivel) / sum(fac_per de usuarios de Internet del grupo de edad) * 100,"{""edad"": ""18 a 24 años"", ""nivel"": ""Ni seguro ni inseguro"", ""numerador"": 2001204.3540590003, ""denominador"": 14169881.853386}",14.122943118123441,porcentaje,1
D.9,seg_comp_1_4,sum(fac_per del nivel) / sum(fac_per de usuarios de Internet del grupo de edad) * 100,"{""edad"": ""18 a 24 años"", ""nivel"": ""Inseguro"", ""numerador"": 2492327.743939, ""denominador"": 14169881.853386}",17.588909842204785,porcentaje,1
D.9,seg_comp_1_9,sum(fac_per del nivel) / sum(fac_per de usuarios de Internet del grupo de edad) * 100,"{""edad"": ""18 a 24 años"", ""nivel"": ""NS/NR"", ""numerador"": 1689842.94518, ""denominador"": 14169881.853386}",11.925596576348301,porcentaje,1
D.9,seg_comp_2_1,sum(fac_per del nivel) / sum(fac_per de usuarios de Internet del grupo de edad) * 100,"{""edad"": ""25 a 34 años"", ""nivel"": ""Muy seguro"", ""numerador"": 712513.248053, ""denominador"": 18069351.376309}",3.943214303681021,porcentaje,1
D.9,seg_comp_2_2,sum(fac_per del nivel) / sum(fac_per de usuarios de Internet del grupo de edad) * 100,"{""edad"": ""25 a 34 años"", ""nivel"": ""Seguro"", ""numerador"": 9405139.972498, ""denominador"": 18069351.376309}",52.05023565388861,porcentaje,1
D.9,seg_comp_2_3,sum(fac_per del nivel) / sum(fac_per de usuarios de Internet del grupo de edad) * 100,"{""edad"": ""25 a 34 años"", ""nivel"": ""Ni seguro ni inseguro"", ""numerador"": 1981706.6083809999, ""denominador"": 18069351.376309}",10.967226034351436,porcentaje,1
D.9,seg_comp_2_4,sum(fac_per del nivel) / sum(fac_per de usuarios de Internet del grupo de edad) * 100,"{""edad"": ""25 a 34 años"", ""nivel"": ""Inseguro"", ""numerador"": 3022261.8243030002, ""denominador"": 18069351.376309}",16.725901009737036,porcentaje,1
D.9,seg_comp_2_9,sum(fac_per del nivel) / sum(fac_per de usuarios de Internet del grupo de edad) * 100,"{""edad"": ""25 a 34 años"", ""nivel"": ""NS/NR"", ""numerador"": 2792539.0949240006, ""denominador"": 18069351.376309}",15.454561908543882,porcentaje,1
D.9,seg_comp_3_1,sum(fac_per del nivel) / sum(fac_per de usuarios de Internet del grupo de edad) * 100,"{""edad"": ""35 a 44 años"", ""nivel"": ""Muy seguro"", ""numerador"": 616122.7640079999, ""denominador"": 16246216.895975001}",3.7924075983538317,porcentaje,1
D.9,seg_comp_3_2,sum(fac_per del nivel) / sum(fac_per de usuarios de Internet del grupo de edad) * 100,"{""edad"": ""35 a 44 años"", ""nivel"": ""Seguro"", ""numerador"": 8055055.34817, ""denominador"": 16246216.895975001}",49.581114174128984,porcentaje,1
D.9,seg_comp_3_3,sum(fac_per del nivel) / sum(fac_per de usuarios de Internet del grupo de edad) * 100,"{""edad"": ""35 a 44 años"", ""nivel"": ""Ni seguro ni inseguro"", ""numerador"": 1220483.3640619998, ""denominador"": 16246216.895975001}",7.512415794254074,porcentaje,1
D.9,seg_comp_3_4,sum(fac_per del nivel) / sum(fac_per de usuarios de Internet del grupo de edad) * 100,"{""edad"": ""35 a 44 años"", ""nivel"": ""Inseguro"", ""numerador"": 2968417.9518, ""denominador"": 16246216.895975001}",18.271441104146685,porcentaje,1
D.9,seg_comp_3_9,sum(fac_per del nivel) / sum(fac_per de usuarios de Internet del grupo de edad) * 100,"{""edad"": ""35 a 44 años"", ""nivel"": ""NS/NR"", ""numerador"": 3221406.862041, ""denominador"": 16246216.895975001}",19.82865846656955,porcentaje,1
D.9,seg_comp_4_1,sum(fac_per del nivel) / sum(fac_per de usuarios de Internet del grupo de edad) * 100,"{""edad"": ""45 a 54 años"", ""nivel"": ""Muy seguro"", ""numerador"": 644991.3257060001, ""denominador"": 14475970.457870599}",4.455599903185196,porcentaje,1
D.9,seg_comp_4_2,sum(fac_per del nivel) / sum(fac_per de usuarios de Internet del grupo de edad) * 100,"{""edad"": ""45 a 54 años"", ""nivel"": ""Seguro"", ""numerador"": 7621349.349241, ""denominador"": 14475970.457870599}",52.648279239180575,porcentaje,1
D.9,seg_comp_4_3,sum(fac_per del nivel) / sum(fac_per de usuarios de Internet del grupo de edad) * 100,"{""edad"": ""45 a 54 años"", ""nivel"": ""Ni seguro ni inseguro"", ""numerador"": 1075642.7394776, ""denominador"": 14475970.457870599}",7.4305397528134085,porcentaje,1
D.9,seg_comp_4_4,sum(fac_per del nivel) / sum(fac_per de usuarios de Internet del grupo de edad) * 100,"{""edad"": ""45 a 54 años"", ""nivel"": ""Inseguro"", ""numerador"": 2635107.4563900004, ""denominador"": 14475970.457870599}",18.203321594631262,porcentaje,1
D.9,seg_comp_4_9,sum(fac_per del nivel) / sum(fac_per de usuarios de Internet del grupo de edad) * 100,"{""edad"": ""45 a 54 años"", ""nivel"": ""NS/NR"", ""numerador"": 2434032.0113179996, ""denominador"": 14475970.457870599}",16.814292474565075,porcentaje,1
D.9,seg_comp_5_1,sum(fac_per del nivel) / sum(fac_per de usuarios de Internet del grupo de edad) * 100,"{""edad"": ""55 años o más"", ""nivel"": ""Muy seguro"", ""numerador"": 457932.052327, ""denominador"": 15899012.932821002}",2.8802546061313756,porcentaje,1
D.9,seg_comp_5_2,sum(fac_per del nivel) / sum(fac_per de usuarios de Internet del grupo de edad) * 100,"{""edad"": ""55 años o más"", ""nivel"": ""Seguro"", ""numerador"": 6860880.772128, ""denominador"": 15899012.932821002}",43.15287245263381,porcentaje,1
D.9,seg_comp_5_3,sum(fac_per del nivel) / sum(fac_per de usuarios de Internet del grupo de edad) * 100,"{""edad"": ""55 años o más"", ""nivel"": ""Ni seguro ni inseguro"", ""numerador"": 1271078.43703, ""denominador"": 15899012.932821002}",7.994700315049491,porcentaje,1
D.9,seg_comp_5_4,sum(fac_per del nivel) / sum(fac_per de usuarios de Internet del grupo de edad) * 100,"{""edad"": ""55 años o más"", ""nivel"": ""Inseguro"", ""numerador"": 2487685.7026850004, ""denominador"": 15899012.932821002}",15.64679337765407,porcentaje,1
D.9,seg_comp_5_9,sum(fac_per del nivel) / sum(fac_per de usuarios de Internet del grupo de edad) * 100,"{""edad"": ""55 años o más"", ""nivel"": ""NS/NR"", ""numerador"": 4629535.656041, ""denominador"": 15899012.932821002}",29.118384113544906,porcentaje,1
D.10,seg_banca_1_1,sum(fac_per del nivel) / sum(fac_per de usuarios de Internet del grupo de edad) * 100,"{""edad"": ""18 a 24 años"", ""nivel"": ""Muy seguro"", ""numerador"": 730240.1982250001, ""denominador"": 14169881.853386}",5.153467091544617,porcentaje,1
D.10,seg_banca_1_2,sum(fac_per del nivel) / sum(fac_per de usuarios de Internet del grupo de edad) * 100,"{""edad"": ""18 a 24 años"", ""nivel"": ""Seguro"", ""numerador"": 8331528.237005, ""denominador"": 14169881.853386}",58.79744321943037,porcentaje,1
D.10,seg_banca_1_3,sum(fac_per del nivel) / sum(fac_per de usuarios de Internet del grupo de edad) * 100,"{""edad"": ""18 a 24 años"", ""nivel"": ""Ni seguro ni inseguro"", ""numerador"": 1359327.888428, ""denominador"": 14169881.853386}",9.593078492063633,porcentaje,1
D.10,seg_banca_1_4,sum(fac_per del nivel) / sum(fac_per de usuarios de Internet del grupo de edad) * 100,"{""edad"": ""18 a 24 años"", ""nivel"": ""Inseguro"", ""numerador"": 1594102.379312, ""denominador"": 14169881.853386}",11.249934161808676,porcentaje,1
D.10,seg_banca_1_9,sum(fac_per del nivel) / sum(fac_per de usuarios de Internet del grupo de edad) * 100,"{""edad"": ""18 a 24 años"", ""nivel"": ""NS/NR"", ""numerador"": 2113776.459047, ""denominador"": 14169881.853386}",14.9173894385146,porcentaje,1
D.10,seg_banca_2_1,sum(fac_per del nivel) / sum(fac_per de usuarios de Internet del grupo de edad) * 100,"{""edad"": ""25 a 34 años"", ""nivel"": ""Muy seguro"", ""numerador"": 866840.669565, ""denominador"": 18069351.376309}",4.797298206849461,porcentaje,1
D.10,seg_banca_2_2,sum(fac_per del nivel) / sum(fac_per de usuarios de Internet del grupo de edad) * 100,"{""edad"": ""25 a 34 años"", ""nivel"": ""Seguro"", ""numerador"": 9532753.655619, ""denominador"": 18069351.376309}",52.75647950549867,porcentaje,1
D.10,seg_banca_2_3,sum(fac_per del nivel) / sum(fac_per de usuarios de Internet del grupo de edad) * 100,"{""edad"": ""25 a 34 años"", ""nivel"": ""Ni seguro ni inseguro"", ""numerador"": 1351137.835801, ""denominador"": 18069351.376309}",7.477511547938004,porcentaje,1
D.10,seg_banca_2_4,sum(fac_per del nivel) / sum(fac_per de usuarios de Internet del grupo de edad) * 100,"{""edad"": ""25 a 34 años"", ""nivel"": ""Inseguro"", ""numerador"": 2964101.422892, ""denominador"": 18069351.376309}",16.40402779912885,porcentaje,1
D.10,seg_banca_2_9,sum(fac_per del nivel) / sum(fac_per de usuarios de Internet del grupo de edad) * 100,"{""edad"": ""25 a 34 años"", ""nivel"": ""NS/NR"", ""numerador"": 3085278.5107779996, ""denominador"": 18069351.376309}",17.074650033222305,porcentaje,1
D.10,seg_banca_3_1,sum(fac_per del nivel) / sum(fac_per de usuarios de Internet del grupo de edad) * 100,"{""edad"": ""35 a 44 años"", ""nivel"": ""Muy seguro"", ""numerador"": 716055.593437, ""denominador"": 16246216.895975001}",4.407522058962556,porcentaje,1
D.10,seg_banca_3_2,sum(fac_per del nivel) / sum(fac_per de usuarios de Internet del grupo de edad) * 100,"{""edad"": ""35 a 44 años"", ""nivel"": ""Seguro"", ""numerador"": 7701252.858224, ""denominador"": 16246216.895975001}",47.403361087294016,porcentaje,1
D.10,seg_banca_3_3,sum(fac_per del nivel) / sum(fac_per de usuarios de Internet del grupo de edad) * 100,"{""edad"": ""35 a 44 años"", ""nivel"": ""Ni seguro ni inseguro"", ""numerador"": 1202682.9430449998, ""denominador"": 16246216.895975001}",7.402849234045155,porcentaje,1
D.10,seg_banca_3_4,sum(fac_per del nivel) / sum(fac_per de usuarios de Internet del grupo de edad) * 100,"{""edad"": ""35 a 44 años"", ""nivel"": ""Inseguro"", ""numerador"": 3214612.5856080004, ""denominador"": 16246216.895975001}",19.786837798554938,porcentaje,1
D.10,seg_banca_3_9,sum(fac_per del nivel) / sum(fac_per de usuarios de Internet del grupo de edad) * 100,"{""edad"": ""35 a 44 años"", ""nivel"": ""NS/NR"", ""numerador"": 3256987.0940549993, ""denominador"": 16246216.895975001}",20.047664726561155,porcentaje,1
D.10,seg_banca_4_1,sum(fac_per del nivel) / sum(fac_per de usuarios de Internet del grupo de edad) * 100,"{""edad"": ""45 a 54 años"", ""nivel"": ""Muy seguro"", ""numerador"": 982381.7302410002, ""denominador"": 14475970.457870599}",6.786292726280594,porcentaje,1
D.10,seg_banca_4_2,sum(fac_per del nivel) / sum(fac_per de usuarios de Internet del grupo de edad) * 100,"{""edad"": ""45 a 54 años"", ""nivel"": ""Seguro"", ""numerador"": 6573568.3522716, ""denominador"": 14475970.457870599}",45.41020839606331,porcentaje,1
D.10,seg_banca_4_3,sum(fac_per del nivel) / sum(fac_per de usuarios de Internet del grupo de edad) * 100,"{""edad"": ""45 a 54 años"", ""nivel"": ""Ni seguro ni inseguro"", ""numerador"": 1148478.1140329998, ""denominador"": 14475970.457870599}",7.933686500503814,porcentaje,1
D.10,seg_banca_4_4,sum(fac_per del nivel) / sum(fac_per de usuarios de Internet del grupo de edad) * 100,"{""edad"": ""45 a 54 años"", ""nivel"": ""Inseguro"", ""numerador"": 2673266.7782860002, ""denominador"": 14475970.457870599}",18.4669261799477,porcentaje,1
D.10,seg_banca_4_9,sum(fac_per del nivel) / sum(fac_per de usuarios de Internet del grupo de edad) * 100,"{""edad"": ""45 a 54 años"", ""nivel"": ""NS/NR"", ""numerador"": 2887956.917611, ""denominador"": 14475970.457870599}",19.950005604224035,porcentaje,1
D.10,seg_banca_5_1,sum(fac_per del nivel) / sum(fac_per de usuarios de Internet del grupo de edad) * 100,"{""edad"": ""55 años o más"", ""nivel"": ""Muy seguro"", ""numerador"": 559845.1651110001, ""denominador"": 15899012.932821002}",3.5212573728730554,porcentaje,1
D.10,seg_banca_5_2,sum(fac_per del nivel) / sum(fac_per de usuarios de Internet del grupo de edad) * 100,"{""edad"": ""55 años o más"", ""nivel"": ""Seguro"", ""numerador"": 5394533.413408, ""denominador"": 15899012.932821002}",33.929989466653225,porcentaje,1
D.10,seg_banca_5_3,sum(fac_per del nivel) / sum(fac_per de usuarios de Internet del grupo de edad) * 100,"{""edad"": ""55 años o más"", ""nivel"": ""Ni seguro ni inseguro"", ""numerador"": 1085077.533787, ""denominador"": 15899012.932821002}",6.824810687127808,porcentaje,1
D.10,seg_banca_5_4,sum(fac_per del nivel) / sum(fac_per de usuarios de Internet del grupo de edad) * 100,"{""edad"": ""55 años o más"", ""nivel"": ""Inseguro"", ""numerador"": 3330913.9852299998, ""denominador"": 15899012.932821002}",20.95044515847807,porcentaje,1
D.10,seg_banca_5_9,sum(fac_per del nivel) / sum(fac_per de usuarios de Internet del grupo de edad) * 100,"{""edad"": ""55 años o más"", ""nivel"": ""NS/NR"", ""numerador"": 5101288.262189, ""denominador"": 15899012.932821002}",32.085565838230096,porcentaje,1
D.11,seg_redes_total_9,sum(fac_per del nivel) / sum(fac_per de usuarios de Internet del grupo) * 100,"{""grupo"": ""Total"", ""nivel"": ""NS/NR"", ""numerador"": 10068678.268407, ""denominador"": 78810687.70450461}",12.775777704362682,porcentaje,1
D.11,seg_redes_total_4,sum(fac_per del nivel) / sum(fac_per de usuarios de Internet del grupo) * 100,"{""grupo"": ""Total"", ""nivel"": ""Inseguro"", ""numerador"": 14457102.8797386, ""denominador"": 78810687.70450461}",18.344089235643445,porcentaje,1
D.11,seg_redes_total_3,sum(fac_per del nivel) / sum(fac_per de usuarios de Internet del grupo) * 100,"{""grupo"": ""Total"", ""nivel"": ""Ni seguro ni inseguro"", ""numerador"": 12175426.472391, ""denominador"": 78810687.70450461}",15.448953469410071,porcentaje,1
D.11,seg_redes_total_2,sum(fac_per del nivel) / sum(fac_per de usuarios de Internet del grupo) * 100,"{""grupo"": ""Total"", ""nivel"": ""Seguro"", ""numerador"": 38432580.580902, ""denominador"": 78810687.70450461}",48.76569625302902,porcentaje,1
D.11,seg_redes_total_1,sum(fac_per del nivel) / sum(fac_per de usuarios de Internet del grupo) * 100,"{""grupo"": ""Total"", ""nivel"": ""Muy seguro"", ""numerador"": 2794605.942097001, ""denominador"": 78810687.70450461}",3.5459732981587324,porcentaje,1
D.11,seg_redes_1_9,sum(fac_per del nivel) / sum(fac_per de usuarios de Internet del grupo) * 100,"{""grupo"": ""Mujeres"", ""nivel"": ""NS/NR"", ""numerador"": 6245234.22401, ""denominador"": 42532211.284484}",14.683539922807395,porcentaje,1
D.11,seg_redes_1_4,sum(fac_per del nivel) / sum(fac_per de usuarios de Internet del grupo) * 100,"{""grupo"": ""Mujeres"", ""nivel"": ""Inseguro"", ""numerador"": 9395143.222643001, ""denominador"": 42532211.284484}",22.089477454633084,porcentaje,1
D.11,seg_redes_1_3,sum(fac_per del nivel) / sum(fac_per de usuarios de Internet del grupo) * 100,"{""grupo"": ""Mujeres"", ""nivel"": ""Ni seguro ni inseguro"", ""numerador"": 6893507.038931, ""denominador"": 42532211.284484}",16.207732517885315,porcentaje,1
D.11,seg_redes_1_2,sum(fac_per del nivel) / sum(fac_per de usuarios de Internet del grupo) * 100,"{""grupo"": ""Mujeres"", ""nivel"": ""Seguro"", ""numerador"": 18320540.885356, ""denominador"": 42532211.284484}",43.074508312807716,porcentaje,1
D.11,seg_redes_1_1,sum(fac_per del nivel) / sum(fac_per de usuarios de Internet del grupo) * 100,"{""grupo"": ""Mujeres"", ""nivel"": ""Muy seguro"", ""numerador"": 1197881.655666, ""denominador"": 42532211.284484}",2.8164104792336397,porcentaje,1
D.11,seg_redes_2_9,sum(fac_per del nivel) / sum(fac_per de usuarios de Internet del grupo) * 100,"{""grupo"": ""Hombres"", ""nivel"": ""NS/NR"", ""numerador"": 3823444.044397, ""denominador"": 36278476.420020595}",10.539152747569629,porcentaje,1
D.11,seg_redes_2_4,sum(fac_per del nivel) / sum(fac_per de usuarios de Internet del grupo) * 100,"{""grupo"": ""Hombres"", ""nivel"": ""Inseguro"", ""numerador"": 5061959.6570956, ""denominador"": 36278476.420020595}",13.953065719987384,porcentaje,1
D.11,seg_redes_2_3,sum(fac_per del nivel) / sum(fac_per de usuarios de Internet del grupo) * 100,"{""grupo"": ""Hombres"", ""nivel"": ""Ni seguro ni inseguro"", ""numerador"": 5281919.43346, ""denominador"": 36278476.420020595}",14.55937501979859,porcentaje,1
D.11,seg_redes_2_2,sum(fac_per del nivel) / sum(fac_per de usuarios de Internet del grupo) * 100,"{""grupo"": ""Hombres"", ""nivel"": ""Seguro"", ""numerador"": 20112039.695546, ""denominador"": 36278476.420020595}",55.437939186572336,porcentaje,1
D.11,seg_redes_2_1,sum(fac_per del nivel) / sum(fac_per de usuarios de Internet del grupo) * 100,"{""grupo"": ""Hombres"", ""nivel"": ""Muy seguro"", ""numerador"": 1596724.2864310003, ""denominador"": 36278476.420020595}",4.401299183418391,porcentaje,1
E.1,igs_2023_internet fijo,sum(IGS recodificado * factor final) / sum(factor final con IGS válido),"{""anio_dato"": 2023, ""servicio"": ""Internet fijo"", ""numerador"": 4928835003.920102, ""denominador"": 66645505.3829445, ""observaciones"": 6834, ""archivo"": ""Tercera Encuesta 2023_Int&TV.xlsx"", ""columna_igs"": ""En términos generales, ¿qué tan satisfecho se encuentra con el servicio de Internet que ha recibido en los últimos 12 meses? Recodificada "", ""columna_factor"": ""Factor de Expansión Final que considera calibración (post-estratificación) por sexo, grupos de edad 5 y proveedor (redondeos corregidos) (a cifras del Censo INEGI, 2020)""}",73.95600011732311,puntos,1
E.1,igs_2023_television de paga,sum(IGS recodificado * factor final) / sum(factor final con IGS válido),"{""anio_dato"": 2023, ""servicio"": ""Televisión de paga"", ""numerador"": 4439471560.871464, ""denominador"": 59267829.17957582, ""observaciones"": 6572, ""archivo"": ""Tercera Encuesta 2023_Int&TV.xlsx"", ""columna_igs"": ""En términos generales, ¿qué tan satisfecho se encuentra con el servicio de televisión de paga que ha recibido en los últimos 12 meses? Recodificada "", ""columna_factor"": ""Factor de Expansión Final que considera calibración (post-estratificación) por sexo, grupos de edad 5 y proveedor (redondeos corregidos) (a cifras del Censo INEGI, 2020)""}",74.90524998680637,puntos,1
E.1,igs_2023_telefonia fija,sum(IGS recodificado * factor final) / sum(factor final con IGS válido),"{""anio_dato"": 2023, ""servicio"": ""Telefonía fija"", ""numerador"": 168689.48565491635, ""denominador"": 2200.0000000000014, ""observaciones"": 2200, ""archivo"": ""Tercera Encuesta 2023_Tel Fija.xlsx"", ""columna_igs"": ""En términos generales, ¿qué tan satisfecho se encuentra con el servicio de telefonía fija que ha recibido en los últimos 12 meses? Recodificada"", ""columna_factor"": ""Calibrador (post-estratificación) final que considera distribución de líneas telefónicas fijas residenciales por entidad federativa y población por grupos de edad 5 (redondeos corregidos)""}",76.67703893405285,puntos,1
E.1,igs_2023_telefonia movil,sum(IGS recodificado * factor final) / sum(factor final con IGS válido),"{""anio_dato"": 2023, ""servicio"": ""Telefonía móvil"", ""numerador"": 401119.4617637455, ""denominador"": 5301.999999999998, ""observaciones"": 5302, ""archivo"": ""Tercera Encuesta 2023_Tel Móvil.xlsx"", ""columna_igs"": ""En términos generales, ¿qué tan satisfecho se encuentra con el servicio de telefonía móvil que ha recibido en los últimos 12 meses? Recodificada"", ""columna_factor"": ""Calibrador (post-estratificación) final que considera distribución de líneas telefónicas móviles por entidad federativa y población por grupos de edad 5 (redondeos corregidos)""}",75.65436849561405,puntos,1
E.1,igs_2024_internet fijo,sum(IGS recodificado * factor final) / sum(factor final con IGS válido),"{""anio_dato"": 2024, ""servicio"": ""Internet fijo"", ""numerador"": 5236230697.342953, ""denominador"": 69626543.10213439, ""observaciones"": 20717, ""archivo"": ""Segunda Encuesta 2025_Internet y Televisión de paga.xlsx"", ""columna_igs"": ""En términos generales, ¿qué tan satisfecho se encuentra con el servicio de Internet que ha recibido en los últimos 12 meses? Recodificada"", ""columna_factor"": ""Factor de Expansión Final Anual que considera calibración (post-estratificación) por sexo, grupos de edad 5 y proveedor (redondeos corregidos) (a cifras del Censo INEGI, 2020)""}",75.20451919696752,puntos,1
E.1,igs_2024_television de paga,sum(IGS recodificado * factor final) / sum(factor final con IGS válido),"{""anio_dato"": 2024, ""servicio"": ""Televisión de paga"", ""numerador"": 4234613489.552889, ""denominador"": 55974489.83769104, ""observaciones"": 19876, ""archivo"": ""Segunda Encuesta 2025_Internet y Televisión de paga.xlsx"", ""columna_igs"": ""En términos generales, ¿qué tan satisfecho se encuentra con el servicio de televisión de paga que ha recibido en los últimos 12 meses? Recodificada"", ""columna_factor"": ""Factor de Expansión Final Anual que considera calibración (post-estratificación) por sexo, grupos de edad 5 y proveedor (redondeos corregidos) (a cifras del Censo INEGI, 2020)""}",75.65256069027119,puntos,1
E.1,igs_2024_telefonia fija,sum(IGS recodificado * factor final) / sum(factor final con IGS válido),"{""anio_dato"": 2024, ""servicio"": ""Telefonía fija"", ""numerador"": 167787.89398299408, ""denominador"": 2202.333333333333, ""observaciones"": 6607, ""archivo"": ""Segunda Encuesta 2025_Telefonía fija.xlsx"", ""columna_igs"": ""En términos generales, ¿qué tan satisfecho se encuentra con el servicio de telefonía fija que ha recibido en los últimos 12 meses? Recodificada"", ""columna_factor"": ""Calibrador (post-estratificación) final ANUAL que considera distribución de líneas telefónicas fijas residenciales por entidad federativa y población por grupos de edad 5 (redondeos corregidos)""}",76.18642075813263,puntos,1
E.1,igs_2024_telefonia movil,sum(IGS recodificado * factor final) / sum(factor final con IGS válido),"{""anio_dato"": 2024, ""servicio"": ""Telefonía móvil"", ""numerador"": 403488.9395809625, ""denominador"": 5311.333333333356, ""observaciones"": 15934, ""archivo"": ""Segunda Encuesta 2025_Telefonía móvil.xlsx"", ""columna_igs"": ""En términos generales, ¿qué tan satisfecho se encuentra con el servicio de telefonía móvil que ha recibido en los últimos 12 meses? Recodificada"", ""columna_factor"": ""Calibrador (post-estratificación) final ANUAL que considera distribución de líneas telefónicas móviles por entidad federativa y población por grupos de edad 5 (redondeos corregidos)""}",75.96754228334896,puntos,1
E.2,hallazgo_inteligencia_artificial_(ia)_1,clasificación temática de hallazgo cualitativo publicado,"{""anio_estudio"": 2023, ""tema"": ""Inteligencia Artificial (IA)"", ""orden"": 1}","Es accesible, amigable y aporta beneficios en áreas laborales, escolares, de salud y del hogar.",hallazgo cualitativo,
E.2,hallazgo_inteligencia_artificial_(ia)_2,clasificación temática de hallazgo cualitativo publicado,"{""anio_estudio"": 2023, ""tema"": ""Inteligencia Artificial (IA)"", ""orden"": 2}","Los programas se reconocen en categorías de texto, creación de presentaciones o contenido, y aplicaciones especializadas.",hallazgo cualitativo,
E.2,hallazgo_inteligencia_artificial_(ia)_3,clasificación temática de hallazgo cualitativo publicado,"{""anio_estudio"": 2023, ""tema"": ""Inteligencia Artificial (IA)"", ""orden"": 3}","Las principales preocupaciones son la privacidad, los ciberdelitos y la necesidad de regulación.",hallazgo cualitativo,
E.2,hallazgo_chatgpt_1,clasificación temática de hallazgo cualitativo publicado,"{""anio_estudio"": 2023, ""tema"": ""ChatGPT"", ""orden"": 1}",Es el programa de Inteligencia Artificial más conocido y utilizado por las personas participantes.,hallazgo cualitativo,
E.2,hallazgo_chatgpt_2,clasificación temática de hallazgo cualitativo publicado,"{""anio_estudio"": 2023, ""tema"": ""ChatGPT"", ""orden"": 2}","Destaca por resolver dudas y redactar información concreta, organizada y sintetizada con rapidez.",hallazgo cualitativo,
E.2,hallazgo_chatgpt_3,clasificación temática de hallazgo cualitativo publicado,"{""anio_estudio"": 2023, ""tema"": ""ChatGPT"", ""orden"": 3}","Resulta atractivo para consultas laborales, escolares, de investigación y de la vida cotidiana.",hallazgo cualitativo,
E.2,hallazgo_chatgpt_4,clasificación temática de hallazgo cualitativo publicado,"{""anio_estudio"": 2023, ""tema"": ""ChatGPT"", ""orden"": 4}","Entre las desventajas se mencionan respuestas incompletas o imprecisas, hackeo, privacidad, fraude y ciberdelitos.",hallazgo cualitativo,
E.3,igs_2023_internet fijo_micro,sum(IGS recodificado * factor) / sum(factor),"{""anio"": 2023, ""servicio"": ""Internet fijo"", ""tamano"": ""Micro"", ""numerador"": 327551413.6843922, ""denominador"": 4402358.032396836}",74.40362898109377,puntos,1
E.3,igs_2023_internet fijo_pequena,sum(IGS recodificado * factor) / sum(factor),"{""anio"": 2023, ""servicio"": ""Internet fijo"", ""tamano"": ""Pequeña"", ""numerador"": 19289772.70169913, ""denominador"": 250722.26133469556}",76.93681685468177,puntos,1
E.3,igs_2023_internet fijo_mediana,sum(IGS recodificado * factor) / sum(factor),"{""anio"": 2023, ""servicio"": ""Internet fijo"", ""tamano"": ""Mediana"", ""numerador"": 2916510.5941504277, ""denominador"": 36810.71550727851}",79.22993492407807,puntos,1
E.3,igs_2023_telefonia fija_micro,sum(IGS recodificado * factor) / sum(factor),"{""anio"": 2023, ""servicio"": ""Telefonía fija"", ""tamano"": ""Micro"", ""numerador"": 290543899.45443535, ""denominador"": 3864980.9955784427}",75.17343546755313,puntos,1
E.3,igs_2023_telefonia fija_pequena,sum(IGS recodificado * factor) / sum(factor),"{""anio"": 2023, ""servicio"": ""Telefonía fija"", ""tamano"": ""Pequeña"", ""numerador"": 18221220.523219522, ""denominador"": 239680.73790053892}",76.0228822842695,puntos,1
E.3,igs_2023_telefonia fija_mediana,sum(IGS recodificado * factor) / sum(factor),"{""anio"": 2023, ""servicio"": ""Telefonía fija"", ""tamano"": ""Mediana"", ""numerador"": 2739344.053951352, ""denominador"": 35014.0970714569}",78.23546180159633,puntos,1
E.3,igs_2024_internet fijo_micro,sum(IGS recodificado * factor) / sum(factor),"{""anio"": 2024, ""servicio"": ""Internet fijo"", ""tamano"": ""Micro"", ""numerador"": 359795386.99001944, ""denominador"": 4721091.216978364}",76.21021718370844,puntos,1
E.3,igs_2024_internet fijo_pequena,sum(IGS recodificado * factor) / sum(factor),"{""anio"": 2024, ""servicio"": ""Internet fijo"", ""tamano"": ""Pequeña"", ""numerador"": 20955571.422562674, ""denominador"": 275273.97535498615}",76.1262353098905,puntos,1
E.3,igs_2024_internet fijo_mediana,sum(IGS recodificado * factor) / sum(factor),"{""anio"": 2024, ""servicio"": ""Internet fijo"", ""tamano"": ""Mediana"", ""numerador"": 2651972.112477554, ""denominador"": 35096.119060330195}",75.56311590802437,puntos,1
E.3,igs_2024_telefonia fija_micro,sum(IGS recodificado * factor) / sum(factor),"{""anio"": 2024, ""servicio"": ""Telefonía fija"", ""tamano"": ""Micro"", ""numerador"": 260068764.19377097, ""denominador"": 3385788.0075432374}",76.81188651337906,puntos,1
E.3,igs_2024_telefonia fija_pequena,sum(IGS recodificado * factor) / sum(factor),"{""anio"": 2024, ""servicio"": ""Telefonía fija"", ""tamano"": ""Pequeña"", ""numerador"": 17413181.485663462, ""denominador"": 224619.59211563}",77.52298595885385,puntos,1
E.3,igs_2024_telefonia fija_mediana,sum(IGS recodificado * factor) / sum(factor),"{""anio"": 2024, ""servicio"": ""Telefonía fija"", ""tamano"": ""Mediana"", ""numerador"": 2413166.985131338, ""denominador"": 30599.994938570388}",78.86167922497309,puntos,1
E.4,contratacion_2023_internet fijo_general,sum(factor donde respuesta Sí) / sum(factor con respuesta) * 100,"{""anio"": 2023, ""servicio"": ""Internet fijo"", ""tamano"": ""General"", ""numerador"": 4689891.009238811, ""denominador"": 5245466.000000004, ""columna"": ""Hablando exclusivamente de la empresa o negocio ¿cuáles de los siguientes servicios se tienen contratados para poder llevar a cabo las actividades laborales? Conexión a Internet fijo (incluye conexión Wi-Fi)""}",89.40847217842625,porcentaje,1
E.4,contratacion_2023_internet fijo_micro,sum(factor donde respuesta Sí) / sum(factor con respuesta) * 100,"{""anio"": 2023, ""servicio"": ""Internet fijo"", ""tamano"": ""Micro"", ""numerador"": 4402358.032396836, ""denominador"": 4929121.593436072, ""columna"": ""Hablando exclusivamente de la empresa o negocio ¿cuáles de los siguientes servicios se tienen contratados para poder llevar a cabo las actividades laborales? Conexión a Internet fijo (incluye conexión Wi-Fi)""}",89.31323662737988,porcentaje,1
E.4,contratacion_2023_internet fijo_pequena,sum(factor donde respuesta Sí) / sum(factor con respuesta) * 100,"{""anio"": 2023, ""servicio"": ""Internet fijo"", ""tamano"": ""Pequeña"", ""numerador"": 250722.26133469556, ""denominador"": 279334.0667860063, ""columna"": ""Hablando exclusivamente de la empresa o negocio ¿cuáles de los siguientes servicios se tienen contratados para poder llevar a cabo las actividades laborales? Conexión a Internet fijo (incluye conexión Wi-Fi)""}",89.75713711524136,porcentaje,1
E.4,contratacion_2023_internet fijo_mediana,sum(factor donde respuesta Sí) / sum(factor con respuesta) * 100,"{""anio"": 2023, ""servicio"": ""Internet fijo"", ""tamano"": ""Mediana"", ""numerador"": 36810.71550727851, ""denominador"": 37010.33977792536, ""columna"": ""Hablando exclusivamente de la empresa o negocio ¿cuáles de los siguientes servicios se tienen contratados para poder llevar a cabo las actividades laborales? Conexión a Internet fijo (incluye conexión Wi-Fi)""}",99.46062567421791,porcentaje,1
E.4,contratacion_2023_telefonia fija_general,sum(factor donde respuesta Sí) / sum(factor con respuesta) * 100,"{""anio"": 2023, ""servicio"": ""Telefonía fija"", ""tamano"": ""General"", ""numerador"": 4139675.8305504397, ""denominador"": 5245466.000000004, ""columna"": ""Hablando exclusivamente de la empresa o negocio ¿cuáles de los siguientes servicios se tienen contratados para poder llevar a cabo las actividades laborales? Telefonía fija""}",78.91912425989295,porcentaje,1
E.4,contratacion_2023_telefonia fija_micro,sum(factor donde respuesta Sí) / sum(factor con respuesta) * 100,"{""anio"": 2023, ""servicio"": ""Telefonía fija"", ""tamano"": ""Micro"", ""numerador"": 3864980.9955784427, ""denominador"": 4929121.593436072, ""columna"": ""Hablando exclusivamente de la empresa o negocio ¿cuáles de los siguientes servicios se tienen contratados para poder llevar a cabo las actividades laborales? Telefonía fija""}",78.41115140525838,porcentaje,1
E.4,contratacion_2023_telefonia fija_pequena,sum(factor donde respuesta Sí) / sum(factor con respuesta) * 100,"{""anio"": 2023, ""servicio"": ""Telefonía fija"", ""tamano"": ""Pequeña"", ""numerador"": 239680.73790053892, ""denominador"": 279334.0667860063, ""columna"": ""Hablando exclusivamente de la empresa o negocio ¿cuáles de los siguientes servicios se tienen contratados para poder llevar a cabo las actividades laborales? Telefonía fija""}",85.80433480895647,porcentaje,1
E.4,contratacion_2023_telefonia fija_mediana,sum(factor donde respuesta Sí) / sum(factor con respuesta) * 100,"{""anio"": 2023, ""servicio"": ""Telefonía fija"", ""tamano"": ""Mediana"", ""numerador"": 35014.0970714569, ""denominador"": 37010.33977792536, ""columna"": ""Hablando exclusivamente de la empresa o negocio ¿cuáles de los siguientes servicios se tienen contratados para poder llevar a cabo las actividades laborales? Telefonía fija""}",94.60625674217908,porcentaje,1
E.4,contratacion_2023_telefonia movil_general,sum(factor donde respuesta Sí) / sum(factor con respuesta) * 100,"{""anio"": 2023, ""servicio"": ""Telefonía móvil"", ""tamano"": ""General"", ""numerador"": 1552089.1689904754, ""denominador"": 5245466.000000004, ""columna"": ""Hablando exclusivamente de la empresa o negocio ¿cuáles de los siguientes servicios se tienen contratados para poder llevar a cabo las actividades laborales? Telefonía móvil""}",29.589156978435742,porcentaje,1
E.4,contratacion_2023_telefonia movil_micro,sum(factor donde respuesta Sí) / sum(factor con respuesta) * 100,"{""anio"": 2023, ""servicio"": ""Telefonía móvil"", ""tamano"": ""Micro"", ""numerador"": 1486445.21307042, ""denominador"": 4929121.593436072, ""columna"": ""Hablando exclusivamente de la empresa o negocio ¿cuáles de los siguientes servicios se tienen contratados para poder llevar a cabo las actividades laborales? Telefonía móvil""}",30.156391659111513,porcentaje,1
E.4,contratacion_2023_telefonia movil_pequena,sum(factor donde respuesta Sí) / sum(factor con respuesta) * 100,"{""anio"": 2023, ""servicio"": ""Telefonía móvil"", ""tamano"": ""Pequeña"", ""numerador"": 55523.005398259906, ""denominador"": 279334.0667860063, ""columna"": ""Hablando exclusivamente de la empresa o negocio ¿cuáles de los siguientes servicios se tienen contratados para poder llevar a cabo las actividades laborales? Telefonía móvil""}",19.876918714964777,porcentaje,1
E.4,contratacion_2023_telefonia movil_mediana,sum(factor donde respuesta Sí) / sum(factor con respuesta) * 100,"{""anio"": 2023, ""servicio"": ""Telefonía móvil"", ""tamano"": ""Mediana"", ""numerador"": 10120.950521795125, ""denominador"": 37010.33977792536, ""columna"": ""Hablando exclusivamente de la empresa o negocio ¿cuáles de los siguientes servicios se tienen contratados para poder llevar a cabo las actividades laborales? Telefonía móvil""}",27.346278317152112,porcentaje,1
E.4,contratacion_2023_television de paga_general,sum(factor donde respuesta Sí) / sum(factor con respuesta) * 100,"{""anio"": 2023, ""servicio"": ""Televisión de paga"", ""tamano"": ""General"", ""numerador"": 1333090.5893505, ""denominador"": 5245466.000000004, ""columna"": ""Hablando exclusivamente de la empresa o negocio ¿cuáles de los siguientes servicios se tienen contratados para poder llevar a cabo las actividades laborales? Televisión de paga""}",25.414149845800143,porcentaje,1
E.4,contratacion_2023_television de paga_micro,sum(factor donde respuesta Sí) / sum(factor con respuesta) * 100,"{""anio"": 2023, ""servicio"": ""Televisión de paga"", ""tamano"": ""Micro"", ""numerador"": 1265796.6376616207, ""denominador"": 4929121.593436072, ""columna"": ""Hablando exclusivamente de la empresa o negocio ¿cuáles de los siguientes servicios se tienen contratados para poder llevar a cabo las actividades laborales? Televisión de paga""}",25.679963735267457,porcentaje,1
E.4,contratacion_2023_television de paga_pequena,sum(factor donde respuesta Sí) / sum(factor con respuesta) * 100,"{""anio"": 2023, ""servicio"": ""Televisión de paga"", ""tamano"": ""Pequeña"", ""numerador"": 60706.35075753344, ""denominador"": 279334.0667860063, ""columna"": ""Hablando exclusivamente de la empresa o negocio ¿cuáles de los siguientes servicios se tienen contratados para poder llevar a cabo las actividades laborales? Televisión de paga""}",21.73252673976199,porcentaje,1
E.4,contratacion_2023_television de paga_mediana,sum(factor donde respuesta Sí) / sum(factor con respuesta) * 100,"{""anio"": 2023, ""servicio"": ""Televisión de paga"", ""tamano"": ""Mediana"", ""numerador"": 6587.600931345937, ""denominador"": 37010.33977792536, ""columna"": ""Hablando exclusivamente de la empresa o negocio ¿cuáles de los siguientes servicios se tienen contratados para poder llevar a cabo las actividades laborales? Televisión de paga""}",17.79935275080906,porcentaje,1
E.4,contratacion_2024_internet fijo_general,sum(factor donde respuesta Sí) / sum(factor con respuesta) * 100,"{""anio"": 2024, ""servicio"": ""Internet fijo"", ""tamano"": ""General"", ""numerador"": 5031461.31139368, ""denominador"": 5278912.00000001, ""columna"": ""Hablando exclusivamente de la empresa o negocio ¿cuáles de los siguientes servicios se tienen contratados para poder llevar a cabo las actividades laborales? Conexión a Internet fijo (incluye conexión Wi-Fi)""}",95.3124680122281,porcentaje,1
E.4,contratacion_2024_internet fijo_micro,sum(factor donde respuesta Sí) / sum(factor con respuesta) * 100,"{""anio"": 2024, ""servicio"": ""Internet fijo"", ""tamano"": ""Micro"", ""numerador"": 4721091.216978364, ""denominador"": 4957372.509961414, ""columna"": ""Hablando exclusivamente de la empresa o negocio ¿cuáles de los siguientes servicios se tienen contratados para poder llevar a cabo las actividades laborales? Conexión a Internet fijo (incluye conexión Wi-Fi)""}",95.2337393950472,porcentaje,1
E.4,contratacion_2024_internet fijo_pequena,sum(factor donde respuesta Sí) / sum(factor con respuesta) * 100,"{""anio"": 2024, ""servicio"": ""Internet fijo"", ""tamano"": ""Pequeña"", ""numerador"": 275273.97535498615, ""denominador"": 285751.6595749188, ""columna"": ""Hablando exclusivamente de la empresa o negocio ¿cuáles de los siguientes servicios se tienen contratados para poder llevar a cabo las actividades laborales? Conexión a Internet fijo (incluye conexión Wi-Fi)""}",96.3332901598825,porcentaje,1
E.4,contratacion_2024_internet fijo_mediana,sum(factor donde respuesta Sí) / sum(factor con respuesta) * 100,"{""anio"": 2024, ""servicio"": ""Internet fijo"", ""tamano"": ""Mediana"", ""numerador"": 35096.119060330195, ""denominador"": 35787.83046367786, ""columna"": ""Hablando exclusivamente de la empresa o negocio ¿cuáles de los siguientes servicios se tienen contratados para poder llevar a cabo las actividades laborales? Conexión a Internet fijo (incluye conexión Wi-Fi)""}",98.06718821905199,porcentaje,1
E.4,contratacion_2024_telefonia fija_general,sum(factor donde respuesta Sí) / sum(factor con respuesta) * 100,"{""anio"": 2024, ""servicio"": ""Telefonía fija"", ""tamano"": ""General"", ""numerador"": 3641007.5945974384, ""denominador"": 5278912.00000001, ""columna"": ""Hablando exclusivamente de la empresa o negocio ¿cuáles de los siguientes servicios se tienen contratados para poder llevar a cabo las actividades laborales? Telefonía fija""}",68.9726897246522,porcentaje,1
E.4,contratacion_2024_telefonia fija_micro,sum(factor donde respuesta Sí) / sum(factor con respuesta) * 100,"{""anio"": 2024, ""servicio"": ""Telefonía fija"", ""tamano"": ""Micro"", ""numerador"": 3385788.0075432374, ""denominador"": 4957372.509961414, ""columna"": ""Hablando exclusivamente de la empresa o negocio ¿cuáles de los siguientes servicios se tienen contratados para poder llevar a cabo las actividades laborales? Telefonía fija""}",68.29803491143316,porcentaje,1
E.4,contratacion_2024_telefonia fija_pequena,sum(factor donde respuesta Sí) / sum(factor con respuesta) * 100,"{""anio"": 2024, ""servicio"": ""Telefonía fija"", ""tamano"": ""Pequeña"", ""numerador"": 224619.59211563, ""denominador"": 285751.6595749188, ""columna"": ""Hablando exclusivamente de la empresa o negocio ¿cuáles de los siguientes servicios se tienen contratados para poder llevar a cabo las actividades laborales? Telefonía fija""}",78.60657483136643,porcentaje,1
E.4,contratacion_2024_telefonia fija_mediana,sum(factor donde respuesta Sí) / sum(factor con respuesta) * 100,"{""anio"": 2024, ""servicio"": ""Telefonía fija"", ""tamano"": ""Mediana"", ""numerador"": 30599.994938570388, ""denominador"": 35787.83046367786, ""columna"": ""Hablando exclusivamente de la empresa o negocio ¿cuáles de los siguientes servicios se tienen contratados para poder llevar a cabo las actividades laborales? Telefonía fija""}",85.50391164288999,porcentaje,1
E.4,contratacion_2024_telefonia movil_general,sum(factor donde respuesta Sí) / sum(factor con respuesta) * 100,"{""anio"": 2024, ""servicio"": ""Telefonía móvil"", ""tamano"": ""General"", ""numerador"": 1531969.4068166916, ""denominador"": 5278912.00000001, ""columna"": ""Hablando exclusivamente de la empresa o negocio ¿cuáles de los siguientes servicios se tienen contratados para poder llevar a cabo las actividades laborales? Telefonía móvil""}",29.020552091353082,porcentaje,1
E.4,contratacion_2024_telefonia movil_micro,sum(factor donde respuesta Sí) / sum(factor con respuesta) * 100,"{""anio"": 2024, ""servicio"": ""Telefonía móvil"", ""tamano"": ""Micro"", ""numerador"": 1420874.596146624, ""denominador"": 4957372.509961414, ""columna"": ""Hablando exclusivamente de la empresa o negocio ¿cuáles de los siguientes servicios se tienen contratados para poder llevar a cabo las actividades laborales? Telefonía móvil""}",28.66184845483164,porcentaje,1
E.4,contratacion_2024_telefonia movil_pequena,sum(factor donde respuesta Sí) / sum(factor con respuesta) * 100,"{""anio"": 2024, ""servicio"": ""Telefonía móvil"", ""tamano"": ""Pequeña"", ""numerador"": 99681.57251483088, ""denominador"": 285751.6595749188, ""columna"": ""Hablando exclusivamente de la empresa o negocio ¿cuáles de los siguientes servicios se tienen contratados para poder llevar a cabo las actividades laborales? Telefonía móvil""}",34.88398725771747,porcentaje,1
E.4,contratacion_2024_telefonia movil_mediana,sum(factor donde respuesta Sí) / sum(factor con respuesta) * 100,"{""anio"": 2024, ""servicio"": ""Telefonía móvil"", ""tamano"": ""Mediana"", ""numerador"": 11413.238155236426, ""denominador"": 35787.83046367786, ""columna"": ""Hablando exclusivamente de la empresa o negocio ¿cuáles de los siguientes servicios se tienen contratados para poder llevar a cabo las actividades laborales? Telefonía móvil""}",31.891394385641963,porcentaje,1
E.4,contratacion_2024_television de paga_general,sum(factor donde respuesta Sí) / sum(factor con respuesta) * 100,"{""anio"": 2024, ""servicio"": ""Televisión de paga"", ""tamano"": ""General"", ""numerador"": 1426869.5162678552, ""denominador"": 5278912.00000001, ""columna"": ""Hablando exclusivamente de la empresa o negocio ¿cuáles de los siguientes servicios se tienen contratados para poder llevar a cabo las actividades laborales? Televisión de paga""}",27.029613607270825,porcentaje,1
E.4,contratacion_2024_television de paga_micro,sum(factor donde respuesta Sí) / sum(factor con respuesta) * 100,"{""anio"": 2024, ""servicio"": ""Televisión de paga"", ""tamano"": ""Micro"", ""numerador"": 1356227.3059662909, ""denominador"": 4957372.509961414, ""columna"": ""Hablando exclusivamente de la empresa o negocio ¿cuáles de los siguientes servicios se tienen contratados para poder llevar a cabo las actividades laborales? Televisión de paga""}",27.357784859642255,porcentaje,1
E.4,contratacion_2024_television de paga_pequena,sum(factor donde respuesta Sí) / sum(factor con respuesta) * 100,"{""anio"": 2024, ""servicio"": ""Televisión de paga"", ""tamano"": ""Pequeña"", ""numerador"": 63165.13941775885, ""denominador"": 285751.6595749188, ""columna"": ""Hablando exclusivamente de la empresa o negocio ¿cuáles de los siguientes servicios se tienen contratados para poder llevar a cabo las actividades laborales? Televisión de paga""}",22.104907286180826,porcentaje,1
E.4,contratacion_2024_television de paga_mediana,sum(factor donde respuesta Sí) / sum(factor con respuesta) * 100,"{""anio"": 2024, ""servicio"": ""Televisión de paga"", ""tamano"": ""Mediana"", ""numerador"": 7477.070883805682, ""denominador"": 35787.83046367786, ""columna"": ""Hablando exclusivamente de la empresa o negocio ¿cuáles de los siguientes servicios se tienen contratados para poder llevar a cabo las actividades laborales? Televisión de paga""}",20.8927749654855,porcentaje,1
E.5,beneficio_micro_internet fijo_mas gente conoce la empresa,sum(respuesta * factor) / sum(factor),"{""tamano"": ""Micro"", ""servicio"": ""Internet fijo"", ""beneficio"": ""Más gente conoce la empresa"", ""numerador"": 36336018.311900795, ""denominador"": 4718814.903943845, ""columna"": ""En una escala del 0 al 10, donde 0 es “totalmente en desacuerdo” y 10 es “totalmente de acuerdo”, ¿qué tan de acuerdo está con las siguientes frases? Gracias al Internet, ahora más gente conoce la empresa o negocio""}",7.700242338713526,puntos,1
E.5,beneficio_micro_telefonia fija_mas gente conoce la empresa,sum(respuesta * factor) / sum(factor),"{""tamano"": ""Micro"", ""servicio"": ""Telefonía fija"", ""beneficio"": ""Más gente conoce la empresa"", ""numerador"": 23204735.073884472, ""denominador"": 3383511.6945087183, ""columna"": ""En una escala del 0 al 10, donde 0 es “totalmente en desacuerdo” y 10 es “totalmente de acuerdo”, ¿qué tan de acuerdo está con las siguientes frases? Gracias a la línea telefónica fija, ahora más gente conoce la empresa o negocio""}",6.858180839612488,puntos,1
E.5,beneficio_pequena_internet fijo_mas gente conoce la empresa,sum(respuesta * factor) / sum(factor),"{""tamano"": ""Pequeña"", ""servicio"": ""Internet fijo"", ""beneficio"": ""Más gente conoce la empresa"", ""numerador"": 2321660.2123176605, ""denominador"": 275273.97535498615, ""columna"": ""En una escala del 0 al 10, donde 0 es “totalmente en desacuerdo” y 10 es “totalmente de acuerdo”, ¿qué tan de acuerdo está con las siguientes frases? Gracias al Internet, ahora más gente conoce la empresa o negocio""}",8.433998198789798,puntos,1
E.5,beneficio_pequena_telefonia fija_mas gente conoce la empresa,sum(respuesta * factor) / sum(factor),"{""tamano"": ""Pequeña"", ""servicio"": ""Telefonía fija"", ""beneficio"": ""Más gente conoce la empresa"", ""numerador"": 1761044.011197363, ""denominador"": 224146.3461223179, ""columna"": ""En una escala del 0 al 10, donde 0 es “totalmente en desacuerdo” y 10 es “totalmente de acuerdo”, ¿qué tan de acuerdo está con las siguientes frases? Gracias a la línea telefónica fija, ahora más gente conoce la empresa o negocio""}",7.856670615707256,puntos,1
E.5,beneficio_mediana_internet fijo_mas gente conoce la empresa,sum(respuesta * factor) / sum(factor),"{""tamano"": ""Mediana"", ""servicio"": ""Internet fijo"", ""beneficio"": ""Más gente conoce la empresa"", ""numerador"": 305324.70730148355, ""denominador"": 35096.119060330195, ""columna"": ""En una escala del 0 al 10, donde 0 es “totalmente en desacuerdo” y 10 es “totalmente de acuerdo”, ¿qué tan de acuerdo está con las siguientes frases? Gracias al Internet, ahora más gente conoce la empresa o negocio""}",8.699671515720318,puntos,1
E.5,beneficio_mediana_telefonia fija_mas gente conoce la empresa,sum(respuesta * factor) / sum(factor),"{""tamano"": ""Mediana"", ""servicio"": ""Telefonía fija"", ""beneficio"": ""Más gente conoce la empresa"", ""numerador"": 236532.3613066458, ""denominador"": 30599.994938570388, ""columna"": ""En una escala del 0 al 10, donde 0 es “totalmente en desacuerdo” y 10 es “totalmente de acuerdo”, ¿qué tan de acuerdo está con las siguientes frases? Gracias a la línea telefónica fija, ahora más gente conoce la empresa o negocio""}",7.729817007534983,puntos,1
E.5,beneficio_micro_internet fijo_estan mas cerca de sus clientes consumidores,sum(respuesta * factor) / sum(factor),"{""tamano"": ""Micro"", ""servicio"": ""Internet fijo"", ""beneficio"": ""Están más cerca de sus clientes/consumidores"", ""numerador"": 35313480.51340854, ""denominador"": 4718814.903943846, ""columna"": ""En una escala del 0 al 10, donde 0 es “totalmente en desacuerdo” y 10 es “totalmente de acuerdo”, ¿qué tan de acuerdo está con las siguientes frases? El Internet permite que la empresa o negocio esté más cerca de sus consumidores""}",7.483548567224915,puntos,1
E.5,beneficio_micro_telefonia fija_estan mas cerca de sus clientes consumidores,sum(respuesta * factor) / sum(factor),"{""tamano"": ""Micro"", ""servicio"": ""Telefonía fija"", ""beneficio"": ""Están más cerca de sus clientes/consumidores"", ""numerador"": 23827989.582735717, ""denominador"": 3383511.6945087183, ""columna"": ""En una escala del 0 al 10, donde 0 es “totalmente en desacuerdo” y 10 es “totalmente de acuerdo”, ¿qué tan de acuerdo está con las siguientes frases? La línea telefónica fija permite que la empresa o negocio esté más cerca de sus consumidores""}",7.042384284176536,puntos,1
E.5,beneficio_pequena_internet fijo_estan mas cerca de sus clientes consumidores,sum(respuesta * factor) / sum(factor),"{""tamano"": ""Pequeña"", ""servicio"": ""Internet fijo"", ""beneficio"": ""Están más cerca de sus clientes/consumidores"", ""numerador"": 2280934.565873998, ""denominador"": 275273.97535498615, ""columna"": ""En una escala del 0 al 10, donde 0 es “totalmente en desacuerdo” y 10 es “totalmente de acuerdo”, ¿qué tan de acuerdo está con las siguientes frases? El Internet permite que la empresa o negocio esté más cerca de sus consumidores""}",8.286052333616226,puntos,1
E.5,beneficio_pequena_telefonia fija_estan mas cerca de sus clientes consumidores,sum(respuesta * factor) / sum(factor),"{""tamano"": ""Pequeña"", ""servicio"": ""Telefonía fija"", ""beneficio"": ""Están más cerca de sus clientes/consumidores"", ""numerador"": 1781190.2996419389, ""denominador"": 224619.59211563, ""columna"": ""En una escala del 0 al 10, donde 0 es “totalmente en desacuerdo” y 10 es “totalmente de acuerdo”, ¿qué tan de acuerdo está con las siguientes frases? La línea telefónica fija permite que la empresa o negocio esté más cerca de sus consumidores""}",7.929808272134228,puntos,1
E.5,beneficio_mediana_internet fijo_estan mas cerca de sus clientes consumidores,sum(respuesta * factor) / sum(factor),"{""tamano"": ""Mediana"", ""servicio"": ""Internet fijo"", ""beneficio"": ""Están más cerca de sus clientes/consumidores"", ""numerador"": 299000.48875659064, ""denominador"": 35096.119060330195, ""columna"": ""En una escala del 0 al 10, donde 0 es “totalmente en desacuerdo” y 10 es “totalmente de acuerdo”, ¿qué tan de acuerdo está con las siguientes frases? El Internet permite que la empresa o negocio esté más cerca de sus consumidores""}",8.51947442515251,puntos,1
E.5,beneficio_mediana_telefonia fija_estan mas cerca de sus clientes consumidores,sum(respuesta * factor) / sum(factor),"{""tamano"": ""Mediana"", ""servicio"": ""Telefonía fija"", ""beneficio"": ""Están más cerca de sus clientes/consumidores"", ""numerador"": 235692.4260311522, ""denominador"": 30599.994938570388, ""columna"": ""En una escala del 0 al 10, donde 0 es “totalmente en desacuerdo” y 10 es “totalmente de acuerdo”, ¿qué tan de acuerdo está con las siguientes frases? La línea telefónica fija permite que la empresa o negocio esté más cerca de sus consumidores""}",7.702368137782561,puntos,1
E.5,beneficio_micro_internet fijo_hay mas ventas clientes,sum(respuesta * factor) / sum(factor),"{""tamano"": ""Micro"", ""servicio"": ""Internet fijo"", ""beneficio"": ""Hay más ventas/clientes"", ""numerador"": 35363960.71261564, ""denominador"": 4716538.590909326, ""columna"": ""En una escala del 0 al 10, donde 0 es “totalmente en desacuerdo” y 10 es “totalmente de acuerdo”, ¿qué tan de acuerdo está con las siguientes frases? Gracias a la conexión a Internet de la empresa o negocio ahora hay más ventas/clientes""}",7.497863111048485,puntos,1
E.5,beneficio_micro_telefonia fija_hay mas ventas clientes,sum(respuesta * factor) / sum(factor),"{""tamano"": ""Micro"", ""servicio"": ""Telefonía fija"", ""beneficio"": ""Hay más ventas/clientes"", ""numerador"": 23244342.9206851, ""denominador"": 3381235.3814741997, ""columna"": ""En una escala del 0 al 10, donde 0 es “totalmente en desacuerdo” y 10 es “totalmente de acuerdo”, ¿qué tan de acuerdo está con las siguientes frases? Gracias a la línea telefónica fija de la empresa o negocio ahora hay más ventas / Clientes""}",6.874511915982228,puntos,1
E.5,beneficio_pequena_internet fijo_hay mas ventas clientes,sum(respuesta * factor) / sum(factor),"{""tamano"": ""Pequeña"", ""servicio"": ""Internet fijo"", ""beneficio"": ""Hay más ventas/clientes"", ""numerador"": 2270843.021699804, ""denominador"": 275273.97535498615, ""columna"": ""En una escala del 0 al 10, donde 0 es “totalmente en desacuerdo” y 10 es “totalmente de acuerdo”, ¿qué tan de acuerdo está con las siguientes frases? Gracias a la conexión a Internet de la empresa o negocio ahora hay más ventas/clientes""}",8.249392332752793,puntos,1
E.5,beneficio_pequena_telefonia fija_hay mas ventas clientes,sum(respuesta * factor) / sum(factor),"{""tamano"": ""Pequeña"", ""servicio"": ""Telefonía fija"", ""beneficio"": ""Hay más ventas/clientes"", ""numerador"": 1736726.71039221, ""denominador"": 224619.59211563, ""columna"": ""En una escala del 0 al 10, donde 0 es “totalmente en desacuerdo” y 10 es “totalmente de acuerdo”, ¿qué tan de acuerdo está con las siguientes frases? Gracias a la línea telefónica fija de la empresa o negocio ahora hay más ventas / Clientes""}",7.731857644448821,puntos,1
E.5,beneficio_mediana_internet fijo_hay mas ventas clientes,sum(respuesta * factor) / sum(factor),"{""tamano"": ""Mediana"", ""servicio"": ""Internet fijo"", ""beneficio"": ""Hay más ventas/clientes"", ""numerador"": 293647.96004020993, ""denominador"": 35096.119060330195, ""columna"": ""En una escala del 0 al 10, donde 0 es “totalmente en desacuerdo” y 10 es “totalmente de acuerdo”, ¿qué tan de acuerdo está con las siguientes frases? Gracias a la conexión a Internet de la empresa o negocio ahora hay más ventas/clientes""}",8.366963866729234,puntos,1
E.5,beneficio_mediana_telefonia fija_hay mas ventas clientes,sum(respuesta * factor) / sum(factor),"{""tamano"": ""Mediana"", ""servicio"": ""Telefonía fija"", ""beneficio"": ""Hay más ventas/clientes"", ""numerador"": 230010.51093222498, ""denominador"": 30599.994938570388, ""columna"": ""En una escala del 0 al 10, donde 0 es “totalmente en desacuerdo” y 10 es “totalmente de acuerdo”, ¿qué tan de acuerdo está con las siguientes frases? Gracias a la línea telefónica fija de la empresa o negocio ahora hay más ventas / Clientes""}",7.516684607104413,puntos,1
E.5,beneficio_micro_internet fijo_disminucion de costos al encontrar mejores proveedores,sum(respuesta * factor) / sum(factor),"{""tamano"": ""Micro"", ""servicio"": ""Internet fijo"", ""beneficio"": ""Disminución de costos al encontrar mejores proveedores"", ""numerador"": 33186912.909788284, ""denominador"": 4718814.903943846, ""columna"": ""En una escala del 0 al 10, donde 0 es “totalmente en desacuerdo” y 10 es “totalmente de acuerdo”, ¿qué tan de acuerdo está con las siguientes frases? La conexión a Internet ha permitido disminuir los costos al poder encontrar más y mejores proveedores""}",7.032891432561096,puntos,1
E.5,beneficio_micro_telefonia fija_disminucion de costos al encontrar mejores proveedores,sum(respuesta * factor) / sum(factor),"{""tamano"": ""Micro"", ""servicio"": ""Telefonía fija"", ""beneficio"": ""Disminución de costos al encontrar mejores proveedores"", ""numerador"": 22199970.500447884, ""denominador"": 3383511.6945087183, ""columna"": ""En una escala del 0 al 10, donde 0 es “totalmente en desacuerdo” y 10 es “totalmente de acuerdo”, ¿qué tan de acuerdo está con las siguientes frases? La línea telefónica fija ha permitido disminuir los costos al poder encontrar más y mejores proveedores""}",6.561221743810551,puntos,1
E.5,beneficio_pequena_internet fijo_disminucion de costos al encontrar mejores proveedores,sum(respuesta * factor) / sum(factor),"{""tamano"": ""Pequeña"", ""servicio"": ""Internet fijo"", ""beneficio"": ""Disminución de costos al encontrar mejores proveedores"", ""numerador"": 2153750.558437747, ""denominador"": 274800.7293616741, ""columna"": ""En una escala del 0 al 10, donde 0 es “totalmente en desacuerdo” y 10 es “totalmente de acuerdo”, ¿qué tan de acuerdo está con las siguientes frases? La conexión a Internet ha permitido disminuir los costos al poder encontrar más y mejores proveedores""}",7.83749942527673,puntos,1
E.5,beneficio_pequena_telefonia fija_disminucion de costos al encontrar mejores proveedores,sum(respuesta * factor) / sum(factor),"{""tamano"": ""Pequeña"", ""servicio"": ""Telefonía fija"", ""beneficio"": ""Disminución de costos al encontrar mejores proveedores"", ""numerador"": 1691652.068067277, ""denominador"": 224146.3461223179, ""columna"": ""En una escala del 0 al 10, donde 0 es “totalmente en desacuerdo” y 10 es “totalmente de acuerdo”, ¿qué tan de acuerdo está con las siguientes frases? La línea telefónica fija ha permitido disminuir los costos al poder encontrar más y mejores proveedores""}",7.547087415576845,puntos,1
E.5,beneficio_mediana_internet fijo_disminucion de costos al encontrar mejores proveedores,sum(respuesta * factor) / sum(factor),"{""tamano"": ""Mediana"", ""servicio"": ""Internet fijo"", ""beneficio"": ""Disminución de costos al encontrar mejores proveedores"", ""numerador"": 282811.1480544299, ""denominador"": 35096.119060330195, ""columna"": ""En una escala del 0 al 10, donde 0 es “totalmente en desacuerdo” y 10 es “totalmente de acuerdo”, ¿qué tan de acuerdo está con las siguientes frases? La conexión a Internet ha permitido disminuir los costos al poder encontrar más y mejores proveedores""}",8.058188643829189,puntos,1
E.5,beneficio_mediana_telefonia fija_disminucion de costos al encontrar mejores proveedores,sum(respuesta * factor) / sum(factor),"{""tamano"": ""Mediana"", ""servicio"": ""Telefonía fija"", ""beneficio"": ""Disminución de costos al encontrar mejores proveedores"", ""numerador"": 229121.1676993494, ""denominador"": 30599.994938570388, ""columna"": ""En una escala del 0 al 10, donde 0 es “totalmente en desacuerdo” y 10 es “totalmente de acuerdo”, ¿qué tan de acuerdo está con las siguientes frases? La línea telefónica fija ha permitido disminuir los costos al poder encontrar más y mejores proveedores""}",7.487621097954789,puntos,1
E.5,beneficio_micro_internet fijo_desarrollar nuevos productos o servicios,sum(respuesta * factor) / sum(factor),"{""tamano"": ""Micro"", ""servicio"": ""Internet fijo"", ""beneficio"": ""Desarrollar nuevos productos o servicios"", ""numerador"": 32998470.157302942, ""denominador"": 4711985.964840289, ""columna"": ""En una escala del 0 al 10, donde 0 es “totalmente en desacuerdo” y 10 es “totalmente de acuerdo”, ¿qué tan de acuerdo está con las siguientes frases? Contar con Internet ha permitido a la empresa o negocio desarrollar nuevos productos o servicios""}",7.003091775639746,puntos,1
E.5,beneficio_micro_telefonia fija_desarrollar nuevos productos o servicios,sum(respuesta * factor) / sum(factor),"{""tamano"": ""Micro"", ""servicio"": ""Telefonía fija"", ""beneficio"": ""Desarrollar nuevos productos o servicios"", ""numerador"": 21651834.32173576, ""denominador"": 3378959.068439681, ""columna"": ""En una escala del 0 al 10, donde 0 es “totalmente en desacuerdo” y 10 es “totalmente de acuerdo”, ¿qué tan de acuerdo está con las siguientes frases? Contar con una línea telefónica fija ha permitido a la empresa o negocio desarrollar nuevos productos o servicios""}",6.40784155214228,puntos,1
E.5,beneficio_pequena_internet fijo_desarrollar nuevos productos o servicios,sum(respuesta * factor) / sum(factor),"{""tamano"": ""Pequeña"", ""servicio"": ""Internet fijo"", ""beneficio"": ""Desarrollar nuevos productos o servicios"", ""numerador"": 2208907.5316835404, ""denominador"": 274800.7293616741, ""columna"": ""En una escala del 0 al 10, donde 0 es “totalmente en desacuerdo” y 10 es “totalmente de acuerdo”, ¿qué tan de acuerdo está con las siguientes frases? Contar con Internet ha permitido a la empresa o negocio desarrollar nuevos productos o servicios""}",8.038215680193213,puntos,1
E.5,beneficio_pequena_telefonia fija_desarrollar nuevos productos o servicios,sum(respuesta * factor) / sum(factor),"{""tamano"": ""Pequeña"", ""servicio"": ""Telefonía fija"", ""beneficio"": ""Desarrollar nuevos productos o servicios"", ""numerador"": 1689492.1984530054, ""denominador"": 224619.59211563, ""columna"": ""En una escala del 0 al 10, donde 0 es “totalmente en desacuerdo” y 10 es “totalmente de acuerdo”, ¿qué tan de acuerdo está con las siguientes frases? Contar con una línea telefónica fija ha permitido a la empresa o negocio desarrollar nuevos productos o servicios""}",7.521570948197993,puntos,1
E.5,beneficio_mediana_internet fijo_desarrollar nuevos productos o servicios,sum(respuesta * factor) / sum(factor),"{""tamano"": ""Mediana"", ""servicio"": ""Internet fijo"", ""beneficio"": ""Desarrollar nuevos productos o servicios"", ""numerador"": 288674.22566375765, ""denominador"": 35096.119060330195, ""columna"": ""En una escala del 0 al 10, donde 0 es “totalmente en desacuerdo” y 10 es “totalmente de acuerdo”, ¿qué tan de acuerdo está con las siguientes frases? Contar con Internet ha permitido a la empresa o negocio desarrollar nuevos productos o servicios""}",8.22524636320976,puntos,1
E.5,beneficio_mediana_telefonia fija_desarrollar nuevos productos o servicios,sum(respuesta * factor) / sum(factor),"{""tamano"": ""Mediana"", ""servicio"": ""Telefonía fija"", ""beneficio"": ""Desarrollar nuevos productos o servicios"", ""numerador"": 226436.6686815954, ""denominador"": 30599.994938570388, ""columna"": ""En una escala del 0 al 10, donde 0 es “totalmente en desacuerdo” y 10 es “totalmente de acuerdo”, ¿qué tan de acuerdo está con las siguientes frases? Contar con una línea telefónica fija ha permitido a la empresa o negocio desarrollar nuevos productos o servicios""}",7.39989235737352,puntos,1
E.5,beneficio_micro_internet fijo_entrega mas rapida o menos costosa,sum(respuesta * factor) / sum(factor),"{""tamano"": ""Micro"", ""servicio"": ""Internet fijo"", ""beneficio"": ""Entrega más rápida o menos costosa"", ""numerador"": 32209062.780318238, ""denominador"": 4711985.964840288, ""columna"": ""En una escala del 0 al 10, donde 0 es “totalmente en desacuerdo” y 10 es “totalmente de acuerdo”, ¿qué tan de acuerdo está con las siguientes frases? El Internet de la empresa o negocio ha permitido que la entrega de productos o servicios sea más rápida o menos costosa""}",6.835559999680508,puntos,1
E.5,beneficio_micro_telefonia fija_entrega mas rapida o menos costosa,sum(respuesta * factor) / sum(factor),"{""tamano"": ""Micro"", ""servicio"": ""Telefonía fija"", ""beneficio"": ""Entrega más rápida o menos costosa"", ""numerador"": 22138965.31112278, ""denominador"": 3378959.068439681, ""columna"": ""En una escala del 0 al 10, donde 0 es “totalmente en desacuerdo” y 10 es “totalmente de acuerdo”, ¿qué tan de acuerdo está con las siguientes frases? La línea telefónica de la empresa o negocio ha permitido que la entrega de productos o servicios sea más rápida o menos costosa""}",6.552007545136083,puntos,1
E.5,beneficio_pequena_internet fijo_entrega mas rapida o menos costosa,sum(respuesta * factor) / sum(factor),"{""tamano"": ""Pequeña"", ""servicio"": ""Internet fijo"", ""beneficio"": ""Entrega más rápida o menos costosa"", ""numerador"": 2158404.640946054, ""denominador"": 274800.7293616741, ""columna"": ""En una escala del 0 al 10, donde 0 es “totalmente en desacuerdo” y 10 es “totalmente de acuerdo”, ¿qué tan de acuerdo está con las siguientes frases? El Internet de la empresa o negocio ha permitido que la entrega de productos o servicios sea más rápida o menos costosa""}",7.854435633994653,puntos,1
E.5,beneficio_pequena_telefonia fija_entrega mas rapida o menos costosa,sum(respuesta * factor) / sum(factor),"{""tamano"": ""Pequeña"", ""servicio"": ""Telefonía fija"", ""beneficio"": ""Entrega más rápida o menos costosa"", ""numerador"": 1697527.861635435, ""denominador"": 223199.85413569375, ""columna"": ""En una escala del 0 al 10, donde 0 es “totalmente en desacuerdo” y 10 es “totalmente de acuerdo”, ¿qué tan de acuerdo está con las siguientes frases? La línea telefónica de la empresa o negocio ha permitido que la entrega de productos o servicios sea más rápida o menos costosa""}",7.605416536712553,puntos,1
E.5,beneficio_mediana_internet fijo_entrega mas rapida o menos costosa,sum(respuesta * factor) / sum(factor),"{""tamano"": ""Mediana"", ""servicio"": ""Internet fijo"", ""beneficio"": ""Entrega más rápida o menos costosa"", ""numerador"": 281378.3172903526, ""denominador"": 34931.42586905695, ""columna"": ""En una escala del 0 al 10, donde 0 es “totalmente en desacuerdo” y 10 es “totalmente de acuerdo”, ¿qué tan de acuerdo está con las siguientes frases? El Internet de la empresa o negocio ha permitido que la entrega de productos o servicios sea más rápida o menos costosa""}",8.055162659123054,puntos,1
E.5,beneficio_mediana_telefonia fija_entrega mas rapida o menos costosa,sum(respuesta * factor) / sum(factor),"{""tamano"": ""Mediana"", ""servicio"": ""Telefonía fija"", ""beneficio"": ""Entrega más rápida o menos costosa"", ""numerador"": 231542.15761106624, ""denominador"": 30599.994938570388, ""columna"": ""En una escala del 0 al 10, donde 0 es “totalmente en desacuerdo” y 10 es “totalmente de acuerdo”, ¿qué tan de acuerdo está con las siguientes frases? La línea telefónica de la empresa o negocio ha permitido que la entrega de productos o servicios sea más rápida o menos costosa""}",7.566738428417653,puntos,1
E.5,beneficio_micro_internet fijo_los empleados hacen mas en el mismo tiempo,sum(respuesta * factor) / sum(factor),"{""tamano"": ""Micro"", ""servicio"": ""Internet fijo"", ""beneficio"": ""Los empleados hacen más en el mismo tiempo"", ""numerador"": 31528864.47883121, ""denominador"": 4714262.277874807, ""columna"": ""En una escala del 0 al 10, donde 0 es “totalmente en desacuerdo” y 10 es “totalmente de acuerdo”, ¿qué tan de acuerdo está con las siguientes frases? El Internet de la empresa ha permitido que los empleados hagan más en el mismo tiempo""}",6.687974198381776,puntos,1
E.5,beneficio_micro_telefonia fija_los empleados hacen mas en el mismo tiempo,sum(respuesta * factor) / sum(factor),"{""tamano"": ""Micro"", ""servicio"": ""Telefonía fija"", ""beneficio"": ""Los empleados hacen más en el mismo tiempo"", ""numerador"": 21173808.584486816, ""denominador"": 3383511.6945087183, ""columna"": ""En una escala del 0 al 10, donde 0 es “totalmente en desacuerdo” y 10 es “totalmente de acuerdo”, ¿qué tan de acuerdo está con las siguientes frases? La línea telefónica fija de la empresa o negocio ha permitido que los empleados hagan más en el mismo tiempo""}",6.257938643702908,puntos,1
E.5,beneficio_pequena_internet fijo_los empleados hacen mas en el mismo tiempo,sum(respuesta * factor) / sum(factor),"{""tamano"": ""Pequeña"", ""servicio"": ""Internet fijo"", ""beneficio"": ""Los empleados hacen más en el mismo tiempo"", ""numerador"": 2172365.308108744, ""denominador"": 273854.2373750499, ""columna"": ""En una escala del 0 al 10, donde 0 es “totalmente en desacuerdo” y 10 es “totalmente de acuerdo”, ¿qué tan de acuerdo está con las siguientes frases? El Internet de la empresa ha permitido que los empleados hagan más en el mismo tiempo""}",7.932560507119844,puntos,1
E.5,beneficio_pequena_telefonia fija_los empleados hacen mas en el mismo tiempo,sum(respuesta * factor) / sum(factor),"{""tamano"": ""Pequeña"", ""servicio"": ""Telefonía fija"", ""beneficio"": ""Los empleados hacen más en el mismo tiempo"", ""numerador"": 1688790.770800503, ""denominador"": 224619.59211563, ""columna"": ""En una escala del 0 al 10, donde 0 es “totalmente en desacuerdo” y 10 es “totalmente de acuerdo”, ¿qué tan de acuerdo está con las siguientes frases? La línea telefónica fija de la empresa o negocio ha permitido que los empleados hagan más en el mismo tiempo""}",7.518448212349815,puntos,1
E.5,beneficio_mediana_internet fijo_los empleados hacen mas en el mismo tiempo,sum(respuesta * factor) / sum(factor),"{""tamano"": ""Mediana"", ""servicio"": ""Internet fijo"", ""beneficio"": ""Los empleados hacen más en el mismo tiempo"", ""numerador"": 282712.33213966596, ""denominador"": 35096.119060330195, ""columna"": ""En una escala del 0 al 10, donde 0 es “totalmente en desacuerdo” y 10 es “totalmente de acuerdo”, ¿qué tan de acuerdo está con las siguientes frases? El Internet de la empresa ha permitido que los empleados hagan más en el mismo tiempo""}",8.055373064289066,puntos,1
E.5,beneficio_mediana_telefonia fija_los empleados hacen mas en el mismo tiempo,sum(respuesta * factor) / sum(factor),"{""tamano"": ""Mediana"", ""servicio"": ""Telefonía fija"", ""beneficio"": ""Los empleados hacen más en el mismo tiempo"", ""numerador"": 225102.65383228206, ""denominador"": 30599.994938570388, ""columna"": ""En una escala del 0 al 10, donde 0 es “totalmente en desacuerdo” y 10 es “totalmente de acuerdo”, ¿qué tan de acuerdo está con las siguientes frases? La línea telefónica fija de la empresa o negocio ha permitido que los empleados hagan más en el mismo tiempo""}",7.3562970936490855,puntos,1
E.6,venta_general_incremento de ventas,sum(factor de categoría) / sum(factor de empresas que venden por Internet) * 100,"{""tamano"": ""General"", ""beneficio"": ""Incremento de ventas"", ""numerador"": 2209884.3312013103, ""denominador"": 3365910.1725149173}",65.65488138235561,porcentaje,1
E.6,venta_general_ampliar canales de venta,sum(factor de categoría) / sum(factor de empresas que venden por Internet) * 100,"{""tamano"": ""General"", ""beneficio"": ""Ampliar canales de venta"", ""numerador"": 577938.3461348834, ""denominador"": 3365910.1725149173}",17.17034372616853,porcentaje,1
E.6,venta_general_inclusion de marketing digital,sum(factor de categoría) / sum(factor de empresas que venden por Internet) * 100,"{""tamano"": ""General"", ""beneficio"": ""Inclusión de marketing digital"", ""numerador"": 224809.86698217166, ""denominador"": 3365910.1725149173}",6.679021585837503,porcentaje,1
E.6,venta_general_rapidez de ventas o compras,sum(factor de categoría) / sum(factor de empresas que venden por Internet) * 100,"{""tamano"": ""General"", ""beneficio"": ""Rapidez de ventas o compras"", ""numerador"": 271075.9230307738, ""denominador"": 3365910.1725149173}",8.053569737074511,porcentaje,1
E.6,venta_general_otros,sum(factor de categoría) / sum(factor de empresas que venden por Internet) * 100,"{""tamano"": ""General"", ""beneficio"": ""Otros"", ""numerador"": 39787.498983996906, ""denominador"": 3365910.1725149173}",1.1820725136663037,porcentaje,1
E.6,venta_micro_incremento de ventas,sum(factor de categoría) / sum(factor de empresas que venden por Internet) * 100,"{""tamano"": ""Micro"", ""beneficio"": ""Incremento de ventas"", ""numerador"": 2078729.0631225524, ""denominador"": 3138125.149387594}",66.2411141737995,porcentaje,1
E.6,venta_micro_ampliar canales de venta,sum(factor de categoría) / sum(factor de empresas que venden por Internet) * 100,"{""tamano"": ""Micro"", ""beneficio"": ""Ampliar canales de venta"", ""numerador"": 530836.1996497802, ""denominador"": 3138125.149387594}",16.91571159146961,porcentaje,1
E.6,venta_micro_inclusion de marketing digital,sum(factor de categoría) / sum(factor de empresas que venden por Internet) * 100,"{""tamano"": ""Micro"", ""beneficio"": ""Inclusión de marketing digital"", ""numerador"": 199860.28443074913, ""denominador"": 3138125.149387594}",6.368779921659655,porcentaje,1
E.6,venta_micro_rapidez de ventas o compras,sum(factor de categoría) / sum(factor de empresas que venden por Internet) * 100,"{""tamano"": ""Micro"", ""beneficio"": ""Rapidez de ventas o compras"", ""numerador"": 249483.9085832587, ""denominador"": 3138125.149387594}",7.950094298563763,porcentaje,1
E.6,venta_micro_otros,sum(factor de categoría) / sum(factor de empresas que venden por Internet) * 100,"{""tamano"": ""Micro"", ""beneficio"": ""Otros"", ""numerador"": 38242.05897991556, ""denominador"": 3138125.149387594}",1.2186275932105037,porcentaje,1
E.6,venta_pequena_incremento de ventas,sum(factor de categoría) / sum(factor de empresas que venden por Internet) * 100,"{""tamano"": ""Pequeña"", ""beneficio"": ""Incremento de ventas"", ""numerador"": 115031.80465310601, ""denominador"": 200989.44090716544}",57.23276015591176,porcentaje,1
E.6,venta_pequena_ampliar canales de venta,sum(factor de categoría) / sum(factor de empresas que venden por Internet) * 100,"{""tamano"": ""Pequeña"", ""beneficio"": ""Ampliar canales de venta"", ""numerador"": 41716.679130467855, ""denominador"": 200989.44090716544}",20.7556570843621,porcentaje,1
E.6,venta_pequena_inclusion de marketing digital,sum(factor de categoría) / sum(factor de empresas que venden por Internet) * 100,"{""tamano"": ""Pequeña"", ""beneficio"": ""Inclusión de marketing digital"", ""numerador"": 22808.571064870244, ""denominador"": 200989.44090716544}",11.348143943245876,porcentaje,1
E.6,venta_pequena_rapidez de ventas o compras,sum(factor de categoría) / sum(factor de empresas que venden por Internet) * 100,"{""tamano"": ""Pequeña"", ""beneficio"": ""Rapidez de ventas o compras"", ""numerador"": 19138.0858975437, ""denominador"": 200989.44090716544}",9.52193598388253,porcentaje,1
E.6,venta_pequena_otros,sum(factor de categoría) / sum(factor de empresas que venden por Internet) * 100,"{""tamano"": ""Pequeña"", ""beneficio"": ""Otros"", ""numerador"": 1183.1149832801968, ""denominador"": 200989.44090716544}",0.5886453427305484,porcentaje,1
E.6,venta_mediana_incremento de ventas,sum(factor de categoría) / sum(factor de empresas que venden por Internet) * 100,"{""tamano"": ""Mediana"", ""beneficio"": ""Incremento de ventas"", ""numerador"": 16123.46342565146, ""denominador"": 26795.58222015825}",60.172095881991396,porcentaje,1
E.6,venta_mediana_ampliar canales de venta,sum(factor de categoría) / sum(factor de empresas que venden por Internet) * 100,"{""tamano"": ""Mediana"", ""beneficio"": ""Ampliar canales de venta"", ""numerador"": 5385.467354635368, ""denominador"": 26795.58222015825}",20.098340503995075,porcentaje,1
E.6,venta_mediana_inclusion de marketing digital,sum(factor de categoría) / sum(factor de empresas que venden por Internet) * 100,"{""tamano"": ""Mediana"", ""beneficio"": ""Inclusión de marketing digital"", ""numerador"": 2141.011486552288, ""denominador"": 26795.58222015825}",7.990165949600492,porcentaje,1
E.6,venta_mediana_rapidez de ventas o compras,sum(factor de categoría) / sum(factor de empresas que venden por Internet) * 100,"{""tamano"": ""Mediana"", ""beneficio"": ""Rapidez de ventas o compras"", ""numerador"": 2453.9285499714683, ""denominador"": 26795.58222015825}",9.157959434542102,porcentaje,1
E.6,venta_mediana_otros,sum(factor de categoría) / sum(factor de empresas que venden por Internet) * 100,"{""tamano"": ""Mediana"", ""beneficio"": ""Otros"", ""numerador"": 362.32502080115637, ""denominador"": 26795.58222015825}",1.352181929932391,porcentaje,1
E.7,dispositivo_2023_telefonos moviles inteligentes_general,sum(factor donde respuesta Sí) / sum(factor con respuesta) * 100,"{""anio"": 2023, ""dispositivo"": ""Teléfonos móviles inteligentes"", ""tamano"": ""General"", ""numerador"": 1529277.6003108658, ""denominador"": 1552089.1689904754, ""columna"": ""Ahora dígame, ¿con cuáles de los siguientes dispositivos o herramientas cuenta en la empresa o negocio? Teléfonos móviles inteligentes (Smartphone)""}",98.53026687284682,porcentaje,1
E.7,dispositivo_2023_telefonos moviles inteligentes_micro,sum(factor donde respuesta Sí) / sum(factor con respuesta) * 100,"{""anio"": 2023, ""dispositivo"": ""Teléfonos móviles inteligentes"", ""tamano"": ""Micro"", ""numerador"": 1466894.0734772354, ""denominador"": 1486445.21307042, ""columna"": ""Ahora dígame, ¿con cuáles de los siguientes dispositivos o herramientas cuenta en la empresa o negocio? Teléfonos móviles inteligentes (Smartphone)""}",98.684704998121,porcentaje,1
E.7,dispositivo_2023_telefonos moviles inteligentes_pequena,sum(factor donde respuesta Sí) / sum(factor con respuesta) * 100,"{""anio"": 2023, ""dispositivo"": ""Teléfonos móviles inteligentes"", ""tamano"": ""Pequeña"", ""numerador"": 52661.82485312883, ""denominador"": 55523.005398259906, ""columna"": ""Ahora dígame, ¿con cuáles de los siguientes dispositivos o herramientas cuenta en la empresa o negocio? Teléfonos móviles inteligentes (Smartphone)""}",94.84685577697358,porcentaje,1
E.7,dispositivo_2023_telefonos moviles inteligentes_mediana,sum(factor donde respuesta Sí) / sum(factor con respuesta) * 100,"{""anio"": 2023, ""dispositivo"": ""Teléfonos móviles inteligentes"", ""tamano"": ""Mediana"", ""numerador"": 9721.70198050143, ""denominador"": 10120.950521795125, ""columna"": ""Ahora dígame, ¿con cuáles de los siguientes dispositivos o herramientas cuenta en la empresa o negocio? Teléfonos móviles inteligentes (Smartphone)""}",96.05522682445758,porcentaje,1
E.7,dispositivo_2023_computadoras de escritorio_general,sum(factor donde respuesta Sí) / sum(factor con respuesta) * 100,"{""anio"": 2023, ""dispositivo"": ""Computadoras de escritorio"", ""tamano"": ""General"", ""numerador"": 2576343.363224878, ""denominador"": 5245466.000000004, ""columna"": ""Ahora dígame, ¿con cuáles de los siguientes dispositivos o herramientas cuenta en la empresa o negocio? Computadoras de escritorio""}",49.11562410708365,porcentaje,1
E.7,dispositivo_2023_computadoras de escritorio_micro,sum(factor donde respuesta Sí) / sum(factor con respuesta) * 100,"{""anio"": 2023, ""dispositivo"": ""Computadoras de escritorio"", ""tamano"": ""Micro"", ""numerador"": 2334964.67141464, ""denominador"": 4929121.593436072, ""columna"": ""Ahora dígame, ¿con cuáles de los siguientes dispositivos o herramientas cuenta en la empresa o negocio? Computadoras de escritorio""}",47.370806890299185,porcentaje,1
E.7,dispositivo_2023_computadoras de escritorio_pequena,sum(factor donde respuesta Sí) / sum(factor con respuesta) * 100,"{""anio"": 2023, ""dispositivo"": ""Computadoras de escritorio"", ""tamano"": ""Pequeña"", ""numerador"": 206863.65541539784, ""denominador"": 279334.0667860063, ""columna"": ""Ahora dígame, ¿con cuáles de los siguientes dispositivos o herramientas cuenta en la empresa o negocio? Computadoras de escritorio""}",74.05600677194629,porcentaje,1
E.7,dispositivo_2023_computadoras de escritorio_mediana,sum(factor donde respuesta Sí) / sum(factor con respuesta) * 100,"{""anio"": 2023, ""dispositivo"": ""Computadoras de escritorio"", ""tamano"": ""Mediana"", ""numerador"": 34515.03639483977, ""denominador"": 37010.33977792536, ""columna"": ""Ahora dígame, ¿con cuáles de los siguientes dispositivos o herramientas cuenta en la empresa o negocio? Computadoras de escritorio""}",93.25782092772383,porcentaje,1
E.7,dispositivo_2023_terminal punto de venta clip o tableta_general,sum(factor donde respuesta Sí) / sum(factor con respuesta) * 100,"{""anio"": 2023, ""dispositivo"": ""Terminal punto de venta, clip o tableta"", ""tamano"": ""General"", ""numerador"": 2642201.9009791897, ""denominador"": 4844651.578260458, ""columna"": ""Ahora dígame, ¿con cuáles de los siguientes dispositivos o herramientas cuenta en la empresa o negocio? Terminal punto de venta fija para celular (clip) o tableta""}",54.538533025483545,porcentaje,1
E.7,dispositivo_2023_terminal punto de venta clip o tableta_micro,sum(factor donde respuesta Sí) / sum(factor con respuesta) * 100,"{""anio"": 2023, ""dispositivo"": ""Terminal punto de venta, clip o tableta"", ""tamano"": ""Micro"", ""numerador"": 2467912.4206482964, ""denominador"": 4555974.1292004315, ""columna"": ""Ahora dígame, ¿con cuáles de los siguientes dispositivos o herramientas cuenta en la empresa o negocio? Terminal punto de venta fija para celular (clip) o tableta""}",54.1687101520353,porcentaje,1
E.7,dispositivo_2023_terminal punto de venta clip o tableta_pequena,sum(factor donde respuesta Sí) / sum(factor con respuesta) * 100,"{""anio"": 2023, ""dispositivo"": ""Terminal punto de venta, clip o tableta"", ""tamano"": ""Pequeña"", ""numerador"": 152849.8336634218, ""denominador"": 251866.733552748, ""columna"": ""Ahora dígame, ¿con cuáles de los siguientes dispositivos o herramientas cuenta en la empresa o negocio? Terminal punto de venta fija para celular (clip) o tableta""}",60.68678920291423,porcentaje,1
E.7,dispositivo_2023_terminal punto de venta clip o tableta_mediana,sum(factor donde respuesta Sí) / sum(factor con respuesta) * 100,"{""anio"": 2023, ""dispositivo"": ""Terminal punto de venta, clip o tableta"", ""tamano"": ""Mediana"", ""numerador"": 21439.64666747133, ""denominador"": 36810.71550727851, ""columna"": ""Ahora dígame, ¿con cuáles de los siguientes dispositivos o herramientas cuenta en la empresa o negocio? Terminal punto de venta fija para celular (clip) o tableta""}",58.24295010845989,porcentaje,1
E.7,dispositivo_2023_laptop_general,sum(factor donde respuesta Sí) / sum(factor con respuesta) * 100,"{""anio"": 2023, ""dispositivo"": ""Laptop"", ""tamano"": ""General"", ""numerador"": 2198273.583242618, ""denominador"": 5245466.000000004, ""columna"": ""Ahora dígame, ¿con cuáles de los siguientes dispositivos o herramientas cuenta en la empresa o negocio? Laptop""}",41.90807038388232,porcentaje,1
E.7,dispositivo_2023_laptop_micro,sum(factor donde respuesta Sí) / sum(factor con respuesta) * 100,"{""anio"": 2023, ""dispositivo"": ""Laptop"", ""tamano"": ""Micro"", ""numerador"": 1997567.862435108, ""denominador"": 4929121.593436072, ""columna"": ""Ahora dígame, ¿con cuáles de los siguientes dispositivos o herramientas cuenta en la empresa o negocio? Laptop""}",40.52583862194016,porcentaje,1
E.7,dispositivo_2023_laptop_pequena,sum(factor donde respuesta Sí) / sum(factor con respuesta) * 100,"{""anio"": 2023, ""dispositivo"": ""Laptop"", ""tamano"": ""Pequeña"", ""numerador"": 173476.97029127987, ""denominador"": 279334.0667860063, ""columna"": ""Ahora dígame, ¿con cuáles de los siguientes dispositivos o herramientas cuenta en la empresa o negocio? Laptop""}",62.103764244472906,porcentaje,1
E.7,dispositivo_2023_laptop_mediana,sum(factor donde respuesta Sí) / sum(factor con respuesta) * 100,"{""anio"": 2023, ""dispositivo"": ""Laptop"", ""tamano"": ""Mediana"", ""numerador"": 27228.750516229877, ""denominador"": 37010.33977792536, ""columna"": ""Ahora dígame, ¿con cuáles de los siguientes dispositivos o herramientas cuenta en la empresa o negocio? Laptop""}",73.57065803667746,porcentaje,1
E.7,dispositivo_2023_telefonos moviles analogos_general,sum(factor donde respuesta Sí) / sum(factor con respuesta) * 100,"{""anio"": 2023, ""dispositivo"": ""Teléfonos móviles análogos"", ""tamano"": ""General"", ""numerador"": 532276.5115070677, ""denominador"": 1552089.1689904754, ""columna"": ""Ahora dígame, ¿con cuáles de los siguientes dispositivos o herramientas cuenta en la empresa o negocio? Teléfonos móviles análogos (sin acceso a Internet o aplicaciones)""}",34.294196631323445,porcentaje,1
E.7,dispositivo_2023_telefonos moviles analogos_micro,sum(factor donde respuesta Sí) / sum(factor con respuesta) * 100,"{""anio"": 2023, ""dispositivo"": ""Teléfonos móviles análogos"", ""tamano"": ""Micro"", ""numerador"": 502743.58953903726, ""denominador"": 1486445.21307042, ""columna"": ""Ahora dígame, ¿con cuáles de los siguientes dispositivos o herramientas cuenta en la empresa o negocio? Teléfonos móviles análogos (sin acceso a Internet o aplicaciones)""}",33.82187147688839,porcentaje,1
E.7,dispositivo_2023_telefonos moviles analogos_pequena,sum(factor donde respuesta Sí) / sum(factor con respuesta) * 100,"{""anio"": 2023, ""dispositivo"": ""Teléfonos móviles análogos"", ""tamano"": ""Pequeña"", ""numerador"": 24801.82675370012, ""denominador"": 55523.005398259906, ""columna"": ""Ahora dígame, ¿con cuáles de los siguientes dispositivos o herramientas cuenta en la empresa o negocio? Teléfonos móviles análogos (sin acceso a Internet o aplicaciones)""}",44.66946011981803,porcentaje,1
E.7,dispositivo_2023_telefonos moviles analogos_mediana,sum(factor donde respuesta Sí) / sum(factor con respuesta) * 100,"{""anio"": 2023, ""dispositivo"": ""Teléfonos móviles análogos"", ""tamano"": ""Mediana"", ""numerador"": 4731.095214330264, ""denominador"": 10120.950521795125, ""columna"": ""Ahora dígame, ¿con cuáles de los siguientes dispositivos o herramientas cuenta en la empresa o negocio? Teléfonos móviles análogos (sin acceso a Internet o aplicaciones)""}",46.7455621301775,porcentaje,1
E.7,dispositivo_2023_servidores de almacenamiento_general,sum(factor donde respuesta Sí) / sum(factor con respuesta) * 100,"{""anio"": 2023, ""dispositivo"": ""Servidores de almacenamiento"", ""tamano"": ""General"", ""numerador"": 731531.5444352042, ""denominador"": 5245466.000000004, ""columna"": ""Ahora dígame, ¿con cuáles de los siguientes dispositivos o herramientas cuenta en la empresa o negocio? Servidores de almacenamiento de información""}",13.945978192122563,porcentaje,1
E.7,dispositivo_2023_servidores de almacenamiento_micro,sum(factor donde respuesta Sí) / sum(factor con respuesta) * 100,"{""anio"": 2023, ""dispositivo"": ""Servidores de almacenamiento"", ""tamano"": ""Micro"", ""numerador"": 616698.8031678859, ""denominador"": 4929121.593436072, ""columna"": ""Ahora dígame, ¿con cuáles de los siguientes dispositivos o herramientas cuenta en la empresa o negocio? Servidores de almacenamiento de información""}",12.51133272892113,porcentaje,1
E.7,dispositivo_2023_servidores de almacenamiento_pequena,sum(factor donde respuesta Sí) / sum(factor con respuesta) * 100,"{""anio"": 2023, ""dispositivo"": ""Servidores de almacenamiento"", ""tamano"": ""Pequeña"", ""numerador"": 93972.00498472291, ""denominador"": 279334.0667860063, ""columna"": ""Ahora dígame, ¿con cuáles de los siguientes dispositivos o herramientas cuenta en la empresa o negocio? Servidores de almacenamiento de información""}",33.6414408976165,porcentaje,1
E.7,dispositivo_2023_servidores de almacenamiento_mediana,sum(factor donde respuesta Sí) / sum(factor con respuesta) * 100,"{""anio"": 2023, ""dispositivo"": ""Servidores de almacenamiento"", ""tamano"": ""Mediana"", ""numerador"": 20860.73628259547, ""denominador"": 37010.33977792536, ""columna"": ""Ahora dígame, ¿con cuáles de los siguientes dispositivos o herramientas cuenta en la empresa o negocio? Servidores de almacenamiento de información""}",56.364617044228694,porcentaje,1
E.7,dispositivo_2024_telefonos moviles inteligentes_general,sum(factor donde respuesta Sí) / sum(factor con respuesta) * 100,"{""anio"": 2024, ""dispositivo"": ""Teléfonos móviles inteligentes"", ""tamano"": ""General"", ""numerador"": 1466034.3036694021, ""denominador"": 1531969.4068166916, ""columna"": ""Ahora dígame, ¿con cuáles de los siguientes dispositivos o herramientas cuenta en la empresa o negocio? Teléfonos móviles inteligentes (Smartphone)""}",95.69605614486146,porcentaje,1
E.7,dispositivo_2024_telefonos moviles inteligentes_micro,sum(factor donde respuesta Sí) / sum(factor con respuesta) * 100,"{""anio"": 2024, ""dispositivo"": ""Teléfonos móviles inteligentes"", ""tamano"": ""Micro"", ""numerador"": 1358503.6190008097, ""denominador"": 1420874.596146624, ""columna"": ""Ahora dígame, ¿con cuáles de los siguientes dispositivos o herramientas cuenta en la empresa o negocio? Teléfonos móviles inteligentes (Smartphone)""}",95.61038128804873,porcentaje,1
E.7,dispositivo_2024_telefonos moviles inteligentes_pequena,sum(factor donde respuesta Sí) / sum(factor con respuesta) * 100,"{""anio"": 2024, ""dispositivo"": ""Teléfonos móviles inteligentes"", ""tamano"": ""Pequeña"", ""numerador"": 96842.09655495842, ""denominador"": 99681.57251483088, ""columna"": ""Ahora dígame, ¿con cuáles de los siguientes dispositivos o herramientas cuenta en la empresa o negocio? Teléfonos móviles inteligentes (Smartphone)""}",97.15145348509625,porcentaje,1
E.7,dispositivo_2024_telefonos moviles inteligentes_mediana,sum(factor donde respuesta Sí) / sum(factor con respuesta) * 100,"{""anio"": 2024, ""dispositivo"": ""Teléfonos móviles inteligentes"", ""tamano"": ""Mediana"", ""numerador"": 10688.588113634112, ""denominador"": 11413.238155236426, ""columna"": ""Ahora dígame, ¿con cuáles de los siguientes dispositivos o herramientas cuenta en la empresa o negocio? Teléfonos móviles inteligentes (Smartphone)""}",93.65079365079364,porcentaje,1
E.7,dispositivo_2024_computadoras de escritorio_general,sum(factor donde respuesta Sí) / sum(factor con respuesta) * 100,"{""anio"": 2024, ""dispositivo"": ""Computadoras de escritorio"", ""tamano"": ""General"", ""numerador"": 2705699.6476597134, ""denominador"": 5278912.00000001, ""columna"": ""Ahora dígame, ¿con cuáles de los siguientes dispositivos o herramientas cuenta en la empresa o negocio? Computadoras de escritorio""}",51.25487311892504,porcentaje,1
E.7,dispositivo_2024_computadoras de escritorio_micro,sum(factor donde respuesta Sí) / sum(factor con respuesta) * 100,"{""anio"": 2024, ""dispositivo"": ""Computadoras de escritorio"", ""tamano"": ""Micro"", ""numerador"": 2462078.161521924, ""denominador"": 4957372.509961414, ""columna"": ""Ahora dígame, ¿con cuáles de los siguientes dispositivos o herramientas cuenta en la empresa o negocio? Computadoras de escritorio""}",49.66498193497845,porcentaje,1
E.7,dispositivo_2024_computadoras de escritorio_pequena,sum(factor donde respuesta Sí) / sum(factor con respuesta) * 100,"{""anio"": 2024, ""dispositivo"": ""Computadoras de escritorio"", ""tamano"": ""Pequeña"", ""numerador"": 212313.310476744, ""denominador"": 285751.6595749188, ""columna"": ""Ahora dígame, ¿con cuáles de los siguientes dispositivos o herramientas cuenta en la empresa o negocio? Computadoras de escritorio""}",74.2999396023033,porcentaje,1
E.7,dispositivo_2024_computadoras de escritorio_mediana,sum(factor donde respuesta Sí) / sum(factor con respuesta) * 100,"{""anio"": 2024, ""dispositivo"": ""Computadoras de escritorio"", ""tamano"": ""Mediana"", ""numerador"": 31308.17566104538, ""denominador"": 35787.83046367786, ""columna"": ""Ahora dígame, ¿con cuáles de los siguientes dispositivos o herramientas cuenta en la empresa o negocio? Computadoras de escritorio""}",87.48274275195581,porcentaje,1
E.7,dispositivo_2024_terminal punto de venta clip o tableta_general,sum(factor donde respuesta Sí) / sum(factor con respuesta) * 100,"{""anio"": 2024, ""dispositivo"": ""Terminal punto de venta, clip o tableta"", ""tamano"": ""General"", ""numerador"": 2395256.8458230947, ""denominador"": 5090190.0172243025, ""columna"": ""Ahora dígame, ¿con cuáles de los siguientes dispositivos o herramientas cuenta en la empresa o negocio? Terminal punto de venta fija para celular (clip) o tableta""}",47.0563345910068,porcentaje,1
E.7,dispositivo_2024_terminal punto de venta clip o tableta_micro,sum(factor donde respuesta Sí) / sum(factor con respuesta) * 100,"{""anio"": 2024, ""dispositivo"": ""Terminal punto de venta, clip o tableta"", ""tamano"": ""Micro"", ""numerador"": 2234428.874683637, ""denominador"": 4777543.78023443, ""columna"": ""Ahora dígame, ¿con cuáles de los siguientes dispositivos o herramientas cuenta en la empresa o negocio? Terminal punto de venta fija para celular (clip) o tableta""}",46.769406570963866,porcentaje,1
E.7,dispositivo_2024_terminal punto de venta clip o tableta_pequena,sum(factor donde respuesta Sí) / sum(factor con respuesta) * 100,"{""anio"": 2024, ""dispositivo"": ""Terminal punto de venta, clip o tableta"", ""tamano"": ""Pequeña"", ""numerador"": 138824.9607853507, ""denominador"": 277023.0997174689, ""columna"": ""Ahora dígame, ¿con cuáles de los siguientes dispositivos o herramientas cuenta en la empresa o negocio? Terminal punto de venta fija para celular (clip) o tableta""}",50.113135304216826,porcentaje,1
E.7,dispositivo_2024_terminal punto de venta clip o tableta_mediana,sum(factor donde respuesta Sí) / sum(factor con respuesta) * 100,"{""anio"": 2024, ""dispositivo"": ""Terminal punto de venta, clip o tableta"", ""tamano"": ""Mediana"", ""numerador"": 22003.010354106584, ""denominador"": 35623.13727240461, ""columna"": ""Ahora dígame, ¿con cuáles de los siguientes dispositivos o herramientas cuenta en la empresa o negocio? Terminal punto de venta fija para celular (clip) o tableta""}",61.76606564956077,porcentaje,1
E.7,dispositivo_2024_laptop_general,sum(factor donde respuesta Sí) / sum(factor con respuesta) * 100,"{""anio"": 2024, ""dispositivo"": ""Laptop"", ""tamano"": ""General"", ""numerador"": 2014943.2917450182, ""denominador"": 5278912.00000001, ""columna"": ""Ahora dígame, ¿con cuáles de los siguientes dispositivos o herramientas cuenta en la empresa o negocio? Laptop""}",38.16967003323818,porcentaje,1
E.7,dispositivo_2024_laptop_micro,sum(factor donde respuesta Sí) / sum(factor con respuesta) * 100,"{""anio"": 2024, ""dispositivo"": ""Laptop"", ""tamano"": ""Micro"", ""numerador"": 1821505.69022193, ""denominador"": 4957372.509961414, ""columna"": ""Ahora dígame, ¿con cuáles de los siguientes dispositivos o herramientas cuenta en la empresa o negocio? Laptop""}",36.743369326427874,porcentaje,1
E.7,dispositivo_2024_laptop_pequena,sum(factor donde respuesta Sí) / sum(factor con respuesta) * 100,"{""anio"": 2024, ""dispositivo"": ""Laptop"", ""tamano"": ""Pequeña"", ""numerador"": 172290.99576360243, ""denominador"": 285751.6595749188, ""columna"": ""Ahora dígame, ¿con cuáles de los siguientes dispositivos o herramientas cuenta en la empresa o negocio? Laptop""}",60.293961553854395,porcentaje,1
E.7,dispositivo_2024_laptop_mediana,sum(factor donde respuesta Sí) / sum(factor con respuesta) * 100,"{""anio"": 2024, ""dispositivo"": ""Laptop"", ""tamano"": ""Mediana"", ""numerador"": 21146.605759485672, ""denominador"": 35787.83046367786, ""columna"": ""Ahora dígame, ¿con cuáles de los siguientes dispositivos o herramientas cuenta en la empresa o negocio? Laptop""}",59.08881730326736,porcentaje,1
E.7,dispositivo_2024_telefonos moviles analogos_general,sum(factor donde respuesta Sí) / sum(factor con respuesta) * 100,"{""anio"": 2024, ""dispositivo"": ""Teléfonos móviles análogos"", ""tamano"": ""General"", ""numerador"": 477642.3545790416, ""denominador"": 1531969.4068166916, ""columna"": ""Ahora dígame, ¿con cuáles de los siguientes dispositivos o herramientas cuenta en la empresa o negocio? Teléfonos móviles análogos (sin acceso a Internet o aplicaciones)""}",31.17832199871039,porcentaje,1
E.7,dispositivo_2024_telefonos moviles analogos_micro,sum(factor donde respuesta Sí) / sum(factor con respuesta) * 100,"{""anio"": 2024, ""dispositivo"": ""Teléfonos móviles análogos"", ""tamano"": ""Micro"", ""numerador"": 427491.58788262744, ""denominador"": 1420874.596146624, ""columna"": ""Ahora dígame, ¿con cuáles de los siguientes dispositivos o herramientas cuenta en la empresa o negocio? Teléfonos móviles análogos (sin acceso a Internet o aplicaciones)""}",30.086510733739193,porcentaje,1
E.7,dispositivo_2024_telefonos moviles analogos_pequena,sum(factor donde respuesta Sí) / sum(factor con respuesta) * 100,"{""anio"": 2024, ""dispositivo"": ""Teléfonos móviles análogos"", ""tamano"": ""Pequeña"", ""numerador"": 45424.072106871754, ""denominador"": 99681.57251483088, ""columna"": ""Ahora dígame, ¿con cuáles de los siguientes dispositivos o herramientas cuenta en la empresa o negocio? Teléfonos móviles análogos (sin acceso a Internet o aplicaciones)""}",45.56917689085758,porcentaje,1
E.7,dispositivo_2024_telefonos moviles analogos_mediana,sum(factor donde respuesta Sí) / sum(factor con respuesta) * 100,"{""anio"": 2024, ""dispositivo"": ""Teléfonos móviles análogos"", ""tamano"": ""Mediana"", ""numerador"": 4726.694589542357, ""denominador"": 11413.238155236426, ""columna"": ""Ahora dígame, ¿con cuáles de los siguientes dispositivos o herramientas cuenta en la empresa o negocio? Teléfonos móviles análogos (sin acceso a Internet o aplicaciones)""}",41.414141414141405,porcentaje,1
E.7,dispositivo_2024_servidores de almacenamiento_general,sum(factor donde respuesta Sí) / sum(factor con respuesta) * 100,"{""anio"": 2024, ""dispositivo"": ""Servidores de almacenamiento"", ""tamano"": ""General"", ""numerador"": 937333.1713185696, ""denominador"": 5278912.00000001, ""columna"": ""Ahora dígame, ¿con cuáles de los siguientes dispositivos o herramientas cuenta en la empresa o negocio? Servidores de almacenamiento de información""}",17.756181033488865,porcentaje,1
E.7,dispositivo_2024_servidores de almacenamiento_micro,sum(factor donde respuesta Sí) / sum(factor con respuesta) * 100,"{""anio"": 2024, ""dispositivo"": ""Servidores de almacenamiento"", ""tamano"": ""Micro"", ""numerador"": 818562.1672129544, ""denominador"": 4957372.509961414, ""columna"": ""Ahora dígame, ¿con cuáles de los siguientes dispositivos o herramientas cuenta en la empresa o negocio? Servidores de almacenamiento de información""}",16.512016508102306,porcentaje,1
E.7,dispositivo_2024_servidores de almacenamiento_pequena,sum(factor donde respuesta Sí) / sum(factor con respuesta) * 100,"{""anio"": 2024, ""dispositivo"": ""Servidores de almacenamiento"", ""tamano"": ""Pequeña"", ""numerador"": 102993.39638163758, ""denominador"": 285751.6595749188, ""columna"": ""Ahora dígame, ¿con cuáles de los siguientes dispositivos o herramientas cuenta en la empresa o negocio? Servidores de almacenamiento de información""}",36.042974005767626,porcentaje,1
E.7,dispositivo_2024_servidores de almacenamiento_mediana,sum(factor donde respuesta Sí) / sum(factor con respuesta) * 100,"{""anio"": 2024, ""dispositivo"": ""Servidores de almacenamiento"", ""tamano"": ""Mediana"", ""numerador"": 15777.607723977628, ""denominador"": 35787.83046367786, ""columna"": ""Ahora dígame, ¿con cuáles de los siguientes dispositivos o herramientas cuenta en la empresa o negocio? Servidores de almacenamiento de información""}",44.08651633686147,porcentaje,1
E.8,app_contacto mas rapido con clientes_general,sum(factor donde respuesta Sí) / sum(factor con respuesta) * 100,"{""beneficio"": ""Contacto más rápido con clientes"", ""tamano"": ""General"", ""numerador"": 533556.2092606598, ""denominador"": 888252.0688503687, ""columna"": ""¿Cuáles son los beneficios de contar con una aplicación para la empresa o negocio? El contacto con los clientes es más rápido""}",60.06810768830761,porcentaje,1
E.8,app_contacto mas rapido con clientes_micro,sum(factor donde respuesta Sí) / sum(factor con respuesta) * 100,"{""beneficio"": ""Contacto más rápido con clientes"", ""tamano"": ""Micro"", ""numerador"": 485309.9389594045, ""denominador"": 810822.7028955905, ""columna"": ""¿Cuáles son los beneficios de contar con una aplicación para la empresa o negocio? El contacto con los clientes es más rápido""}",59.85401459854014,porcentaje,1
E.8,app_contacto mas rapido con clientes_pequena,sum(factor donde respuesta Sí) / sum(factor con respuesta) * 100,"{""beneficio"": ""Contacto más rápido con clientes"", ""tamano"": ""Pequeña"", ""numerador"": 42827.864308365264, ""denominador"": 68519.46430689527, ""columna"": ""¿Cuáles son los beneficios de contar con una aplicación para la empresa o negocio? El contacto con los clientes es más rápido""}",62.50466891647225,porcentaje,1
E.8,app_contacto mas rapido con clientes_mediana,sum(factor donde respuesta Sí) / sum(factor con respuesta) * 100,"{""beneficio"": ""Contacto más rápido con clientes"", ""tamano"": ""Mediana"", ""numerador"": 5418.405992890019, ""denominador"": 8909.901647882982, ""columna"": ""¿Cuáles son los beneficios de contar con una aplicación para la empresa o negocio? El contacto con los clientes es más rápido""}",60.81330868761551,porcentaje,1
E.8,app_solicitud de pedidos mas agil_general,sum(factor donde respuesta Sí) / sum(factor con respuesta) * 100,"{""beneficio"": ""Solicitud de pedidos más ágil"", ""tamano"": ""General"", ""numerador"": 352517.0571687034, ""denominador"": 888252.0688503687, ""columna"": ""¿Cuáles son los beneficios de contar con una aplicación para la empresa o negocio? La solicitud de pedidos es más ágil / está a la mano del cliente""}",39.686601307324054,porcentaje,1
E.8,app_solicitud de pedidos mas agil_micro,sum(factor donde respuesta Sí) / sum(factor con respuesta) * 100,"{""beneficio"": ""Solicitud de pedidos más ágil"", ""tamano"": ""Micro"", ""numerador"": 318228.5622257259, ""denominador"": 810822.7028955905, ""columna"": ""¿Cuáles son los beneficios de contar con una aplicación para la empresa o negocio? La solicitud de pedidos es más ágil / está a la mano del cliente""}",39.24761370016846,porcentaje,1
E.8,app_solicitud de pedidos mas agil_pequena,sum(factor donde respuesta Sí) / sum(factor con respuesta) * 100,"{""beneficio"": ""Solicitud de pedidos más ágil"", ""tamano"": ""Pequeña"", ""numerador"": 30714.652692347998, ""denominador"": 68519.46430689527, ""columna"": ""¿Cuáles son los beneficios de contar con una aplicación para la empresa o negocio? La solicitud de pedidos es más ágil / está a la mano del cliente""}",44.82617166237406,porcentaje,1
E.8,app_solicitud de pedidos mas agil_mediana,sum(factor donde respuesta Sí) / sum(factor con respuesta) * 100,"{""beneficio"": ""Solicitud de pedidos más ágil"", ""tamano"": ""Mediana"", ""numerador"": 3573.8422506295888, ""denominador"": 8909.901647882982, ""columna"": ""¿Cuáles son los beneficios de contar con una aplicación para la empresa o negocio? La solicitud de pedidos es más ágil / está a la mano del cliente""}",40.110905730129396,porcentaje,1
E.8,app_mayor competitividad en el mercado_general,sum(factor donde respuesta Sí) / sum(factor con respuesta) * 100,"{""beneficio"": ""Mayor competitividad en el mercado"", ""tamano"": ""General"", ""numerador"": 335451.00640787696, ""denominador"": 888252.0688503687, ""columna"": ""¿Cuáles son los beneficios de contar con una aplicación para la empresa o negocio? Mayor competitividad en el mercado""}",37.76529412895583,porcentaje,1
E.8,app_mayor competitividad en el mercado_micro,sum(factor donde respuesta Sí) / sum(factor con respuesta) * 100,"{""beneficio"": ""Mayor competitividad en el mercado"", ""tamano"": ""Micro"", ""numerador"": 310033.83530145825, ""denominador"": 810822.7028955905, ""columna"": ""¿Cuáles son los beneficios de contar con una aplicación para la empresa o negocio? Mayor competitividad en el mercado""}",38.23694553621561,porcentaje,1
E.8,app_mayor competitividad en el mercado_pequena,sum(factor donde respuesta Sí) / sum(factor con respuesta) * 100,"{""beneficio"": ""Mayor competitividad en el mercado"", ""tamano"": ""Pequeña"", ""numerador"": 23111.46642859321, ""denominador"": 68519.46430689527, ""columna"": ""¿Cuáles son los beneficios de contar con una aplicación para la empresa o negocio? Mayor competitividad en el mercado""}",33.72978271557714,porcentaje,1
E.8,app_mayor competitividad en el mercado_mediana,sum(factor donde respuesta Sí) / sum(factor con respuesta) * 100,"{""beneficio"": ""Mayor competitividad en el mercado"", ""tamano"": ""Mediana"", ""numerador"": 2305.704677825541, ""denominador"": 8909.901647882982, ""columna"": ""¿Cuáles son los beneficios de contar con una aplicación para la empresa o negocio? Mayor competitividad en el mercado""}",25.87800369685767,porcentaje,1
E.8,app_facilita el control de ventas_general,sum(factor donde respuesta Sí) / sum(factor con respuesta) * 100,"{""beneficio"": ""Facilita el control de ventas"", ""tamano"": ""General"", ""numerador"": 210512.16094101485, ""denominador"": 888252.0688503687, ""columna"": ""¿Cuáles son los beneficios de contar con una aplicación para la empresa o negocio? Facilita el control de ventas""}",23.699597031445457,porcentaje,1
E.8,app_facilita el control de ventas_micro,sum(factor donde respuesta Sí) / sum(factor con respuesta) * 100,"{""beneficio"": ""Facilita el control de ventas"", ""tamano"": ""Micro"", ""numerador"": 198494.49661003787, ""denominador"": 810822.7028955905, ""columna"": ""¿Cuáles son los beneficios de contar con una aplicación para la empresa o negocio? Facilita el control de ventas""}",24.480628860190905,porcentaje,1
E.8,app_facilita el control de ventas_pequena,sum(factor donde respuesta Sí) / sum(factor con respuesta) * 100,"{""beneficio"": ""Facilita el control de ventas"", ""tamano"": ""Pequeña"", ""numerador"": 9958.999440061334, ""denominador"": 68519.46430689527, ""columna"": ""¿Cuáles son los beneficios de contar con una aplicación para la empresa o negocio? Facilita el control de ventas""}",14.534555313298233,porcentaje,1
E.8,app_facilita el control de ventas_mediana,sum(factor donde respuesta Sí) / sum(factor con respuesta) * 100,"{""beneficio"": ""Facilita el control de ventas"", ""tamano"": ""Mediana"", ""numerador"": 2058.6648909156615, ""denominador"": 8909.901647882982, ""columna"": ""¿Cuáles son los beneficios de contar con una aplicación para la empresa o negocio? Facilita el control de ventas""}",23.105360443622924,porcentaje,1
E.9,servicio_importancia_conexion a internet fijo,"sum(factor final de la categoría) / sum(factor final de respuestas válidas, incluido NS/NC) * 100","{""periodo"": ""2022"", ""servicio"": ""Conexión a Internet fijo"", ""numerador"": 336450.9721938962, ""denominador"": 530989.0222660645, ""archivo"": ""Base de datos_MiPymes_imp_exp_2022.xlsx"", ""pregunta"": ""¿Y cuál de estos servicios considera el MÁS importante para llevar a cabo estas actividades?"", ""factor"": ""Factor de Expansión Final""}",63.36307495737822,porcentaje,1
E.9,servicio_importancia_telefonia fija,"sum(factor final de la categoría) / sum(factor final de respuestas válidas, incluido NS/NC) * 100","{""periodo"": ""2022"", ""servicio"": ""Telefonía fija"", ""numerador"": 110308.22438418327, ""denominador"": 530989.0222660645, ""archivo"": ""Base de datos_MiPymes_imp_exp_2022.xlsx"", ""pregunta"": ""¿Y cuál de estos servicios considera el MÁS importante para llevar a cabo estas actividades?"", ""factor"": ""Factor de Expansión Final""}",20.774106386122373,porcentaje,1
E.9,servicio_importancia_telefonia movil,"sum(factor final de la categoría) / sum(factor final de respuestas válidas, incluido NS/NC) * 100","{""periodo"": ""2022"", ""servicio"": ""Telefonía móvil"", ""numerador"": 35206.010156850076, ""denominador"": 530989.0222660645, ""archivo"": ""Base de datos_MiPymes_imp_exp_2022.xlsx"", ""pregunta"": ""¿Y cuál de estos servicios considera el MÁS importante para llevar a cabo estas actividades?"", ""factor"": ""Factor de Expansión Final""}",6.630270811739923,porcentaje,1
E.9,servicio_importancia_conexion a internet por datos moviles,"sum(factor final de la categoría) / sum(factor final de respuestas válidas, incluido NS/NC) * 100","{""periodo"": ""2022"", ""servicio"": ""Conexión a Internet por datos móviles"", ""numerador"": 33486.35306279642, ""denominador"": 530989.0222660645, ""archivo"": ""Base de datos_MiPymes_imp_exp_2022.xlsx"", ""pregunta"": ""¿Y cuál de estos servicios considera el MÁS importante para llevar a cabo estas actividades?"", ""factor"": ""Factor de Expansión Final""}",6.306411556285865,porcentaje,1
E.9,servicio_importancia_television de paga,"sum(factor final de la categoría) / sum(factor final de respuestas válidas, incluido NS/NC) * 100","{""periodo"": ""2022"", ""servicio"": ""Televisión de paga"", ""numerador"": 3635.3879150439884, ""denominador"": 530989.0222660645, ""archivo"": ""Base de datos_MiPymes_imp_exp_2022.xlsx"", ""pregunta"": ""¿Y cuál de estos servicios considera el MÁS importante para llevar a cabo estas actividades?"", ""factor"": ""Factor de Expansión Final""}",0.6846446466123723,porcentaje,1
F.1.1,validacion_endutih_2023,Suma FAC_PER por sexo; porcentajes ponderados dentro del universo declarado,"{""tabla"": ""conjunto_de_datos/tr_endutih_usuarios2_anual_2023.csv"", ""universo"": ""P8_11=1""}","{'estado': 'MODELO_OFICIAL_CORREGIDO; la lámina 2024 no coincide plenamente con los microdatos', 'comparaciones': 20, 'diferencia_maxima_pp': 1, 'detalle': [{'indicador': 'Usuarios de Internet mediante Smartphone', 'sexo': 'Mujeres', 'publicado': '47,113,320; 75%', 'recalculado': '49,010,233; 78%', 'diferencia_pp': 3}, {'indicador': 'Usuarios de Internet mediante Smartphone', 'sexo': 'Hombres', 'publicado': '41,676,110; 73%', 'recalculado': '43,612,059; 77%', 'diferencia_pp': 4}, {'indicador': 'Mensajería instantánea', 'sexo': 'Mujeres', 'publicado': '26%', 'recalculado': '25%', 'diferencia_pp': 1}, {'indicador': 'Mensajería instantánea', 'sexo': 'Hombres', 'publicado': '29%', 'recalculado': '28%', 'diferencia_pp': 1}, {'indicador': 'Acceder a redes sociales', 'sexo': 'Mujeres', 'publicado': '24%', 'recalculado': '23%', 'diferencia_pp': 1}, {'indicador': 'Acceder a redes sociales', 'sexo': 'Hombres', 'publicado': '26%', 'recalculado': '25%', 'diferencia_pp': 1}, {'indicador': 'Contenidos de audio y video', 'sexo': 'Mujeres', 'publicado': '22%', 'recalculado': '21%', 'diferencia_pp': 1}, {'indicador': 'Contenidos de audio y video', 'sexo': 'Hombres', 'publicado': '26%', 'recalculado': '25%', 'diferencia_pp': 1}, {'indicador': 'Jugar', 'sexo': 'Mujeres', 'publicado': '16%', 'recalculado': '16%', 'diferencia_pp': 0}, {'indicador': 'Jugar', 'sexo': 'Hombres', 'publicado': '24%', 'recalculado': '24%', 'diferencia_pp': 0}, {'indicador': 'Tránsito y navegación asistida', 'sexo': 'Mujeres', 'publicado': '12%', 'recalculado': '11%', 'diferencia_pp': 1}, {'indicador': 'Tránsito y navegación asistida', 'sexo': 'Hombres', 'publicado': '16%', 'recalculado': '15%', 'diferencia_pp': 1}, {'indicador': 'Adquirir bienes o servicios', 'sexo': 'Mujeres', 'publicado': '14%', 'recalculado': '13%', 'diferencia_pp': 1}, {'indicador': 'Adquirir bienes o servicios', 'sexo': 'Hombres', 'publicado': '17%', 'recalculado': '16%', 'diferencia_pp': 1}, {'indicador': 'Acceder a banca móvil', 'sexo': 'Mujeres', 'publicado': '12%', 'recalculado': '11%', 'diferencia_pp': 1}, {'indicador': 'Acceder a banca móvil', 'sexo': 'Hombres', 'publicado': '15%', 'recalculado': '14%', 'diferencia_pp': 1}, {'indicador': 'Editar fotos o videos', 'sexo': 'Mujeres', 'publicado': '14%', 'recalculado': '14%', 'diferencia_pp': 0}, {'indicador': 'Editar fotos o videos', 'sexo': 'Hombres', 'publicado': '13%', 'recalculado': '12%', 'diferencia_pp': 1}, {'indicador': 'Instalaron aplicaciones', 'sexo': 'Mujeres', 'publicado': '43%', 'recalculado': '43%', 'diferencia_pp': 0}, {'indicador': 'Instalaron aplicaciones', 'sexo': 'Hombres', 'publicado': '49%', 'recalculado': '49%', 'diferencia_pp': 0}]}",personas y porcentaje,2
F.1.1,resultados_endutih_2025,"Numerador=sum(FAC_PER donde indicador=1); denominador=sum(FAC_PER del universo, por sexo)","{""tabla"": ""conjunto_de_datos/tr_endutih_usuarios2_anual_2025.csv"", ""universo"": ""P8_11=1"", ""compatibilidad"": {""seleccionado"": ""2025""}, ""variables"": [""P8_16_1"", ""P8_16_6"", ""P8_16_2"", ""P8_16_5"", ""P8_16_4"", ""P8_16_3"", ""P8_16_7"", ""P8_16_8""]}","{'periodo': '2025', 'filas_publicadas': 20, 'porcentaje_mayor': 37.16}",personas y porcentaje,2
F.1.2,validacion_endutih_2023,Suma FAC_PER por sexo; porcentajes ponderados dentro del universo declarado,"{""tabla"": ""conjunto_de_datos/tr_endutih_usuarios_anual_2023.csv"", ""universo"": ""P7_1=1""}","{'estado': 'REPRODUCIDA; radio presenta 1 pp de diferencia frente a la lámina', 'comparaciones': 26, 'diferencia_maxima_pp': 1, 'detalle': [{'indicador': 'Usuarios de Internet', 'sexo': 'Mujeres', 'publicado': '51,036,364; 81%', 'recalculado': '51,036,364; 81%', 'diferencia_pp': 0}, {'indicador': 'Usuarios de Internet', 'sexo': 'Hombres', 'publicado': '45,975,725; 81%', 'recalculado': '45,975,725; 81%', 'diferencia_pp': 0}, {'indicador': 'Escuchar música gratis', 'sexo': 'Mujeres', 'publicado': '52%', 'recalculado': '52%', 'diferencia_pp': 0}, {'indicador': 'Escuchar música gratis', 'sexo': 'Hombres', 'publicado': '55%', 'recalculado': '55%', 'diferencia_pp': 0}, {'indicador': 'Audiovisuales de pago', 'sexo': 'Mujeres', 'publicado': '43%', 'recalculado': '43%', 'diferencia_pp': 0}, {'indicador': 'Audiovisuales de pago', 'sexo': 'Hombres', 'publicado': '46%', 'recalculado': '46%', 'diferencia_pp': 0}, {'indicador': 'Leer periódicos, revistas o libros', 'sexo': 'Mujeres', 'publicado': '38%', 'recalculado': '38%', 'diferencia_pp': 0}, {'indicador': 'Leer periódicos, revistas o libros', 'sexo': 'Hombres', 'publicado': '36%', 'recalculado': '36%', 'diferencia_pp': 0}, {'indicador': 'Compras por Internet', 'sexo': 'Mujeres', 'publicado': '32%', 'recalculado': '32%', 'diferencia_pp': 0}, {'indicador': 'Compras por Internet', 'sexo': 'Hombres', 'publicado': '35%', 'recalculado': '35%', 'diferencia_pp': 0}, {'indicador': 'Interacción con el gobierno', 'sexo': 'Mujeres', 'publicado': '32%', 'recalculado': '32%', 'diferencia_pp': 0}, {'indicador': 'Interacción con el gobierno', 'sexo': 'Hombres', 'publicado': '34%', 'recalculado': '34%', 'diferencia_pp': 0}, {'indicador': 'Jugar en línea', 'sexo': 'Mujeres', 'publicado': '21%', 'recalculado': '21%', 'diferencia_pp': 0}, {'indicador': 'Jugar en línea', 'sexo': 'Hombres', 'publicado': '34%', 'recalculado': '34%', 'diferencia_pp': 0}, {'indicador': 'Pagos por Internet', 'sexo': 'Mujeres', 'publicado': '27%', 'recalculado': '27%', 'diferencia_pp': 0}, {'indicador': 'Pagos por Internet', 'sexo': 'Hombres', 'publicado': '32%', 'recalculado': '32%', 'diferencia_pp': 0}, {'indicador': 'Uso de banca electrónica', 'sexo': 'Mujeres', 'publicado': '15%', 'recalculado': '15%', 'diferencia_pp': 0}, {'indicador': 'Uso de banca electrónica', 'sexo': 'Hombres', 'publicado': '18%', 'recalculado': '18%', 'diferencia_pp': 0}, {'indicador': 'TV en web', 'sexo': 'Mujeres', 'publicado': '12%', 'recalculado': '12%', 'diferencia_pp': 0}, {'indicador': 'TV en web', 'sexo': 'Hombres', 'publicado': '15%', 'recalculado': '15%', 'diferencia_pp': 0}, {'indicador': 'Ventas por Internet', 'sexo': 'Mujeres', 'publicado': '12%', 'recalculado': '12%', 'diferencia_pp': 0}, {'indicador': 'Ventas por Internet', 'sexo': 'Hombres', 'publicado': '11%', 'recalculado': '11%', 'diferencia_pp': 0}, {'indicador': 'Radio AM y FM', 'sexo': 'Mujeres', 'publicado': '8%', 'recalculado': '7%', 'diferencia_pp': 1}, {'indicador': 'Radio AM y FM', 'sexo': 'Hombres', 'publicado': '9%', 'recalculado': '10%', 'diferencia_pp': 1}, {'indicador': 'Audiovisuales gratuitos (YouTube)', 'sexo': 'Mujeres', 'publicado': '69%', 'recalculado': '69%', 'diferencia_pp': 0}, {'indicador': 'Audiovisuales gratuitos (YouTube)', 'sexo': 'Hombres', 'publicado': '74%', 'recalculado': '74%', 'diferencia_pp': 0}]}",personas y porcentaje,2
F.1.2,resultados_endutih_2025,"Numerador=sum(FAC_PER donde indicador=1); denominador=sum(FAC_PER del universo, por sexo)","{""tabla"": ""conjunto_de_datos/tr_endutih_usuarios_anual_2025.csv"", ""universo"": ""P7_1=1"", ""compatibilidad"": {""seleccionado"": ""2025""}, ""variables"": [""P7_13_4"", ""P7_13_2"", ""P7_13_1"", ""P7_21"", [""P7_35_1"", ""P7_35_2"", ""P7_35_3"", ""P7_35_4"", ""P7_35_5""], ""P7_13_5"", ""P7_28"", ""P7_33"", ""P7_13_7"", ""P7_19"", ""P7_13_6""]}","{'periodo': '2025', 'filas_publicadas': 26, 'porcentaje_mayor': 72.49}",personas y porcentaje,2
F.1.3,validacion_endutih_2023,Suma FAC_PER por sexo; porcentajes ponderados dentro del universo declarado,"{""tabla"": ""conjunto_de_datos/tr_endutih_usuarios_anual_2023.csv"", ""universo"": ""P6_1=1""}","{'estado': 'REPRODUCIDA_EXACTAMENTE', 'comparaciones': 20, 'diferencia_maxima_pp': 0, 'detalle': [{'indicador': 'Usuarios de computadora', 'sexo': 'Mujeres', 'publicado': '22,584,696; 36%', 'recalculado': '22,584,696; 36%', 'diferencia_pp': 0}, {'indicador': 'Usuarios de computadora', 'sexo': 'Hombres', 'publicado': '21,932,479; 39%', 'recalculado': '21,932,479; 39%', 'diferencia_pp': 0}, {'indicador': 'Enviar y recibir correo electrónico', 'sexo': 'Mujeres', 'publicado': '84%', 'recalculado': '84%', 'diferencia_pp': 0}, {'indicador': 'Enviar y recibir correo electrónico', 'sexo': 'Hombres', 'publicado': '85%', 'recalculado': '85%', 'diferencia_pp': 0}, {'indicador': 'Crear archivos de texto', 'sexo': 'Mujeres', 'publicado': '85%', 'recalculado': '85%', 'diferencia_pp': 0}, {'indicador': 'Crear archivos de texto', 'sexo': 'Hombres', 'publicado': '85%', 'recalculado': '85%', 'diferencia_pp': 0}, {'indicador': 'Copiar archivos entre directorios', 'sexo': 'Mujeres', 'publicado': '79%', 'recalculado': '79%', 'diferencia_pp': 0}, {'indicador': 'Copiar archivos entre directorios', 'sexo': 'Hombres', 'publicado': '80%', 'recalculado': '80%', 'diferencia_pp': 0}, {'indicador': 'Crear presentaciones', 'sexo': 'Mujeres', 'publicado': '75%', 'recalculado': '75%', 'diferencia_pp': 0}, {'indicador': 'Crear presentaciones', 'sexo': 'Hombres', 'publicado': '74%', 'recalculado': '74%', 'diferencia_pp': 0}, {'indicador': 'Crear hojas de cálculo', 'sexo': 'Mujeres', 'publicado': '67%', 'recalculado': '67%', 'diferencia_pp': 0}, {'indicador': 'Crear hojas de cálculo', 'sexo': 'Hombres', 'publicado': '68%', 'recalculado': '68%', 'diferencia_pp': 0}, {'indicador': 'Instalar dispositivos periféricos', 'sexo': 'Mujeres', 'publicado': '55%', 'recalculado': '55%', 'diferencia_pp': 0}, {'indicador': 'Instalar dispositivos periféricos', 'sexo': 'Hombres', 'publicado': '65%', 'recalculado': '65%', 'diferencia_pp': 0}, {'indicador': 'Crear o usar bases de datos', 'sexo': 'Mujeres', 'publicado': '48%', 'recalculado': '48%', 'diferencia_pp': 0}, {'indicador': 'Crear o usar bases de datos', 'sexo': 'Hombres', 'publicado': '50%', 'recalculado': '50%', 'diferencia_pp': 0}, {'indicador': 'Programar en lenguaje especializado', 'sexo': 'Mujeres', 'publicado': '15%', 'recalculado': '15%', 'diferencia_pp': 0}, {'indicador': 'Programar en lenguaje especializado', 'sexo': 'Hombres', 'publicado': '19%', 'recalculado': '19%', 'diferencia_pp': 0}, {'indicador': 'Descargar contenidos de Internet', 'sexo': 'Mujeres', 'publicado': '87%', 'recalculado': '87%', 'diferencia_pp': 0}, {'indicador': 'Descargar contenidos de Internet', 'sexo': 'Hombres', 'publicado': '88%', 'recalculado': '88%', 'diferencia_pp': 0}]}",personas y porcentaje,2
F.1.3,resultados_endutih_2024,"Numerador=sum(FAC_PER donde indicador=1); denominador=sum(FAC_PER del universo, por sexo)","{""tabla"": ""conjunto_de_datos/tr_endutih_usuarios_anual_2024.csv"", ""universo"": ""P6_1=1"", ""compatibilidad"": {""último_publicado"": ""2025"", ""tabla"": ""conjunto_de_datos/tr_endutih_usuarios_anual_2025.csv"", ""variables_faltantes"": [""P6_8_7"", ""P6_8_8"", ""P6_8_9""], ""seleccionado"": ""2024""}, ""variables"": [""P6_8_1"", ""P6_8_4"", ""P6_8_3"", ""P6_8_6"", ""P6_8_5"", ""P6_8_7"", ""P6_8_8"", ""P6_8_9""]}","{'periodo': '2024', 'filas_publicadas': 20, 'porcentaje_mayor': 88.35}",personas y porcentaje,2
F.1.4,validacion_endutih_2023,Suma FAC_PER por sexo; porcentajes ponderados dentro del universo declarado,"{""tabla"": ""conjunto_de_datos/tr_endutih_usuarios_anual_2023.csv"", ""universo"": ""P7_15=1""}","{'estado': 'REPRODUCIDA_EXACTAMENTE', 'comparaciones': 22, 'diferencia_maxima_pp': 0, 'detalle': [{'indicador': 'Usuarios de redes sociales', 'sexo': 'Mujeres', 'publicado': '47,228,697; 75%', 'recalculado': '47,228,697; 75%', 'diferencia_pp': 0}, {'indicador': 'Usuarios de redes sociales', 'sexo': 'Hombres', 'publicado': '41,559,860; 73%', 'recalculado': '41,559,860; 73%', 'diferencia_pp': 0}, {'indicador': 'Facebook', 'sexo': 'Mujeres', 'publicado': '80%', 'recalculado': '80%', 'diferencia_pp': 0}, {'indicador': 'Facebook', 'sexo': 'Hombres', 'publicado': '79%', 'recalculado': '79%', 'diferencia_pp': 0}, {'indicador': 'YouTube', 'sexo': 'Mujeres', 'publicado': '37%', 'recalculado': '37%', 'diferencia_pp': 0}, {'indicador': 'YouTube', 'sexo': 'Hombres', 'publicado': '40%', 'recalculado': '40%', 'diferencia_pp': 0}, {'indicador': 'Instagram', 'sexo': 'Mujeres', 'publicado': '36%', 'recalculado': '36%', 'diferencia_pp': 0}, {'indicador': 'Instagram', 'sexo': 'Hombres', 'publicado': '34%', 'recalculado': '34%', 'diferencia_pp': 0}, {'indicador': 'Messenger', 'sexo': 'Mujeres', 'publicado': '28%', 'recalculado': '28%', 'diferencia_pp': 0}, {'indicador': 'Messenger', 'sexo': 'Hombres', 'publicado': '30%', 'recalculado': '30%', 'diferencia_pp': 0}, {'indicador': 'TikTok', 'sexo': 'Mujeres', 'publicado': '27%', 'recalculado': '27%', 'diferencia_pp': 0}, {'indicador': 'TikTok', 'sexo': 'Hombres', 'publicado': '22%', 'recalculado': '22%', 'diferencia_pp': 0}, {'indicador': 'X (antes Twitter)', 'sexo': 'Mujeres', 'publicado': '9%', 'recalculado': '9%', 'diferencia_pp': 0}, {'indicador': 'X (antes Twitter)', 'sexo': 'Hombres', 'publicado': '13%', 'recalculado': '13%', 'diferencia_pp': 0}, {'indicador': 'Snapchat', 'sexo': 'Mujeres', 'publicado': '4%', 'recalculado': '4%', 'diferencia_pp': 0}, {'indicador': 'Snapchat', 'sexo': 'Hombres', 'publicado': '3%', 'recalculado': '3%', 'diferencia_pp': 0}, {'indicador': 'Pinterest', 'sexo': 'Mujeres', 'publicado': '4%', 'recalculado': '4%', 'diferencia_pp': 0}, {'indicador': 'Pinterest', 'sexo': 'Hombres', 'publicado': '2%', 'recalculado': '2%', 'diferencia_pp': 0}, {'indicador': 'LinkedIn', 'sexo': 'Mujeres', 'publicado': '1%', 'recalculado': '1%', 'diferencia_pp': 0}, {'indicador': 'LinkedIn', 'sexo': 'Hombres', 'publicado': '1%', 'recalculado': '1%', 'diferencia_pp': 0}, {'indicador': 'WhatsApp', 'sexo': 'Mujeres', 'publicado': '93%', 'recalculado': '93%', 'diferencia_pp': 0}, {'indicador': 'WhatsApp', 'sexo': 'Hombres', 'publicado': '92%', 'recalculado': '92%', 'diferencia_pp': 0}]}",personas y porcentaje,2
F.1.4,resultados_endutih_2025,"Numerador=sum(FAC_PER donde indicador=1); denominador=sum(FAC_PER del universo, por sexo)","{""tabla"": ""conjunto_de_datos/tr_endutih_usuarios_anual_2025.csv"", ""universo"": ""P7_15=1"", ""compatibilidad"": {""seleccionado"": ""2025""}, ""variables"": [""P7_16_1"", ""P7_16_7"", ""P7_16_3"", ""P7_16_9"", ""P7_16_10"", ""P7_16_2"", ""P7_16_5"", ""P7_16_8"", ""P7_16_4""]}","{'periodo': '2025', 'filas_publicadas': 22, 'porcentaje_mayor': 90.45}",personas y porcentaje,2
F.2,validacion_modelo_2024,sum(fac_tri) por SCIAN 515/517 y sexo; coincidencia exacta de totales y porcentajes redondeados publicados,"{""periodo"": ""2024-T2"", ""modelo"": ""clase1=1, clase2=1 y fac_tri>0"", ""muestra_ocupada"": 196600, ""sdem"": ""ENOE_SDEMT224.csv"", ""coe1"": ""ENOE_COE1T224.csv"", ""filas_sdem"": 427123, ""filas_coe1"": 350404, ""filas_cruzadas"": 350404}",APROBADA,validación,
F.2,empleo_radio_por_sexo,personas_sexo = sum(fac_tri); porcentaje_sexo = personas_sexo / (mujeres + hombres) * 100,"{""periodo"": ""2026-T2"", ""scian"": ""515"", ""mujeres"": 13175, ""hombres"": 23546, ""muestra_ocupada"": 190325, ""sdem"": ""ENOE_SDEMT226.csv"", ""coe1"": ""ENOE_COE1T226.csv"", ""filas_sdem"": 417128, ""filas_coe1"": 344709, ""filas_cruzadas"": 344709}","{'total': 36721, 'mujeres_pct': 35.88, 'hombres_pct': 64.12}",personas y porcentaje,2
F.2,empleo_telecom_por_sexo,personas_sexo = sum(fac_tri); porcentaje_sexo = personas_sexo / (mujeres + hombres) * 100,"{""periodo"": ""2026-T2"", ""scian"": ""517"", ""mujeres"": 74072, ""hombres"": 168276, ""muestra_ocupada"": 190325, ""sdem"": ""ENOE_SDEMT226.csv"", ""coe1"": ""ENOE_COE1T226.csv"", ""filas_sdem"": 417128, ""filas_coe1"": 344709, ""filas_cruzadas"": 344709}","{'total': 242348, 'mujeres_pct': 30.56, 'hombres_pct': 69.44}",personas y porcentaje,2
F.3,validacion_2024,32 participaciones estatales = sum(FACTOR de víctimas de la entidad) / sum(FACTOR de víctimas nacional) * 100,"{""miembro"": ""MOCIBA2024.csv""}","{'total_victimas': 18949939.0, 'suma_porcentajes': 100.0, 'entidades': 32}",validación,2
F.3,distribucion_estatal_2025,sum(FACTOR de víctimas de la entidad) / sum(FACTOR de víctimas nacional) * 100,"{""miembro"": ""MOCIBA2025.csv"", ""total_victimas"": 19394626, ""entidades"": 32}","{'mayor': 'MEXICO', 'mayor_pct': np.float64(13.03), 'menor': 'COLIMA', 'menor_pct': np.float64(0.56)}",porcentaje,2
F.4,validacion_2024,sum(FACTOR de víctimas por entidad y sexo) / sum(FACTOR de víctimas del sexo) * 100,"{""miembro"": ""MOCIBA2024.csv""}","{'hombres': 8368480.0, 'mujeres': 10581459.0, 'entidades': 32}",validación,2
F.4,distribucion_estatal_sexo_2025,sum(FACTOR de víctimas por entidad y sexo) / total nacional de víctimas del sexo * 100,"{""miembro"": ""MOCIBA2025.csv"", ""totales"": {""Hombres"": 8618346.0, ""Mujeres"": 10776280.0}, ""entidades"": 32}","{'suma_hombres': np.float64(100.0), 'suma_mujeres': np.float64(100.0)}",porcentaje,2
F.4,maximos_por_sexo,máximo de las 32 participaciones estatales,"{""periodo"": ""2025""}","{'Hombres': {'entidad': 'MEXICO', 'porcentaje': np.float64(12.05)}, 'Mujeres': {'entidad': 'MEXICO', 'porcentaje': np.float64(13.82)}}",porcentaje,2
F.5,validacion_2024,sum(FACTOR de víctimas del grupo de edad y sexo) / total de víctimas del sexo * 100,"{""miembro"": ""MOCIBA2024.csv""}","{'suma_hombres': 99.99999999999999, 'suma_mujeres': 100.0, 'total_hombres': 8368480.0, 'total_mujeres': 10581459.0}",validación,2
F.5,distribucion_edad_sexo_2025,sum(FACTOR de víctimas por edad y sexo) / sum(FACTOR de víctimas del sexo) * 100,"{""miembro"": ""MOCIBA2025.csv"", ""totales"": {""Hombres"": 8618346.0, ""Mujeres"": 10776280.0}}","{'suma_hombres': np.float64(100.0), 'suma_mujeres': np.float64(100.0)}",porcentaje,2
F.5,maximos_edad_por_sexo,máximo de seis grupos de edad,"{""periodo"": ""2025""}","{'Hombres': {'edad': 'De 20 a 29 años', 'porcentaje': np.float64(24.49)}, 'Mujeres': {'edad': 'De 20 a 29 años', 'porcentaje': np.float64(25.07)}}",porcentaje,2
F.6,validacion_2024,sum(FACTOR de víctimas que reportan la situación y sexo) / sum(FACTOR de víctimas del sexo) * 100,"{""miembro"": ""MOCIBA2024.csv""}","{'comprobaciones': 10, 'tolerancia_pp': 0.25, 'desviacion_maxima_pp': 0.04153759892657405}",validación,3
F.6,situaciones_por_sexo_2025,sum(FACTOR de respuesta Sí por situación y sexo) / total de víctimas del sexo * 100,"{""miembro"": ""MOCIBA2025.csv"", ""situaciones"": 13}","{'max_mujeres': np.float64(36.75), 'max_hombres': np.float64(37.83)}",porcentaje,2
F.7,validacion_2024,sum(FACTOR de selección por medida y sexo) / sum(FACTOR de población elegible del sexo) * 100,"{""miembro"": ""MOCIBA2024.csv""}","{'comprobaciones': 16, 'tolerancia_pp': 0.25, 'desviacion_maxima_pp': 0.04999907877481746}",validación,3
F.7,medidas_seguridad_2025,sum(FACTOR de selección por medida y sexo) / total elegible por sexo * 100,"{""miembro"": ""MOCIBA2025.csv"", ""medidas"": 8}","{'max_hombres': np.float64(88.25), 'max_mujeres': np.float64(89.49)}",porcentaje,2
F.8,validacion_2024,sum(FACTOR de víctimas que reportan cada medio) / sum(FACTOR de víctimas) * 100,"{""miembro"": ""MOCIBA2024.csv""}","{'comprobaciones': 9, 'tolerancia_pp': 0.25, 'desviacion_maxima_pp': 0.03299365765768414}",validación,3
F.8,medios_digitales_2025,sum(FACTOR de víctimas que reportan el medio en P11) / total de víctimas * 100,"{""miembro"": ""MOCIBA2025.csv"", ""medios"": 14}","{'mayor': 'WhatsApp', 'mayor_pct': np.float64(41.48), 'menor': 'YouTube', 'menor_pct': np.float64(0.33)}",porcentaje,2
F.9,validacion_2024,sum(FACTOR de víctimas que reportan la medida por sexo) / total de víctimas del sexo * 100,"{""miembro"": ""MOCIBA2024.csv""}","{'comprobaciones': 6, 'tolerancia_pp': 0.25, 'desviacion_maxima_pp': 0.049084044081254774}",validación,3
F.9,medidas_ciberacoso_2025,sum(FACTOR de víctimas que reportan la medida) / total de víctimas * 100,"{""miembro"": ""MOCIBA2025.csv"", ""medidas"": 12}","{'mayor': 'Bloquear (a la persona, cuenta o página)', 'mayor_pct': np.float64(66.48), 'comprobacion_sexo': {'Hombres': {'Bloquear': 58.12189485082172, 'Ignorar': 21.65953884886961, 'Ninguna': 10.84756866340711}, 'Mujeres': {'Bloquear': 73.162612701229, 'Ignorar': 16.63745745285015, 'Ninguna': 5.131529618755266}}}",porcentaje,2
F.10,"riesgo_ninos,_ninas_y_adolescentes",sum(factor de casos Sí) / sum(factor de población elegible) * 100,"{""archivo"": ""Tercera Encuesta 2023_Int&TV.xlsx"", ""numerador_ponderado"": 3602.1361502627665, ""denominador_ponderado"": 6398.503797308887}",56.296538446656385,porcentaje,1
F.10,riesgo_mujeres,sum(factor de casos Sí) / sum(factor de población elegible) * 100,"{""archivo"": ""Tercera Encuesta 2023_Int&TV.xlsx"", ""numerador_ponderado"": 2767.258165698342, ""denominador_ponderado"": 6398.503797308887}",43.2485195501831,porcentaje,1
F.10,riesgo_todas_las_personas_son_vulnerables,sum(factor de casos Sí) / sum(factor de población elegible) * 100,"{""archivo"": ""Tercera Encuesta 2023_Int&TV.xlsx"", ""numerador_ponderado"": 1860.052314998071, ""denominador_ponderado"": 6398.503797308887}",29.070113481535802,porcentaje,1
F.10,riesgo_personas_adultas_mayores,sum(factor de casos Sí) / sum(factor de población elegible) * 100,"{""archivo"": ""Tercera Encuesta 2023_Int&TV.xlsx"", ""numerador_ponderado"": 688.6843598388904, ""denominador_ponderado"": 6398.503797308887}",10.763209363547466,porcentaje,1
F.10,riesgo_personas_con_discapacidad,sum(factor de casos Sí) / sum(factor de población elegible) * 100,"{""archivo"": ""Tercera Encuesta 2023_Int&TV.xlsx"", ""numerador_ponderado"": 635.9437003411341, ""denominador_ponderado"": 6398.503797308887}",9.938943860728852,porcentaje,1
F.10,riesgo_personas_de_la_comunidad_lgbtiq+,sum(factor de casos Sí) / sum(factor de población elegible) * 100,"{""archivo"": ""Tercera Encuesta 2023_Int&TV.xlsx"", ""numerador_ponderado"": 576.3857640776303, ""denominador_ponderado"": 6398.503797308887}",9.008133500210617,porcentaje,1
F.10,riesgo_personas_indigenas,sum(factor de casos Sí) / sum(factor de población elegible) * 100,"{""archivo"": ""Tercera Encuesta 2023_Int&TV.xlsx"", ""numerador_ponderado"": 338.8392716537227, ""denominador_ponderado"": 6398.503797308887}",5.295601634185687,porcentaje,1
F.10,riesgo_hombres,sum(factor de casos Sí) / sum(factor de población elegible) * 100,"{""archivo"": ""Tercera Encuesta 2023_Int&TV.xlsx"", ""numerador_ponderado"": 318.27677617687243, ""denominador_ponderado"": 6398.503797308887}",4.974237513318891,porcentaje,1
F.10,riesgo_personas_afrodescendientes,sum(factor de casos Sí) / sum(factor de población elegible) * 100,"{""archivo"": ""Tercera Encuesta 2023_Int&TV.xlsx"", ""numerador_ponderado"": 235.72336416649102, ""denominador_ponderado"": 6398.503797308887}",3.6840388258522663,porcentaje,1
F.11,"mujeres_ninos,_ninas_y_adolescentes",sum(factor de mujeres con respuesta Sí) / sum(factor de mujeres elegibles) * 100,"{""archivo"": ""Tercera Encuesta 2023_Int&TV.xlsx"", ""numerador"": 1925.532393577962, ""denominador"": 3298.9415039604382}",58.36818844063546,porcentaje,1
F.11,"hombres_ninos,_ninas_y_adolescentes",sum(factor de hombres con respuesta Sí) / sum(factor de hombres elegibles) * 100,"{""archivo"": ""Tercera Encuesta 2023_Int&TV.xlsx"", ""numerador"": 1676.6037566848045, ""denominador"": 3099.562293348448}",54.091629656314296,porcentaje,1
F.11,mujeres_mujeres,sum(factor de mujeres con respuesta Sí) / sum(factor de mujeres elegibles) * 100,"{""archivo"": ""Tercera Encuesta 2023_Int&TV.xlsx"", ""numerador"": 1418.989667094374, ""denominador"": 3298.9415039604382}",43.01348373079218,porcentaje,1
F.11,hombres_mujeres,sum(factor de hombres con respuesta Sí) / sum(factor de hombres elegibles) * 100,"{""archivo"": ""Tercera Encuesta 2023_Int&TV.xlsx"", ""numerador"": 1348.268498603968, ""denominador"": 3099.562293348448}",43.49867403850231,porcentaje,1
F.11,mujeres_personas_adultas_mayores,sum(factor de mujeres con respuesta Sí) / sum(factor de mujeres elegibles) * 100,"{""archivo"": ""Tercera Encuesta 2023_Int&TV.xlsx"", ""numerador"": 332.52678903295964, ""denominador"": 3298.9415039604382}",10.079802525560252,porcentaje,1
F.11,hombres_personas_adultas_mayores,sum(factor de hombres con respuesta Sí) / sum(factor de hombres elegibles) * 100,"{""archivo"": ""Tercera Encuesta 2023_Int&TV.xlsx"", ""numerador"": 356.15757080593073, ""denominador"": 3099.562293348448}",11.49057631686359,porcentaje,1
F.11,mujeres_personas_con_discapacidad,sum(factor de mujeres con respuesta Sí) / sum(factor de mujeres elegibles) * 100,"{""archivo"": ""Tercera Encuesta 2023_Int&TV.xlsx"", ""numerador"": 333.15734320008363, ""denominador"": 3298.9415039604382}",10.098916358478084,porcentaje,1
F.11,hombres_personas_con_discapacidad,sum(factor de hombres con respuesta Sí) / sum(factor de hombres elegibles) * 100,"{""archivo"": ""Tercera Encuesta 2023_Int&TV.xlsx"", ""numerador"": 302.7863571410505, ""denominador"": 3099.562293348448}",9.768681138973054,porcentaje,1
F.11,mujeres_personas_de_la_comunidad_lgbtiq+,sum(factor de mujeres con respuesta Sí) / sum(factor de mujeres elegibles) * 100,"{""archivo"": ""Tercera Encuesta 2023_Int&TV.xlsx"", ""numerador"": 274.32509896812223, ""denominador"": 3298.9415039604382}",8.315549052288137,porcentaje,1
F.11,hombres_personas_de_la_comunidad_lgbtiq+,sum(factor de hombres con respuesta Sí) / sum(factor de hombres elegibles) * 100,"{""archivo"": ""Tercera Encuesta 2023_Int&TV.xlsx"", ""numerador"": 302.060665109508, ""denominador"": 3099.562293348448}",9.745268412824599,porcentaje,1
F.11,mujeres_personas_indigenas,sum(factor de mujeres con respuesta Sí) / sum(factor de mujeres elegibles) * 100,"{""archivo"": ""Tercera Encuesta 2023_Int&TV.xlsx"", ""numerador"": 168.50470530489454, ""denominador"": 3298.9415039604382}",5.107841563804682,porcentaje,1
F.11,hombres_personas_indigenas,sum(factor de hombres con respuesta Sí) / sum(factor de hombres elegibles) * 100,"{""archivo"": ""Tercera Encuesta 2023_Int&TV.xlsx"", ""numerador"": 170.33456634882808, ""denominador"": 3099.562293348448}",5.495439362982318,porcentaje,1
F.11,mujeres_hombres,sum(factor de mujeres con respuesta Sí) / sum(factor de mujeres elegibles) * 100,"{""archivo"": ""Tercera Encuesta 2023_Int&TV.xlsx"", ""numerador"": 144.20019865758292, ""denominador"": 3298.9415039604382}",4.371105049436857,porcentaje,1
F.11,hombres_hombres,sum(factor de hombres con respuesta Sí) / sum(factor de hombres elegibles) * 100,"{""archivo"": ""Tercera Encuesta 2023_Int&TV.xlsx"", ""numerador"": 174.0765775192895, ""denominador"": 3099.562293348448}",5.61616644688354,porcentaje,1
F.11,mujeres_personas_afrodescendientes,sum(factor de mujeres con respuesta Sí) / sum(factor de mujeres elegibles) * 100,"{""archivo"": ""Tercera Encuesta 2023_Int&TV.xlsx"", ""numerador"": 103.23687747149813, ""denominador"": 3298.9415039604382}",3.1293939994862114,porcentaje,1
F.11,hombres_personas_afrodescendientes,sum(factor de hombres con respuesta Sí) / sum(factor de hombres elegibles) * 100,"{""archivo"": ""Tercera Encuesta 2023_Int&TV.xlsx"", ""numerador"": 132.48648669499292, ""denominador"": 3099.562293348448}",4.274361156712491,porcentaje,1
F.11,mujeres_todas_las_personas_son_vulnerables,sum(factor de mujeres con respuesta Sí) / sum(factor de mujeres elegibles) * 100,"{""archivo"": ""Tercera Encuesta 2023_Int&TV.xlsx"", ""numerador"": 937.2651363382668, ""denominador"": 3298.9415039604382}",28.411086865682922,porcentaje,1
F.11,hombres_todas_las_personas_son_vulnerables,sum(factor de hombres con respuesta Sí) / sum(factor de hombres elegibles) * 100,"{""archivo"": ""Tercera Encuesta 2023_Int&TV.xlsx"", ""numerador"": 922.7871786598042, ""denominador"": 3099.562293348448}",29.771531955982084,porcentaje,1
F.12,"riesgo_ninos,_ninas_y_adolescentes",sum(calibrador de casos Sí) / sum(calibrador de personas usuarias) * 100,"{""archivo"": ""Tercera Encuesta 2023_Tel Móvil.xlsx"", ""numerador"": 2463.3608740766663, ""denominador"": 5301.999999999998}",46.460974614799454,porcentaje,1
F.12,riesgo_personas_adultas_mayores,sum(calibrador de casos Sí) / sum(calibrador de personas usuarias) * 100,"{""archivo"": ""Tercera Encuesta 2023_Tel Móvil.xlsx"", ""numerador"": 1084.5435463500762, ""denominador"": 5301.999999999998}",20.455366773860366,porcentaje,1
F.12,riesgo_mujeres,sum(calibrador de casos Sí) / sum(calibrador de personas usuarias) * 100,"{""archivo"": ""Tercera Encuesta 2023_Tel Móvil.xlsx"", ""numerador"": 649.155392605272, ""denominador"": 5301.999999999998}",12.243594730389894,porcentaje,1
F.12,riesgo_parientes_(familiares),sum(calibrador de casos Sí) / sum(calibrador de personas usuarias) * 100,"{""archivo"": ""Tercera Encuesta 2023_Tel Móvil.xlsx"", ""numerador"": 357.37144073871764, ""denominador"": 5301.999999999998}",6.7403138577653285,porcentaje,1
F.12,riesgo_hombres,sum(calibrador de casos Sí) / sum(calibrador de personas usuarias) * 100,"{""archivo"": ""Tercera Encuesta 2023_Tel Móvil.xlsx"", ""numerador"": 80.84666532788958, ""denominador"": 5301.999999999998}",1.5248333709522748,porcentaje,1
F.12,riesgo_personas_con_discapacidad,sum(calibrador de casos Sí) / sum(calibrador de personas usuarias) * 100,"{""archivo"": ""Tercera Encuesta 2023_Tel Móvil.xlsx"", ""numerador"": 55.007297657525655, ""denominador"": 5301.999999999998}",1.0374820380521628,porcentaje,1
F.12,riesgo_todas_las_personas_son_vulnerables,sum(calibrador de casos Sí) / sum(calibrador de personas usuarias) * 100,"{""archivo"": ""Tercera Encuesta 2023_Tel Móvil.xlsx"", ""numerador"": 1259.0130317336038, ""denominador"": 5301.999999999998}",23.746002107385973,porcentaje,1
F.13,"mujeres_ninos,_ninas_y_adolescentes",sum(calibrador mujeres Sí) / sum(calibrador mujeres elegibles) * 100,"{""archivo"": ""Tercera Encuesta 2023_Tel Móvil.xlsx"", ""numerador"": 1353.006552002409, ""denominador"": 2758.5212840963663}",49.04825494016899,porcentaje,1
F.13,"hombres_ninos,_ninas_y_adolescentes",sum(calibrador hombres Sí) / sum(calibrador hombres elegibles) * 100,"{""archivo"": ""Tercera Encuesta 2023_Tel Móvil.xlsx"", ""numerador"": 1110.354322074257, ""denominador"": 2543.4787159036323}",43.654948442522226,porcentaje,1
F.13,mujeres_personas_adultas_mayores,sum(calibrador mujeres Sí) / sum(calibrador mujeres elegibles) * 100,"{""archivo"": ""Tercera Encuesta 2023_Tel Móvil.xlsx"", ""numerador"": 565.6466116273896, ""denominador"": 2758.5212840963663}",20.505428574667807,porcentaje,1
F.13,hombres_personas_adultas_mayores,sum(calibrador hombres Sí) / sum(calibrador hombres elegibles) * 100,"{""archivo"": ""Tercera Encuesta 2023_Tel Móvil.xlsx"", ""numerador"": 518.8969347226866, ""denominador"": 2543.4787159036323}",20.401072416221734,porcentaje,1
F.13,mujeres_mujeres,sum(calibrador mujeres Sí) / sum(calibrador mujeres elegibles) * 100,"{""archivo"": ""Tercera Encuesta 2023_Tel Móvil.xlsx"", ""numerador"": 327.172749668213, ""denominador"": 2758.5212840963663}",11.860439560660772,porcentaje,1
F.13,hombres_mujeres,sum(calibrador hombres Sí) / sum(calibrador hombres elegibles) * 100,"{""archivo"": ""Tercera Encuesta 2023_Tel Móvil.xlsx"", ""numerador"": 321.98264293705915, ""denominador"": 2543.4787159036323}",12.659144380638823,porcentaje,1
F.13,mujeres_parientes_(familiares),sum(calibrador mujeres Sí) / sum(calibrador mujeres elegibles) * 100,"{""archivo"": ""Tercera Encuesta 2023_Tel Móvil.xlsx"", ""numerador"": 173.3565731915997, ""denominador"": 2758.5212840963663}",6.284402233582463,porcentaje,1
F.13,hombres_parientes_(familiares),sum(calibrador hombres Sí) / sum(calibrador hombres elegibles) * 100,"{""archivo"": ""Tercera Encuesta 2023_Tel Móvil.xlsx"", ""numerador"": 184.014867547118, ""denominador"": 2543.4787159036323}",7.2347712759114735,porcentaje,1
F.13,mujeres_hombres,sum(calibrador mujeres Sí) / sum(calibrador mujeres elegibles) * 100,"{""archivo"": ""Tercera Encuesta 2023_Tel Móvil.xlsx"", ""numerador"": 55.47455910800817, ""denominador"": 2758.5212840963663}",2.011025233984391,porcentaje,1
F.13,hombres_hombres,sum(calibrador hombres Sí) / sum(calibrador hombres elegibles) * 100,"{""archivo"": ""Tercera Encuesta 2023_Tel Móvil.xlsx"", ""numerador"": 25.372106219881424, ""denominador"": 2543.4787159036323}",0.9975356216365022,porcentaje,1
F.13,mujeres_personas_con_discapacidad,sum(calibrador mujeres Sí) / sum(calibrador mujeres elegibles) * 100,"{""archivo"": ""Tercera Encuesta 2023_Tel Móvil.xlsx"", ""numerador"": 33.49650669484953, ""denominador"": 2758.5212840963663}",1.2142921241161377,porcentaje,1
F.13,hombres_personas_con_discapacidad,sum(calibrador hombres Sí) / sum(calibrador hombres elegibles) * 100,"{""archivo"": ""Tercera Encuesta 2023_Tel Móvil.xlsx"", ""numerador"": 21.51079096267612, ""denominador"": 2543.4787159036323}",0.8457232540683514,porcentaje,1
F.13,mujeres_todas_las_personas_son_vulnerables,sum(calibrador mujeres Sí) / sum(calibrador mujeres elegibles) * 100,"{""archivo"": ""Tercera Encuesta 2023_Tel Móvil.xlsx"", ""numerador"": 695.8120902178657, ""denominador"": 2758.5212840963663}",25.22409720850855,porcentaje,1
F.13,hombres_todas_las_personas_son_vulnerables,sum(calibrador hombres Sí) / sum(calibrador hombres elegibles) * 100,"{""archivo"": ""Tercera Encuesta 2023_Tel Móvil.xlsx"", ""numerador"": 563.2009415157379, ""denominador"": 2543.4787159036323}",22.142939038341712,porcentaje,1
F.14,prevención_1,síntesis fiel del hallazgo cualitativo publicado,"{""pagina_fuente"": ""apartado de violencia digital"", ""tipo"": ""Prevención""}","Cuidar el tipo de información que comparten y evitar divulgar información personal privada, propia o de familiares.",texto cualitativo,
F.14,prevención_2,síntesis fiel del hallazgo cualitativo publicado,"{""pagina_fuente"": ""apartado de violencia digital"", ""tipo"": ""Prevención""}",Tener contacto solamente con personas conocidas y no aceptar a desconocidos.,texto cualitativo,
F.14,prevención_3,síntesis fiel del hallazgo cualitativo publicado,"{""pagina_fuente"": ""apartado de violencia digital"", ""tipo"": ""Prevención""}","No entrar a sitios ni vínculos desconocidos, aunque parezcan atractivos.",texto cualitativo,
F.14,prevención_4,síntesis fiel del hallazgo cualitativo publicado,"{""pagina_fuente"": ""apartado de violencia digital"", ""tipo"": ""Prevención""}",Utilizar los filtros de seguridad de las plataformas para restringir con quién se comparte información.,texto cualitativo,
F.14,protección_1,síntesis fiel del hallazgo cualitativo publicado,"{""pagina_fuente"": ""apartado de violencia digital"", ""tipo"": ""Protección""}","En casos menos delicados, hacer caso omiso a comentarios negativos, provocaciones o ataques.",texto cualitativo,
F.14,protección_2,síntesis fiel del hallazgo cualitativo publicado,"{""pagina_fuente"": ""apartado de violencia digital"", ""tipo"": ""Protección""}",Platicar el caso con familiares y amistades de mucha confianza para recibir apoyo y consejo.,texto cualitativo,
F.14,protección_3,síntesis fiel del hallazgo cualitativo publicado,"{""pagina_fuente"": ""apartado de violencia digital"", ""tipo"": ""Protección""}","En casos graves, acudir a la Policía Cibernética.",texto cualitativo,
F.14,protección_4,síntesis fiel del hallazgo cualitativo publicado,"{""pagina_fuente"": ""apartado de violencia digital"", ""tipo"": ""Protección""}",Buscar ayuda psicológica.,texto cualitativo,
F.15,general_evitar_compartir_informacion_personal,sum(factor de respuestas Sí del segmento) / sum(factor del segmento elegible) * 100,"{""archivo"": ""Tercera Encuesta 2023_Int&TV.xlsx"", ""numerador"": 5775.184238888769, ""denominador"": 6398.503797308887}",90.25835448152306,porcentaje,1
F.15,mujeres_evitar_compartir_informacion_personal,sum(factor de respuestas Sí del segmento) / sum(factor del segmento elegible) * 100,"{""archivo"": ""Tercera Encuesta 2023_Int&TV.xlsx"", ""numerador"": 3007.9085557788676, ""denominador"": 3298.9415039604382}",91.17799003613189,porcentaje,1
F.15,hombres_evitar_compartir_informacion_personal,sum(factor de respuestas Sí del segmento) / sum(factor del segmento elegible) * 100,"{""archivo"": ""Tercera Encuesta 2023_Int&TV.xlsx"", ""numerador"": 2767.2756831099014, ""denominador"": 3099.562293348448}",89.27956340959426,porcentaje,1
F.15,general_evitar_compartir_contrasenas,sum(factor de respuestas Sí del segmento) / sum(factor del segmento elegible) * 100,"{""archivo"": ""Tercera Encuesta 2023_Int&TV.xlsx"", ""numerador"": 5725.678210636505, ""denominador"": 6398.503797308887}",89.48464191026405,porcentaje,1
F.15,mujeres_evitar_compartir_contrasenas,sum(factor de respuestas Sí del segmento) / sum(factor del segmento elegible) * 100,"{""archivo"": ""Tercera Encuesta 2023_Int&TV.xlsx"", ""numerador"": 3019.7951052460066, ""denominador"": 3298.9415039604382}",91.53830407785918,porcentaje,1
F.15,hombres_evitar_compartir_contrasenas,sum(factor de respuestas Sí del segmento) / sum(factor del segmento elegible) * 100,"{""archivo"": ""Tercera Encuesta 2023_Int&TV.xlsx"", ""numerador"": 2705.8831053904987, ""denominador"": 3099.562293348448}",87.29887801246096,porcentaje,1
F.15,general_revisar_un_perfil_antes_de_aceptarlo,sum(factor de respuestas Sí del segmento) / sum(factor del segmento elegible) * 100,"{""archivo"": ""Tercera Encuesta 2023_Int&TV.xlsx"", ""numerador"": 5606.228340659962, ""denominador"": 6398.503797308887}",87.61780125875451,porcentaje,1
F.15,mujeres_revisar_un_perfil_antes_de_aceptarlo,sum(factor de respuestas Sí del segmento) / sum(factor del segmento elegible) * 100,"{""archivo"": ""Tercera Encuesta 2023_Int&TV.xlsx"", ""numerador"": 2967.9855759111024, ""denominador"": 3298.9415039604382}",89.96781459592366,porcentaje,1
F.15,hombres_revisar_un_perfil_antes_de_aceptarlo,sum(factor de respuestas Sí del segmento) / sum(factor del segmento elegible) * 100,"{""archivo"": ""Tercera Encuesta 2023_Int&TV.xlsx"", ""numerador"": 2638.2427647488594, ""denominador"": 3099.562293348448}",85.11662341519755,porcentaje,1
F.15,general_ser_mas_precavido_al_abrir_vinculos_o_archivos,sum(factor de respuestas Sí del segmento) / sum(factor del segmento elegible) * 100,"{""archivo"": ""Tercera Encuesta 2023_Int&TV.xlsx"", ""numerador"": 5546.285447930415, ""denominador"": 6398.503797308887}",86.6809745469417,porcentaje,1
F.15,mujeres_ser_mas_precavido_al_abrir_vinculos_o_archivos,sum(factor de respuestas Sí del segmento) / sum(factor del segmento elegible) * 100,"{""archivo"": ""Tercera Encuesta 2023_Int&TV.xlsx"", ""numerador"": 2887.613129538976, ""denominador"": 3298.9415039604382}",87.53150445597004,porcentaje,1
F.15,hombres_ser_mas_precavido_al_abrir_vinculos_o_archivos,sum(factor de respuestas Sí del segmento) / sum(factor del segmento elegible) * 100,"{""archivo"": ""Tercera Encuesta 2023_Int&TV.xlsx"", ""numerador"": 2658.6723183914382, ""denominador"": 3099.562293348448}",85.77573433825982,porcentaje,1
F.15,general_evitar_publicar_informacion_de_ubicacion,sum(factor de respuestas Sí del segmento) / sum(factor del segmento elegible) * 100,"{""archivo"": ""Tercera Encuesta 2023_Int&TV.xlsx"", ""numerador"": 5504.00180668954, ""denominador"": 6398.503797308887}",86.02013816111884,porcentaje,1
F.15,mujeres_evitar_publicar_informacion_de_ubicacion,sum(factor de respuestas Sí del segmento) / sum(factor del segmento elegible) * 100,"{""archivo"": ""Tercera Encuesta 2023_Int&TV.xlsx"", ""numerador"": 2890.07297144173, ""denominador"": 3298.9415039604382}",87.60606903675453,porcentaje,1
F.15,hombres_evitar_publicar_informacion_de_ubicacion,sum(factor de respuestas Sí del segmento) / sum(factor del segmento elegible) * 100,"{""archivo"": ""Tercera Encuesta 2023_Int&TV.xlsx"", ""numerador"": 2613.9288352478097, ""denominador"": 3099.562293348448}",84.33219235042347,porcentaje,1
F.15,general_mantener_redes_sociales_privadas,sum(factor de respuestas Sí del segmento) / sum(factor del segmento elegible) * 100,"{""archivo"": ""Tercera Encuesta 2023_Int&TV.xlsx"", ""numerador"": 5245.009824795283, ""denominador"": 6398.503797308887}",81.97244216688992,porcentaje,1
F.15,mujeres_mantener_redes_sociales_privadas,sum(factor de respuestas Sí del segmento) / sum(factor del segmento elegible) * 100,"{""archivo"": ""Tercera Encuesta 2023_Int&TV.xlsx"", ""numerador"": 2789.7529689193225, ""denominador"": 3298.9415039604382}",84.56509354804183,porcentaje,1
F.15,hombres_mantener_redes_sociales_privadas,sum(factor de respuestas Sí del segmento) / sum(factor del segmento elegible) * 100,"{""archivo"": ""Tercera Encuesta 2023_Int&TV.xlsx"", ""numerador"": 2455.2568558759604, ""denominador"": 3099.562293348448}",79.21301859765347,porcentaje,1
F.15,general_restringir_fotos_o_videos,sum(factor de respuestas Sí del segmento) / sum(factor del segmento elegible) * 100,"{""archivo"": ""Tercera Encuesta 2023_Int&TV.xlsx"", ""numerador"": 5173.692211254051, ""denominador"": 6398.503797308887}",80.85784388265935,porcentaje,1
F.15,mujeres_restringir_fotos_o_videos,sum(factor de respuestas Sí del segmento) / sum(factor del segmento elegible) * 100,"{""archivo"": ""Tercera Encuesta 2023_Int&TV.xlsx"", ""numerador"": 2724.6655767804923, ""denominador"": 3298.9415039604382}",82.5921154864214,porcentaje,1
F.15,hombres_restringir_fotos_o_videos,sum(factor de respuestas Sí del segmento) / sum(factor del segmento elegible) * 100,"{""archivo"": ""Tercera Encuesta 2023_Int&TV.xlsx"", ""numerador"": 2449.0266344735583, ""denominador"": 3099.562293348448}",79.01201533290954,porcentaje,1
F.15,general_cuestionar_el_contenido_antes_de_publicarlo,sum(factor de respuestas Sí del segmento) / sum(factor del segmento elegible) * 100,"{""archivo"": ""Tercera Encuesta 2023_Int&TV.xlsx"", ""numerador"": 4759.818822331899, ""denominador"": 6398.503797308887}",74.38956001454287,porcentaje,1
F.15,mujeres_cuestionar_el_contenido_antes_de_publicarlo,sum(factor de respuestas Sí del segmento) / sum(factor del segmento elegible) * 100,"{""archivo"": ""Tercera Encuesta 2023_Int&TV.xlsx"", ""numerador"": 2510.3409315822464, ""denominador"": 3298.9415039604382}",76.09534538786265,porcentaje,1
F.15,hombres_cuestionar_el_contenido_antes_de_publicarlo,sum(factor de respuestas Sí del segmento) / sum(factor del segmento elegible) * 100,"{""archivo"": ""Tercera Encuesta 2023_Int&TV.xlsx"", ""numerador"": 2249.477890749652, ""denominador"": 3099.562293348448}",72.57405007077783,porcentaje,1
F.15,general_limitar_la_actividad_en_redes_sociales,sum(factor de respuestas Sí del segmento) / sum(factor del segmento elegible) * 100,"{""archivo"": ""Tercera Encuesta 2023_Int&TV.xlsx"", ""numerador"": 4600.6696361658105, ""denominador"": 6398.503797308887}",71.90227249846724,porcentaje,1
F.15,mujeres_limitar_la_actividad_en_redes_sociales,sum(factor de respuestas Sí del segmento) / sum(factor del segmento elegible) * 100,"{""archivo"": ""Tercera Encuesta 2023_Int&TV.xlsx"", ""numerador"": 2373.146469456599, ""denominador"": 3298.9415039604382}",71.93660350168665,porcentaje,1
F.15,hombres_limitar_la_actividad_en_redes_sociales,sum(factor de respuestas Sí del segmento) / sum(factor del segmento elegible) * 100,"{""archivo"": ""Tercera Encuesta 2023_Int&TV.xlsx"", ""numerador"": 2227.523166709212, ""denominador"": 3099.562293348448}",71.86573315494897,porcentaje,1
F.15,general_comentar_con_otras_personas_lo_que_sucede,sum(factor de respuestas Sí del segmento) / sum(factor del segmento elegible) * 100,"{""archivo"": ""Tercera Encuesta 2023_Int&TV.xlsx"", ""numerador"": 4558.740481787308, ""denominador"": 6398.503797308887}",71.24697626505504,porcentaje,1
F.15,mujeres_comentar_con_otras_personas_lo_que_sucede,sum(factor de respuestas Sí del segmento) / sum(factor del segmento elegible) * 100,"{""archivo"": ""Tercera Encuesta 2023_Int&TV.xlsx"", ""numerador"": 2357.7853316242345, ""denominador"": 3298.9415039604382}",71.47096511998382,porcentaje,1
F.15,hombres_comentar_con_otras_personas_lo_que_sucede,sum(factor de respuestas Sí del segmento) / sum(factor del segmento elegible) * 100,"{""archivo"": ""Tercera Encuesta 2023_Int&TV.xlsx"", ""numerador"": 2200.9551501630744, ""denominador"": 3099.562293348448}",71.00857933670981,porcentaje,1
F.16,general_denunciar_ante_la_policia_cibernetica,sum(factor de respuestas Sí del segmento) / sum(factor del segmento elegible) * 100,"{""archivo"": ""Tercera Encuesta 2023_Int&TV.xlsx"", ""numerador"": 2091.1871707205737, ""denominador"": 6398.503797308887}",32.68244009795063,porcentaje,1
F.16,mujeres_denunciar_ante_la_policia_cibernetica,sum(factor de respuestas Sí del segmento) / sum(factor del segmento elegible) * 100,"{""archivo"": ""Tercera Encuesta 2023_Int&TV.xlsx"", ""numerador"": 1096.6051276352648, ""denominador"": 3298.9415039604382}",33.24112071459196,porcentaje,1
F.16,hombres_denunciar_ante_la_policia_cibernetica,sum(factor de respuestas Sí del segmento) / sum(factor del segmento elegible) * 100,"{""archivo"": ""Tercera Encuesta 2023_Int&TV.xlsx"", ""numerador"": 994.5820430853091, ""denominador"": 3099.562293348448}",32.08782237478005,porcentaje,1
F.16,general_denunciar_a_otras_autoridades,sum(factor de respuestas Sí del segmento) / sum(factor del segmento elegible) * 100,"{""archivo"": ""Tercera Encuesta 2023_Int&TV.xlsx"", ""numerador"": 1938.185992334632, ""denominador"": 6398.503797308887}",30.29123766637137,porcentaje,1
F.16,mujeres_denunciar_a_otras_autoridades,sum(factor de respuestas Sí del segmento) / sum(factor del segmento elegible) * 100,"{""archivo"": ""Tercera Encuesta 2023_Int&TV.xlsx"", ""numerador"": 942.4334401225652, ""denominador"": 3298.9415039604382}",28.567752383337414,porcentaje,1
F.16,hombres_denunciar_a_otras_autoridades,sum(factor de respuestas Sí del segmento) / sum(factor del segmento elegible) * 100,"{""archivo"": ""Tercera Encuesta 2023_Int&TV.xlsx"", ""numerador"": 995.7525522120666, ""denominador"": 3099.562293348448}",32.12558606577828,porcentaje,1
F.16,general_bloquear_a_la_persona,sum(factor de respuestas Sí del segmento) / sum(factor del segmento elegible) * 100,"{""archivo"": ""Tercera Encuesta 2023_Int&TV.xlsx"", ""numerador"": 1931.683738495084, ""denominador"": 6398.503797308887}",30.189616192890607,porcentaje,1
F.16,mujeres_bloquear_a_la_persona,sum(factor de respuestas Sí del segmento) / sum(factor del segmento elegible) * 100,"{""archivo"": ""Tercera Encuesta 2023_Int&TV.xlsx"", ""numerador"": 971.4199821752761, ""denominador"": 3298.9415039604382}",29.44641428194677,porcentaje,1
F.16,hombres_bloquear_a_la_persona,sum(factor de respuestas Sí del segmento) / sum(factor del segmento elegible) * 100,"{""archivo"": ""Tercera Encuesta 2023_Int&TV.xlsx"", ""numerador"": 960.263756319808, ""denominador"": 3099.562293348448}",30.980624534648015,porcentaje,1
F.16,general_denunciar_en_la_plataforma_o_red_social,sum(factor de respuestas Sí del segmento) / sum(factor del segmento elegible) * 100,"{""archivo"": ""Tercera Encuesta 2023_Int&TV.xlsx"", ""numerador"": 1076.424517489597, ""denominador"": 6398.503797308887}",16.823066010249534,porcentaje,1
F.16,mujeres_denunciar_en_la_plataforma_o_red_social,sum(factor de respuestas Sí del segmento) / sum(factor del segmento elegible) * 100,"{""archivo"": ""Tercera Encuesta 2023_Int&TV.xlsx"", ""numerador"": 562.2649915570802, ""denominador"": 3298.9415039604382}",17.04379998499734,porcentaje,1
F.16,hombres_denunciar_en_la_plataforma_o_red_social,sum(factor de respuestas Sí del segmento) / sum(factor del segmento elegible) * 100,"{""archivo"": ""Tercera Encuesta 2023_Int&TV.xlsx"", ""numerador"": 514.1595259325168, ""denominador"": 3099.562293348448}",16.58813333211225,porcentaje,1
F.16,general_cerrar_la_cuenta,sum(factor de respuestas Sí del segmento) / sum(factor del segmento elegible) * 100,"{""archivo"": ""Tercera Encuesta 2023_Int&TV.xlsx"", ""numerador"": 971.4814586441163, ""denominador"": 6398.503797308887}",15.182947286093764,porcentaje,1
F.16,mujeres_cerrar_la_cuenta,sum(factor de respuestas Sí del segmento) / sum(factor del segmento elegible) * 100,"{""archivo"": ""Tercera Encuesta 2023_Int&TV.xlsx"", ""numerador"": 508.70562154966615, ""denominador"": 3298.9415039604382}",15.420268014420865,porcentaje,1
F.16,hombres_cerrar_la_cuenta,sum(factor de respuestas Sí del segmento) / sum(factor del segmento elegible) * 100,"{""archivo"": ""Tercera Encuesta 2023_Int&TV.xlsx"", ""numerador"": 462.7758370944501, ""denominador"": 3099.562293348448}",14.930360912169787,porcentaje,1
F.16,general_ignorar_o_no_hacer_algo,sum(factor de respuestas Sí del segmento) / sum(factor del segmento elegible) * 100,"{""archivo"": ""Tercera Encuesta 2023_Int&TV.xlsx"", ""numerador"": 796.3683252899449, ""denominador"": 6398.503797308887}",12.446164767845964,porcentaje,1
F.16,mujeres_ignorar_o_no_hacer_algo,sum(factor de respuestas Sí del segmento) / sum(factor del segmento elegible) * 100,"{""archivo"": ""Tercera Encuesta 2023_Int&TV.xlsx"", ""numerador"": 348.7196255080014, ""denominador"": 3298.9415039604382}",10.57065198304842,porcentaje,1
F.16,hombres_ignorar_o_no_hacer_algo,sum(factor de respuestas Sí del segmento) / sum(factor del segmento elegible) * 100,"{""archivo"": ""Tercera Encuesta 2023_Int&TV.xlsx"", ""numerador"": 447.64869978194355, ""denominador"": 3099.562293348448}",14.442319831499498,porcentaje,1
F.16,general_cambiar_numero_de_telefono,sum(factor de respuestas Sí del segmento) / sum(factor del segmento elegible) * 100,"{""archivo"": ""Tercera Encuesta 2023_Int&TV.xlsx"", ""numerador"": 751.5797824575506, ""denominador"": 6398.503797308887}",11.746180142514778,porcentaje,1
F.16,mujeres_cambiar_numero_de_telefono,sum(factor de respuestas Sí del segmento) / sum(factor del segmento elegible) * 100,"{""archivo"": ""Tercera Encuesta 2023_Int&TV.xlsx"", ""numerador"": 422.3183714581269, ""denominador"": 3298.9415039604382}",12.801632613101086,porcentaje,1
F.16,hombres_cambiar_numero_de_telefono,sum(factor de respuestas Sí del segmento) / sum(factor del segmento elegible) * 100,"{""archivo"": ""Tercera Encuesta 2023_Int&TV.xlsx"", ""numerador"": 329.2614109994236, ""denominador"": 3099.562293348448}",10.622835737355791,porcentaje,1
F.16,"general_acudir_con_familiares,_amistades_o_pareja",sum(factor de respuestas Sí del segmento) / sum(factor del segmento elegible) * 100,"{""archivo"": ""Tercera Encuesta 2023_Int&TV.xlsx"", ""numerador"": 435.6245025493887, ""denominador"": 6398.503797308887}",6.808224490428618,porcentaje,1
F.16,"mujeres_acudir_con_familiares,_amistades_o_pareja",sum(factor de respuestas Sí del segmento) / sum(factor del segmento elegible) * 100,"{""archivo"": ""Tercera Encuesta 2023_Int&TV.xlsx"", ""numerador"": 216.9291668475252, ""denominador"": 3298.9415039604382}",6.575720320808898,porcentaje,1
F.16,"hombres_acudir_con_familiares,_amistades_o_pareja",sum(factor de respuestas Sí del segmento) / sum(factor del segmento elegible) * 100,"{""archivo"": ""Tercera Encuesta 2023_Int&TV.xlsx"", ""numerador"": 218.69533570186343, ""denominador"": 3099.562293348448}",7.0556844807144525,porcentaje,1
F.16,general_no_sabe_/_no_contesto,sum(factor de respuestas Sí del segmento) / sum(factor del segmento elegible) * 100,"{""archivo"": ""Tercera Encuesta 2023_Int&TV.xlsx"", ""numerador"": 404.81380964884045, ""denominador"": 6398.503797308887}",6.32669484105173,porcentaje,1
F.16,mujeres_no_sabe_/_no_contesto,sum(factor de respuestas Sí del segmento) / sum(factor del segmento elegible) * 100,"{""archivo"": ""Tercera Encuesta 2023_Int&TV.xlsx"", ""numerador"": 225.92220037759893, ""denominador"": 3298.9415039604382}",6.848323927731828,porcentaje,1
F.16,hombres_no_sabe_/_no_contesto,sum(factor de respuestas Sí del segmento) / sum(factor del segmento elegible) * 100,"{""archivo"": ""Tercera Encuesta 2023_Int&TV.xlsx"", ""numerador"": 178.89160927124152, ""denominador"": 3099.562293348448}",5.771511985906418,porcentaje,1
