figure_id,role,path,sha256,bytes,modified_at
A.1,dato_crudo,data/raw/inegi_pibt_2026_q2/objects/65a7899d4106e94ddb0612919ea45f7ce356910693a6c74526994e3eb11a5dee/PIBT_2.xlsx,65a7899d4106e94ddb0612919ea45f7ce356910693a6c74526994e3eb11a5dee,1904922,2026-09-09T19:37:36+00:00
A.1,datos_usados,reportes/20260915T192133067416Z_corrida/datos_usados/a_1_datos_usados.csv,aa9e803b540ec50e7c13d6cf77e9d280efd77a6d5cd9b33ac39db2ceb3ce5856,5223,2026-09-15T19:21:38+00:00
A.1,texto_generado,build/text/a_1.md,288b366a5b151e472ecd215c8386424ffd94d6dd1be8395b7cdd970fbaab2ff4,256,2026-09-15T19:21:38+00:00
A.1,texto_copia_corrida,reportes/20260915T192133067416Z_corrida/textos/a_1_parrafo.md,288b366a5b151e472ecd215c8386424ffd94d6dd1be8395b7cdd970fbaab2ff4,256,2026-09-15T19:21:38+00:00
A.1,grafica,build/figures/A/figura_a_1.png,04ae7c8c1fa6e45fbe5480f034532527ceb0c70b7e07bc32f15ebf6248f75ef0,290046,2026-09-15T19:21:39+00:00
A.1,metadatos,build/metadata/a_1.json,e8c5b07499189cdffed1cec0659b476891d2ef632dbb4e41fc2f99ef3463620f,1090,2026-09-15T19:21:39+00:00
A.2,dato_crudo,data/raw/inegi_enoe_a2/2013trim2_csv.zip,09eabb5860d15b41a557665eef4595c8d715a2f21810358ff7fb6d2cd96ed20d,22309101,2026-08-31T22:23:33+00:00
A.2,dato_crudo,data/raw/inegi_enoe_a2/2013trim4_csv.zip,03ab1d021dbde5feea36ab0948ba3f35a64df095dc44563f1ae6da74a1c4a0e3,23582172,2026-08-31T22:23:33+00:00
A.2,dato_crudo,data/raw/inegi_enoe_a2/2014trim2_csv.zip,926c1715c868d409de594130d81bf9fbee8f1e93959c6b3959e99bf27d79e11f,22768706,2026-08-31T22:23:33+00:00
A.2,dato_crudo,data/raw/inegi_enoe_a2/2014trim4_csv.zip,8bb2e85bee8f8e3d52aa7b9ad3903cff6e28c8503d4c97656c3c0ec87d85f8ed,22725037,2026-08-31T22:23:34+00:00
A.2,dato_crudo,data/raw/inegi_enoe_a2/2015trim2_csv.zip,d2a70a2a452e617859da22db7fd2c78d8a0f841ec150b8f94cd08e221edf27ca,22782627,2026-08-31T22:23:34+00:00
A.2,dato_crudo,data/raw/inegi_enoe_a2/2015trim4_csv.zip,8bbf3dd5a2887c7b1e52e5afbf6fbc3c69b9090b84e5bc2b4b4fe754e2acd008,22782131,2026-08-31T22:23:35+00:00
A.2,dato_crudo,data/raw/inegi_enoe_a2/2016trim2_csv.zip,4aa9a8e2083378fa60aa965a2236bc81ca1a011c1a80cfb5907c462dc3f5a56f,26779138,2026-08-31T22:23:35+00:00
A.2,dato_crudo,data/raw/inegi_enoe_a2/2016trim4_csv.zip,f5846e8416dbbdb0a907b3f2321e9607083a269878657225fd3c82c708465500,26466686,2026-08-31T22:23:35+00:00
A.2,dato_crudo,data/raw/inegi_enoe_a2/2017trim2_csv.zip,bd58ed29a986e3f8b3642e6e6aa8ea7dbf7277116888cd60f799b562fd545066,27024159,2026-08-31T22:23:36+00:00
A.2,dato_crudo,data/raw/inegi_enoe_a2/2017trim4_csv.zip,af96a2420779c1cdf82b49bb7ddd5b489771bb791938db9b799da6f8b43d3be4,26664215,2026-08-31T22:23:36+00:00
A.2,dato_crudo,data/raw/inegi_enoe_a2/2018trim2_csv.zip,2ca4002f7209b029a470caa3174353a2766ca9fc1f4e1ea3c87a063d1218c00f,26835694,2026-08-31T22:23:37+00:00
A.2,dato_crudo,data/raw/inegi_enoe_a2/2018trim4_csv.zip,9259fcb81747ebfad7fbbd75b9dc9a65825142bc10366c447f645489b3383774,26724182,2026-08-31T22:23:37+00:00
A.2,dato_crudo,data/raw/inegi_enoe_a2/2019trim2_csv.zip,721bf45739241179cca3685c42e65a0270cbe02019602571ee79cc1a157a8d36,28592043,2026-08-31T22:23:38+00:00
A.2,dato_crudo,data/raw/inegi_enoe_a2/2019trim4_csv.zip,d91658be67f515a26f501fc130731e866b7c77c992ed91471217074f4f18ad58,28058037,2026-08-31T22:23:38+00:00
A.2,dato_crudo,data/raw/inegi_enoe_a2/2020trim1_csv.zip,8f24f571dee610e9ab147c7f2a01ac2770fef016cd13d8428160550b833b176b,27350239,2026-08-31T22:23:39+00:00
A.2,dato_crudo,data/raw/inegi_enoe_a2/enoe_n_2020_trim4_csv.zip,5d6ce8a6dcc2cace4a1e6e5cbaf9d9c61ad7bbbfa3217ecc9cd2184e2093f6f3,23007909,2026-08-31T22:23:42+00:00
A.2,dato_crudo,data/raw/inegi_enoe_a2/enoe_n_2021_trim2_csv.zip,a9bfb1f1291217714fd27a0dc5d30ee39064ad99f637867808d445294a25b96b,23887444,2026-08-31T22:23:42+00:00
A.2,dato_crudo,data/raw/inegi_enoe_a2/enoe_n_2021_trim4_csv.zip,1baabe0098ce5b1bdeeb4bba8eebe2d4b51eedae3745bc48dad1cd199b736a9b,27117836,2026-08-31T22:23:42+00:00
A.2,dato_crudo,data/raw/inegi_enoe_a2/enoe_n_2022_trim2_csv.zip,19e194fbdcc70549db19b718c6581ec2fadce883e9683369424bf758f76b705a,30537564,2026-08-31T22:23:43+00:00
A.2,dato_crudo,data/raw/inegi_enoe_a2/enoe_n_2022_trim4_csv.zip,1c22244fcd4a9f11625fa3cdb68d8c10f5143ba84c076b4e99a61ba822687e5d,29670618,2026-08-31T22:23:43+00:00
A.2,dato_crudo,data/raw/inegi_enoe_a2/enoe_2023_trim2_csv.zip,e2035d3a3e3d0789ee10fac875c792c5833fc90f7e1ccb9345e0690dd8c40eb5,39500761,2026-08-31T22:23:39+00:00
A.2,dato_crudo,data/raw/inegi_enoe_a2/enoe_2023_trim4_csv.zip,24f15e1ab8ad942b479b32f491b9e2d8b640ac3c8e79dbea02e74baa78ae9d2e,40681812,2026-08-31T22:23:40+00:00
A.2,dato_crudo,data/raw/inegi_enoe_a2/enoe_2024_trim2_csv.zip,13922f8902f587939145e0302ec8e6e5fa9fb0df4207229f7447deaaab96e285,31773308,2026-08-31T22:23:40+00:00
A.2,dato_crudo,data/raw/inegi_enoe_a2/enoe_2024_trim4_csv.zip,817f28d20a43fa4fed08195e62df58bf320b31c323a3049fe09b5194a1677305,43410469,2026-08-31T22:23:41+00:00
A.2,dato_crudo,data/raw/inegi_enoe_a2/enoe_2025_trim2_csv.zip,291db61afcc472a0933d2bebf46720cfd024df8912dc899d541d8109bd406722,38752236,2026-09-09T20:24:43+00:00
A.2,dato_crudo,data/raw/inegi_enoe_a2/enoe_2025_trim4_csv.zip,e675b41bde4fb3c183a0abd067738109c6aaf30ed314bc9fc548669fb8a1565d,43383478,2026-09-09T20:25:37+00:00
A.2,dato_crudo,data/raw/inegi_enoe_a2/enoe_2026_trim2_csv.zip,020811fa989a3e4e3e0daae39b32df6bb055f3ca59653b76ecc454f9b231d91e,35213597,2026-09-09T20:26:26+00:00
A.2,datos_usados,reportes/20260915T192133067416Z_corrida/datos_usados/a_2_datos_usados.csv,5f6e4eb3371483d13914734f5746b5a584d0c477cfaaee99196163752d6b1fc2,2457,2026-09-15T19:24:38+00:00
A.2,texto_generado,build/text/a_2.md,746d06fcdb92a400d1b7c527d06e5ac2914d079a10ef9bff0b7f152c24424b91,323,2026-09-15T19:24:38+00:00
A.2,texto_copia_corrida,reportes/20260915T192133067416Z_corrida/textos/a_2_parrafo.md,746d06fcdb92a400d1b7c527d06e5ac2914d079a10ef9bff0b7f152c24424b91,323,2026-09-15T19:24:38+00:00
A.2,grafica,build/figures/A/figura_a_2.png,8c3c62c4f4584769185b3c8fb017c43e83f6ec7dadeaf80c2e7d26cd0b99fed9,248277,2026-09-15T19:24:38+00:00
A.2,metadatos,build/metadata/a_2.json,dec509d659696c77ffe151bfe8d85be334f5302a03fca8420acc7bf493d0d810,797,2026-09-15T19:24:38+00:00
A.3,dato_crudo,data/raw/inegi_inpc_dynamic/objects/f883f3859247e8509bae82527a1ac108bbff457a48e3f31ac56a3d43b3e9131c/inpc_ipcom_hasta_2024.csv,f883f3859247e8509bae82527a1ac108bbff457a48e3f31ac56a3d43b3e9131c,49405,2026-09-09T21:53:26+00:00
A.3,dato_crudo,data/raw/inegi_inpc_current_2026_07_reference/objects/5d75d854deb25a0e901d/conjunto_de_datos_inpc_indicador_mensual_csv.zip,5d75d854deb25a0e901def5adb4430eadb44cc253ff86bf39734efc9185144c1,34591,2026-09-09T21:53:59+00:00
A.3,datos_usados,reportes/20260915T192133067416Z_corrida/datos_usados/a_3_datos_usados.csv,281d85a83a3f8218b2ee6281592c1089f43cc2743d7d39cecb19e9514bb516d5,993,2026-09-15T19:24:39+00:00
A.3,texto_generado,build/text/a_3.md,75d97c5e37fb1635b0b295c3f2db1e24e26910f97fdf3ed650aa776829e4d76a,359,2026-09-15T19:24:39+00:00
A.3,texto_copia_corrida,reportes/20260915T192133067416Z_corrida/textos/a_3_parrafo.md,75d97c5e37fb1635b0b295c3f2db1e24e26910f97fdf3ed650aa776829e4d76a,359,2026-09-15T19:24:39+00:00
A.3,grafica,build/figures/A/figura_a_3.png,19ded913ea7ed3266ba7d018c5ab846c7e912863de6bf55f08162ef993cf8a9d,229522,2026-09-15T19:24:39+00:00
A.3,metadatos,build/metadata/a_3.json,a7c01ab2193ec2dfc9b8d2144b81186ca8a024db1998f0fd5ae28d5ae67666c4,787,2026-09-15T19:24:39+00:00
A.4,dato_crudo,data/raw/crt_bit_todo_2025_q2/objects/f75ce7de02249b11d35b/CRT_BIT_TODO.zip,f75ce7de02249b11d35bed3399f7f06558f9e7a18cc9b320180acbe96027d284,1188168847,2026-09-09T22:17:06+00:00
A.4,datos_usados,reportes/20260915T192133067416Z_corrida/datos_usados/a_4_datos_usados.csv,a1195e2c828976231f9d5fab16f891b2a08e1af8e66b75270c63b6fcc2c362fd,2318,2026-09-15T19:24:40+00:00
A.4,texto_generado,build/text/a_4.md,1c3e79138d398a348061cbdf72bfa651ef5d5db65d4b3eb54d13f2795b662b28,250,2026-09-15T19:24:40+00:00
A.4,texto_copia_corrida,reportes/20260915T192133067416Z_corrida/textos/a_4_parrafo.md,1c3e79138d398a348061cbdf72bfa651ef5d5db65d4b3eb54d13f2795b662b28,250,2026-09-15T19:24:40+00:00
A.4,grafica,build/figures/A/figura_a_4.png,a6991a00f761c302f35813d4d79e8dd59d22400dfa0637afead3d7693b9b7f88,206816,2026-09-15T19:24:41+00:00
A.4,metadatos,build/metadata/a_4.json,f254aa26e5c9160413f2883b363996d82b34fa19c1a1f9a73f5d892f6c971f66,873,2026-09-15T19:24:41+00:00
A.5,dato_crudo_manual,data/manual/A.5/2026_2T_Flujos_TI_AC_3.xlsx,b455e2d8b4b2a6e7631f46a9f736266c73fc5af2440a075103a1d0348595706a,547284,2026-09-08T19:22:33+00:00
A.5,dato_crudo_manual,data/manual/A.5/Datos_originales_y_actualizacion__1_.xlsx,f6e7c157e5a417e40756cce4ff605b04c67e6673ad3390cc07d66e1e782d6586,175785,2026-09-08T19:22:30+00:00
A.5,datos_usados,reportes/20260915T192133067416Z_corrida/datos_usados/a_5_datos_usados.csv,f1823caf7c8c555a4643251e6673ab56b489077fd75bab76974e5f64d46d70c9,1212,2026-09-15T19:24:56+00:00
A.5,texto_generado,build/text/a_5.md,69a313ca73d7b5b8e0ee282a023c9d8aae59be55a66724ce241da1dcaeaefef6,349,2026-09-15T19:24:56+00:00
A.5,texto_copia_corrida,reportes/20260915T192133067416Z_corrida/textos/a_5_parrafo.md,69a313ca73d7b5b8e0ee282a023c9d8aae59be55a66724ce241da1dcaeaefef6,349,2026-09-15T19:24:56+00:00
A.5,grafica,build/figures/A/figura_a_5.png,152fabb24b69c8bd6494e373dd996ea820fc8ecfa0d0bb30a3fa5cf4b03f1df6,209893,2026-09-15T19:24:56+00:00
A.5,metadatos,build/metadata/a_5.json,42232c5a5d7147d9a471cd26faf1ff3b9da809ed8b8975ca4ee6d30ead56cc68,874,2026-09-15T19:24:56+00:00
A.6,dato_crudo,data/raw/crt_bit_todo_2025_q2/objects/f75ce7de02249b11d35b/CRT_BIT_TODO.zip,f75ce7de02249b11d35bed3399f7f06558f9e7a18cc9b320180acbe96027d284,1188168847,2026-09-09T22:17:06+00:00
A.6,datos_usados,reportes/20260915T192133067416Z_corrida/datos_usados/a_6_datos_usados.csv,c33ac633f13f9027e16635d412d2cecdff69340b7d75a780bd4bf89e262c9ce8,2228,2026-09-15T19:24:58+00:00
A.6,texto_generado,build/text/a_6.md,7c48b5901d7af4e90d56f5244ee98937332d17605725d1e34e171aaa53341064,332,2026-09-15T19:24:58+00:00
A.6,texto_copia_corrida,reportes/20260915T192133067416Z_corrida/textos/a_6_parrafo.md,7c48b5901d7af4e90d56f5244ee98937332d17605725d1e34e171aaa53341064,332,2026-09-15T19:24:58+00:00
A.6,grafica,build/figures/A/figura_a_6.png,41cf624720459ca1cf21bd7bab7f95d63f09f7327e509be225c662b4d66ca329,241449,2026-09-15T19:24:58+00:00
A.6,metadatos,build/metadata/a_6.json,d818ee61ea7cdf9851d9098d40d2115c1083bc0286b6dcd51f815d0014a83567,1018,2026-09-15T19:24:58+00:00
A.7,dato_crudo,data/raw/inegi_enigh_2024/objects/7cbf18fee02c58849356e5495fb851ae4d0330743e34d26e35973f9ad5a1155d/enigh_2024_ns_csv.zip,7cbf18fee02c58849356e5495fb851ae4d0330743e34d26e35973f9ad5a1155d,103139139,2026-09-10T05:33:41+00:00
A.7,datos_usados,reportes/20260915T192133067416Z_corrida/datos_usados/a_7_datos_usados.csv,491c69a0a832f308e8731998339aa0705dedf35230647d6fb8667a4fc844a546,355,2026-09-15T19:25:14+00:00
A.7,texto_generado,build/text/a_7.md,30ed709cdefbca469967e8af352cdf193abb87906ff95b4ecd48210266a279e2,166,2026-09-15T19:25:14+00:00
A.7,texto_copia_corrida,reportes/20260915T192133067416Z_corrida/textos/a_7_parrafo.md,30ed709cdefbca469967e8af352cdf193abb87906ff95b4ecd48210266a279e2,166,2026-09-15T19:25:14+00:00
A.7,grafica,build/figures/A/figura_a_7.png,634ac031d2a59029b3477ffd0e3be914b47f13c0544b33053bd3fc72ba1afa97,147163,2026-09-15T19:25:14+00:00
A.7,metadatos,build/metadata/a_7.json,f70a8c964967db66d91cde86bc53afdeb72f10d6d4d178143a96ba199455360f,693,2026-09-15T19:25:14+00:00
A.8,dato_crudo,data/raw/inegi_enigh_2024/objects/7cbf18fee02c58849356e5495fb851ae4d0330743e34d26e35973f9ad5a1155d/enigh_2024_ns_csv.zip,7cbf18fee02c58849356e5495fb851ae4d0330743e34d26e35973f9ad5a1155d,103139139,2026-09-10T05:33:41+00:00
A.8,datos_usados,reportes/20260915T192133067416Z_corrida/datos_usados/a_8_datos_usados.csv,1ababb8e3e5094b5ad09020ca8f33adc92e24b6a43d2f062b3ce213ba499973f,441,2026-09-15T19:25:29+00:00
A.8,texto_generado,build/text/a_8.md,c9e9bf755859dc326b488265c89a2674f92fc1166003a76159c9c2451ede5675,234,2026-09-15T19:25:29+00:00
A.8,texto_copia_corrida,reportes/20260915T192133067416Z_corrida/textos/a_8_parrafo.md,c9e9bf755859dc326b488265c89a2674f92fc1166003a76159c9c2451ede5675,234,2026-09-15T19:25:29+00:00
A.8,grafica,build/figures/A/figura_a_8.png,a878cdb2cdcfc36dca9cf94d837785f24e4003fbb5175e1a3466f9d833453921,180394,2026-09-15T19:25:29+00:00
A.8,metadatos,build/metadata/a_8.json,29786ef65b54c6838e5abcbe62b88a12d263cf55cefa11548b7541590f35b1d9,722,2026-09-15T19:25:29+00:00
A.9,dato_crudo,data/raw/inegi_enigh_2024/objects/7cbf18fee02c58849356e5495fb851ae4d0330743e34d26e35973f9ad5a1155d/enigh_2024_ns_csv.zip,7cbf18fee02c58849356e5495fb851ae4d0330743e34d26e35973f9ad5a1155d,103139139,2026-09-10T05:33:41+00:00
A.9,datos_usados,reportes/20260915T192133067416Z_corrida/datos_usados/a_9_datos_usados.csv,01443fb4b97f6f9e8f7af752bfa87d4c9fa9bf46f32459e488ea73e74b2dcf2a,357,2026-09-15T19:25:44+00:00
A.9,texto_generado,build/text/a_9.md,0fffcfb5ab4429b7e45b714a28e1d10f027c614a71f5bb7fdc43fad48154fbd2,138,2026-09-15T19:25:44+00:00
A.9,texto_copia_corrida,reportes/20260915T192133067416Z_corrida/textos/a_9_parrafo.md,0fffcfb5ab4429b7e45b714a28e1d10f027c614a71f5bb7fdc43fad48154fbd2,138,2026-09-15T19:25:44+00:00
A.9,grafica,build/figures/A/figura_a_9.png,ef1b31ad837bdd986f10faa7b9171c10e216571071031aa73e905764bc1d07cb,146370,2026-09-15T19:25:45+00:00
A.9,metadatos,build/metadata/a_9.json,3d9cb35d40ab4ead774541b449acf5ceae169e5a996997cabcac0ccff9b8c14b,696,2026-09-15T19:25:45+00:00
A.10,dato_crudo,data/raw/inegi_enigh_2024/objects/7cbf18fee02c58849356e5495fb851ae4d0330743e34d26e35973f9ad5a1155d/enigh_2024_ns_csv.zip,7cbf18fee02c58849356e5495fb851ae4d0330743e34d26e35973f9ad5a1155d,103139139,2026-09-10T05:33:41+00:00
A.10,datos_usados,reportes/20260915T192133067416Z_corrida/datos_usados/a_10_datos_usados.csv,90d6ea6126f3273345a075ac5408bd6909cebf07337cf681f43e584beb6ef8e9,440,2026-09-15T19:26:00+00:00
A.10,texto_generado,build/text/a_10.md,7026aa2c99b0fe19a59caad3c234c8c04e54a6a83db838ec3bc31467ba92b09f,237,2026-09-15T19:26:00+00:00
A.10,texto_copia_corrida,reportes/20260915T192133067416Z_corrida/textos/a_10_parrafo.md,7026aa2c99b0fe19a59caad3c234c8c04e54a6a83db838ec3bc31467ba92b09f,237,2026-09-15T19:26:00+00:00
A.10,grafica,build/figures/A/figura_a_10.png,734a5c583b2d19802d07bd361530ee91844c1be733e78335418dbbdde39e5ba4,193903,2026-09-15T19:26:00+00:00
A.10,metadatos,build/metadata/a_10.json,d7f7d7fbf187e079ab99295e598cfe8ff04121440da8a87004d9d7b2f7ee50fb,729,2026-09-15T19:26:00+00:00
B.1,dato_crudo,data/raw/inegi_endutih_2025/objects/65d219261b3890ee12ea/conjunto_de_datos_endutih_2025_csv.zip,65d219261b3890ee12eaf95cdd1185f6b7d52eefd7e698ffd335b604364fd508,8197337,2026-09-15T19:26:08+00:00
B.1,datos_usados,reportes/20260915T192133067416Z_corrida/datos_usados/b_1_datos_usados.csv,39eec44bcf50d134c4c1ea52562864984011fb0ffca31ae260f6fee84a00f9f5,761,2026-09-15T19:26:08+00:00
B.1,texto_generado,build/text/b_1.md,a0e6dfdedc3c7c651221b210c8d0c49e97c6f36ebfca669f3903ff3bac1a07d4,148,2026-09-15T19:26:08+00:00
B.1,texto_copia_corrida,reportes/20260915T192133067416Z_corrida/textos/b_1_parrafo.md,a0e6dfdedc3c7c651221b210c8d0c49e97c6f36ebfca669f3903ff3bac1a07d4,148,2026-09-15T19:26:08+00:00
B.1,grafica,build/figures/B/figura_b_1.png,e0a9bce203b7433c86be67cef68ab129a1a49dfbd678e3d17b602e680f9b2afb,231256,2026-09-15T19:26:09+00:00
B.1,metadatos,build/metadata/b_1.json,b376e1d2a599eb88b529b538c629631289fa5bc677d23b74d3dd8eb13875e29b,696,2026-09-15T19:26:09+00:00
B.2,dato_crudo,data/raw/inegi_endutih_2025/objects/65d219261b3890ee12ea/conjunto_de_datos_endutih_2025_csv.zip,65d219261b3890ee12eaf95cdd1185f6b7d52eefd7e698ffd335b604364fd508,8197337,2026-09-15T19:26:08+00:00
B.2,datos_usados,reportes/20260915T192133067416Z_corrida/datos_usados/b_2_datos_usados.csv,40ac2e0dbcd328c148f281707acca58965c864d4e2d3d84bcdd13649a65bd635,676,2026-09-15T19:26:09+00:00
B.2,texto_generado,build/text/b_2.md,d6b9d3c998510f2732d0d21abac8b1f71118296ab728cc9a774434b16272c252,149,2026-09-15T19:26:09+00:00
B.2,texto_copia_corrida,reportes/20260915T192133067416Z_corrida/textos/b_2_parrafo.md,d6b9d3c998510f2732d0d21abac8b1f71118296ab728cc9a774434b16272c252,149,2026-09-15T19:26:09+00:00
B.2,grafica,build/figures/B/figura_b_2.png,01ee3ea840deee0cd64d4ed062f4b250eaf163627a198a67f6e2a34c31df4246,219171,2026-09-15T19:26:09+00:00
B.2,metadatos,build/metadata/b_2.json,0bbb31b143bacbfbe6b78c8538ed5496d8125c990e094b3070b74f4073120078,700,2026-09-15T19:26:09+00:00
B.3,dato_crudo,data/raw/inegi_endutih_2025/objects/65d219261b3890ee12ea/conjunto_de_datos_endutih_2025_csv.zip,65d219261b3890ee12eaf95cdd1185f6b7d52eefd7e698ffd335b604364fd508,8197337,2026-09-15T19:26:08+00:00
B.3,datos_usados,reportes/20260915T192133067416Z_corrida/datos_usados/b_3_datos_usados.csv,c2e24ca43cde5f817aa7100ddd20afed13049617b606e98b35b94515b67400ae,683,2026-09-15T19:26:10+00:00
B.3,texto_generado,build/text/b_3.md,6ce1228bd275ccda0b835abb30a97cffd0a9a0dede54df3bc6a7954c40c8e28b,153,2026-09-15T19:26:10+00:00
B.3,texto_copia_corrida,reportes/20260915T192133067416Z_corrida/textos/b_3_parrafo.md,6ce1228bd275ccda0b835abb30a97cffd0a9a0dede54df3bc6a7954c40c8e28b,153,2026-09-15T19:26:10+00:00
B.3,grafica,build/figures/B/figura_b_3.png,f682befa56f5346c9a06cad1f812bfd08af95b77c0cd205a6f8d6731ba7ba1b1,220309,2026-09-15T19:26:10+00:00
B.3,metadatos,build/metadata/b_3.json,ce75f6d063adaa91d5c6e641ac59f4403a81f1bd0c363d012bf66788ee356e01,700,2026-09-15T19:26:10+00:00
B.4,dato_crudo,data/raw/crt_bit_todo_2025_q2/objects/f75ce7de02249b11d35b/CRT_BIT_TODO.zip,f75ce7de02249b11d35bed3399f7f06558f9e7a18cc9b320180acbe96027d284,1188168847,2026-09-09T22:17:06+00:00
B.4,datos_usados,reportes/20260915T192133067416Z_corrida/datos_usados/b_4_datos_usados.csv,a5738bd65b0008cda335608c74fb765799e72f6cc526cf85eacdbe2af56e0ca8,444,2026-09-15T19:26:12+00:00
B.4,texto_generado,build/text/b_4.md,05e824be91e01b2265fd62b99de5b41ded06c38bca656ca68bae7d2c05d8cae1,123,2026-09-15T19:26:12+00:00
B.4,texto_copia_corrida,reportes/20260915T192133067416Z_corrida/textos/b_4_parrafo.md,05e824be91e01b2265fd62b99de5b41ded06c38bca656ca68bae7d2c05d8cae1,123,2026-09-15T19:26:12+00:00
B.4,grafica,build/figures/B/figura_b_4.png,34b8a27ed37b63d043820d0ed596aa2be2654415d26022ae068e9a7878f634a1,116241,2026-09-15T19:26:12+00:00
B.4,metadatos,build/metadata/b_4.json,b659168cedd95a2dda00ffea394bffa1b7839e6c36a23260cbd953617f45382c,684,2026-09-15T19:26:12+00:00
B.5,dato_crudo,data/raw/crt_bit_todo_2025_q2/objects/f75ce7de02249b11d35b/CRT_BIT_TODO.zip,f75ce7de02249b11d35bed3399f7f06558f9e7a18cc9b320180acbe96027d284,1188168847,2026-09-09T22:17:06+00:00
B.5,datos_usados,reportes/20260915T192133067416Z_corrida/datos_usados/b_5_datos_usados.csv,eb712354116bfbd0e1d855c8ddb4a87b93b29f6143f91d50086bba1bd9ae4d22,509,2026-09-15T19:26:13+00:00
B.5,texto_generado,build/text/b_5.md,6b9fa2f46a1cd51048da401b45b968f2c1611cb3e8f510726556549765882bc7,136,2026-09-15T19:26:13+00:00
B.5,texto_copia_corrida,reportes/20260915T192133067416Z_corrida/textos/b_5_parrafo.md,6b9fa2f46a1cd51048da401b45b968f2c1611cb3e8f510726556549765882bc7,136,2026-09-15T19:26:13+00:00
B.5,grafica,build/figures/B/figura_b_5.png,597863d1373252ed51b5e5e57e3c5a4cdd1b56ec5425507df01b81de757d200a,161690,2026-09-15T19:26:14+00:00
B.5,metadatos,build/metadata/b_5.json,e05f5cc1ecd4279fc51c384c4f1e7f84ceb6d0ea1b69fde7cd655b3dbdd4283f,699,2026-09-15T19:26:14+00:00
B.6,dato_crudo,data/raw/crt_bit_todo_2025_q2/objects/f75ce7de02249b11d35b/CRT_BIT_TODO.zip,f75ce7de02249b11d35bed3399f7f06558f9e7a18cc9b320180acbe96027d284,1188168847,2026-09-09T22:17:06+00:00
B.6,dato_crudo,data/raw/mexico_geojson_legacy/objects/7de22266d11293117321/mexicoHigh.json,7de22266d11293117321ea0aba07b610900e06626e1fffc74ffef96b751e33dc,184555,2026-08-31T22:21:20+00:00
B.6,datos_usados,reportes/20260915T192133067416Z_corrida/datos_usados/b_6_datos_usados.csv,9e5eff63d51145bbafee9584c79349dd7cda48190a3ba6ed877290f77c38563f,617,2026-09-15T19:26:15+00:00
B.6,texto_generado,build/text/b_6.md,0614909d6a6ac00c9edce6af35b35c35e4587d901e309413ccd4b3567b2999b5,171,2026-09-15T19:26:15+00:00
B.6,texto_copia_corrida,reportes/20260915T192133067416Z_corrida/textos/b_6_parrafo.md,0614909d6a6ac00c9edce6af35b35c35e4587d901e309413ccd4b3567b2999b5,171,2026-09-15T19:26:15+00:00
B.6,grafica,build/figures/B/figura_b_6.png,1a6c237f27f6a5a56837b2f1113cb13ec2a633f466b73c93dc13aac6032d890d,275861,2026-09-15T19:26:15+00:00
B.6,metadatos,build/metadata/b_6.json,81dbea7511d569743e25e9c64a2fb5be3dfee316d62fcddcd7e18db0ffd0f43a,734,2026-09-15T19:26:15+00:00
B.7,dato_crudo,data/raw/crt_bit_todo_2025_q2/objects/f75ce7de02249b11d35b/CRT_BIT_TODO.zip,f75ce7de02249b11d35bed3399f7f06558f9e7a18cc9b320180acbe96027d284,1188168847,2026-09-09T22:17:06+00:00
B.7,dato_crudo,data/raw/mexico_geojson_legacy/objects/7de22266d11293117321/mexicoHigh.json,7de22266d11293117321ea0aba07b610900e06626e1fffc74ffef96b751e33dc,184555,2026-08-31T22:21:20+00:00
B.7,datos_usados,reportes/20260915T192133067416Z_corrida/datos_usados/b_7_datos_usados.csv,9f53f8a45a92b9941ba784ec998c643887fe696a283d7d68ef9ac9a517ba98b9,630,2026-09-15T19:26:17+00:00
B.7,texto_generado,build/text/b_7.md,2658905d443d622147bf1011bc1a80aae901492102443f52c1ab973d6809a80e,188,2026-09-15T19:26:17+00:00
B.7,texto_copia_corrida,reportes/20260915T192133067416Z_corrida/textos/b_7_parrafo.md,2658905d443d622147bf1011bc1a80aae901492102443f52c1ab973d6809a80e,188,2026-09-15T19:26:17+00:00
B.7,grafica,build/figures/B/figura_b_7.png,dfd25cbc941aa776677b4a3d612f229306e4aa9f56edd256ce573d85f2101ece,276101,2026-09-15T19:26:17+00:00
B.7,metadatos,build/metadata/b_7.json,ba16d8af5da9d634951979c15764fc4562e28e89c8c4c36265313100706a093e,751,2026-09-15T19:26:17+00:00
B.8,dato_crudo,data/raw/crt_bit_todo_2025_q2/objects/f75ce7de02249b11d35b/CRT_BIT_TODO.zip,f75ce7de02249b11d35bed3399f7f06558f9e7a18cc9b320180acbe96027d284,1188168847,2026-09-09T22:17:06+00:00
B.8,datos_usados,reportes/20260915T192133067416Z_corrida/datos_usados/b_8_datos_usados.csv,41999c1a102d2448c81cc3af181b0548f26e3599dcdb07077bb01bac495e217a,843,2026-09-15T19:26:18+00:00
B.8,texto_generado,build/text/b_8.md,ca89367d31a5d8e61240d16645940ceb2091cbb74ea2490d011bbae4e6954092,128,2026-09-15T19:26:18+00:00
B.8,texto_copia_corrida,reportes/20260915T192133067416Z_corrida/textos/b_8_parrafo.md,ca89367d31a5d8e61240d16645940ceb2091cbb74ea2490d011bbae4e6954092,128,2026-09-15T19:26:18+00:00
B.8,grafica,build/figures/B/figura_b_8.png,e87d69aa1d2f5d65756e31de80b8ad8326c747999c2f9e2bf41efe2e76682039,153505,2026-09-15T19:26:19+00:00
B.8,metadatos,build/metadata/b_8.json,26c07530f3a6a3e596fdc6e3d2683529d9dacdc5666efb751dc5bc19a55e480b,694,2026-09-15T19:26:19+00:00
B.9,dato_crudo,data/raw/crt_bit_todo_2025_q2/objects/f75ce7de02249b11d35b/CRT_BIT_TODO.zip,f75ce7de02249b11d35bed3399f7f06558f9e7a18cc9b320180acbe96027d284,1188168847,2026-09-09T22:17:06+00:00
B.9,datos_usados,reportes/20260915T192133067416Z_corrida/datos_usados/b_9_datos_usados.csv,5c9947ab861f350c7d9c197c33b5f5983dbb60b523591536f5c7183d21d3cfa7,668,2026-09-15T19:26:20+00:00
B.9,texto_generado,build/text/b_9.md,c9603988d2b7b8bf8483d0c7cd32a4f224f38b880ad33c3f33cecbb49527dde0,148,2026-09-15T19:26:20+00:00
B.9,texto_copia_corrida,reportes/20260915T192133067416Z_corrida/textos/b_9_parrafo.md,c9603988d2b7b8bf8483d0c7cd32a4f224f38b880ad33c3f33cecbb49527dde0,148,2026-09-15T19:26:20+00:00
B.9,grafica,build/figures/B/figura_b_9.png,c02c8a305520c210255df20b28a506a1d71d04cdd936e292799004e5aad05e8b,265077,2026-09-15T19:26:21+00:00
B.9,metadatos,build/metadata/b_9.json,e786b62ea121b9545a126dd03cf1fdbcf9ef09e32bc276944a471dc1acc3fa21,696,2026-09-15T19:26:21+00:00
B.10,dato_crudo,data/raw/crt_bit_todo_2025_q2/objects/f75ce7de02249b11d35b/CRT_BIT_TODO.zip,f75ce7de02249b11d35bed3399f7f06558f9e7a18cc9b320180acbe96027d284,1188168847,2026-09-09T22:17:06+00:00
B.10,datos_usados,reportes/20260915T192133067416Z_corrida/datos_usados/b_10_datos_usados.csv,ee6e8f9707b4c3da18c1b1a25369d467cd4f7bd39d9e3de9448e0a8f4e192703,155,2026-09-15T19:26:22+00:00
B.10,texto_generado,build/text/b_10.md,cec5baecd7adcbbcbd11f622f3dafcc9e5b7fc4af0d18e8d158788f9721540c9,165,2026-09-15T19:26:22+00:00
B.10,texto_copia_corrida,reportes/20260915T192133067416Z_corrida/textos/b_10_parrafo.md,cec5baecd7adcbbcbd11f622f3dafcc9e5b7fc4af0d18e8d158788f9721540c9,165,2026-09-15T19:26:22+00:00
B.10,grafica,build/figures/B/figura_b_10.png,4136c7f4ff483e30e0232c5fd0126f4b48dba8366970f0ad7fd5e09ea0f6e80f,108697,2026-09-15T19:26:22+00:00
B.10,metadatos,build/metadata/b_10.json,07357cd7ac5dd20677dc7eda683979dfdf4860e3af4b83e7932f4169da7b24b6,703,2026-09-15T19:26:22+00:00
B.11,dato_crudo,data/raw/crt_bit_todo_2025_q2/objects/f75ce7de02249b11d35b/CRT_BIT_TODO.zip,f75ce7de02249b11d35bed3399f7f06558f9e7a18cc9b320180acbe96027d284,1188168847,2026-09-09T22:17:06+00:00
B.11,datos_usados,reportes/20260915T192133067416Z_corrida/datos_usados/b_11_datos_usados.csv,39c5de1fc2dbb326168aafa036820c87bcf68149e3982862620553f287f1af0d,380,2026-09-15T19:26:23+00:00
B.11,texto_generado,build/text/b_11.md,ca51368c8937dce11838ad0be28c40859119c50b81ccdabfb59831652fbd12e4,122,2026-09-15T19:26:23+00:00
B.11,texto_copia_corrida,reportes/20260915T192133067416Z_corrida/textos/b_11_parrafo.md,ca51368c8937dce11838ad0be28c40859119c50b81ccdabfb59831652fbd12e4,122,2026-09-15T19:26:23+00:00
B.11,grafica,build/figures/B/figura_b_11.png,d8d389cf45f04bf95f449f5b8405818ed5696ac91e17ec414a852d269578b033,122233,2026-09-15T19:26:24+00:00
B.11,metadatos,build/metadata/b_11.json,b27abe24fb00d89e60b3dca18881893d0223977abc5c4b8ef6c30b4b7821795b,686,2026-09-15T19:26:24+00:00
B.12,dato_crudo,data/raw/crt_bit_todo_2025_q2/objects/f75ce7de02249b11d35b/CRT_BIT_TODO.zip,f75ce7de02249b11d35bed3399f7f06558f9e7a18cc9b320180acbe96027d284,1188168847,2026-09-09T22:17:06+00:00
B.12,datos_usados,reportes/20260915T192133067416Z_corrida/datos_usados/b_12_datos_usados.csv,e1f9fcd7c01ed6488ac931feb5bfca74f69e561f9d0bbd3309eb780ca6cb55a3,236,2026-09-15T19:26:25+00:00
B.12,texto_generado,build/text/b_12.md,a8f9ed9a512a7fe29563ecfa107dd573c87571e5e7f950e4c3d97148e4c01a6e,135,2026-09-15T19:26:25+00:00
B.12,texto_copia_corrida,reportes/20260915T192133067416Z_corrida/textos/b_12_parrafo.md,a8f9ed9a512a7fe29563ecfa107dd573c87571e5e7f950e4c3d97148e4c01a6e,135,2026-09-15T19:26:25+00:00
B.12,grafica,build/figures/B/figura_b_12.png,b71ecad15cecee3797202a7378db871cb1719c51306b1ebe7e01e7b8abb67dcd,158630,2026-09-15T19:26:25+00:00
B.12,metadatos,build/metadata/b_12.json,0cc69c5f21d4240c42c2f3ccd6b096f108be1f59acafc73294beb60311172980,701,2026-09-15T19:26:25+00:00
B.13,dato_crudo,data/raw/crt_bit_todo_2025_q2/objects/f75ce7de02249b11d35b/CRT_BIT_TODO.zip,f75ce7de02249b11d35bed3399f7f06558f9e7a18cc9b320180acbe96027d284,1188168847,2026-09-09T22:17:06+00:00
B.13,dato_crudo,data/raw/inegi_endutih_2025/objects/65d219261b3890ee12ea/conjunto_de_datos_endutih_2025_csv.zip,65d219261b3890ee12eaf95cdd1185f6b7d52eefd7e698ffd335b604364fd508,8197337,2026-09-15T19:26:08+00:00
B.13,dato_crudo,data/raw/mexico_geojson_legacy/objects/7de22266d11293117321/mexicoHigh.json,7de22266d11293117321ea0aba07b610900e06626e1fffc74ffef96b751e33dc,184555,2026-08-31T22:21:20+00:00
B.13,datos_usados,reportes/20260915T192133067416Z_corrida/datos_usados/b_13_datos_usados.csv,502ba1a4ecdff3e5c9b64f230af39048311ad7e9aae597b0d6104f6b0322c371,1659,2026-09-15T19:26:27+00:00
B.13,texto_generado,build/text/b_13.md,41793c0192864d0b928be6b44d501205572a34c71fa28b87658433253440efc5,179,2026-09-15T19:26:27+00:00
B.13,texto_copia_corrida,reportes/20260915T192133067416Z_corrida/textos/b_13_parrafo.md,41793c0192864d0b928be6b44d501205572a34c71fa28b87658433253440efc5,179,2026-09-15T19:26:27+00:00
B.13,grafica,build/figures/B/figura_b_13.png,f0ae03d3fb0c17df8601fa6279a0fcadb6dad97a4bfdb72512de02709f788be9,275879,2026-09-15T19:26:28+00:00
B.13,metadatos,build/metadata/b_13.json,71b53fffcf82ee2d8e3cc5e5ed403ffbdbaf2239fde029993db8002d31768652,739,2026-09-15T19:26:28+00:00
B.14,dato_crudo,data/raw/crt_bit_todo_2025_q2/objects/f75ce7de02249b11d35b/CRT_BIT_TODO.zip,f75ce7de02249b11d35bed3399f7f06558f9e7a18cc9b320180acbe96027d284,1188168847,2026-09-09T22:17:06+00:00
B.14,dato_crudo,data/raw/inegi_denue_2023_state_counts/denue_2023.csv,2ab9ec7b8e668ffb25466e32fe6008bf1304ab78251f91efd01fcc8b3ca93acc,604,2026-09-10T22:59:28+00:00
B.14,dato_crudo,data/raw/mexico_geojson_legacy/objects/7de22266d11293117321/mexicoHigh.json,7de22266d11293117321ea0aba07b610900e06626e1fffc74ffef96b751e33dc,184555,2026-08-31T22:21:20+00:00
B.14,datos_usados,reportes/20260915T192133067416Z_corrida/datos_usados/b_14_datos_usados.csv,78818c493eb15be853cefedd8706ad579eca05d03696be715a163d05718d10c7,1979,2026-09-15T19:26:29+00:00
B.14,texto_generado,build/text/b_14.md,bffc324eccd1794ee3a59367797bcf10af41803998c33c826f06e7ad6094036d,186,2026-09-15T19:26:29+00:00
B.14,texto_copia_corrida,reportes/20260915T192133067416Z_corrida/textos/b_14_parrafo.md,bffc324eccd1794ee3a59367797bcf10af41803998c33c826f06e7ad6094036d,186,2026-09-15T19:26:29+00:00
B.14,grafica,build/figures/B/figura_b_14.png,a33da8e1ee92c4ee50cc95692800fadf3dae8caaa541bd66d51bb6322458c6f1,275912,2026-09-15T19:26:30+00:00
B.14,metadatos,build/metadata/b_14.json,2091730b90ca3d1f99311ea43809c2b29be6c4116828b325caa2f5ec6b70b303,755,2026-09-15T19:26:30+00:00
B.15,dato_crudo,data/raw/crt_bit_todo_2025_q2/objects/f75ce7de02249b11d35b/CRT_BIT_TODO.zip,f75ce7de02249b11d35bed3399f7f06558f9e7a18cc9b320180acbe96027d284,1188168847,2026-09-09T22:17:06+00:00
B.15,datos_usados,reportes/20260915T192133067416Z_corrida/datos_usados/b_15_datos_usados.csv,375e427aa2aa892ccd2fd3458774ceaab4d7a902fc48c9e7ec1355d097ab7a4e,1263,2026-09-15T19:26:31+00:00
B.15,texto_generado,build/text/b_15.md,66674e8672e1e5bc3624c82601f29dbf007778a07af8123da93f3d22d669f634,167,2026-09-15T19:26:31+00:00
B.15,texto_copia_corrida,reportes/20260915T192133067416Z_corrida/textos/b_15_parrafo.md,66674e8672e1e5bc3624c82601f29dbf007778a07af8123da93f3d22d669f634,167,2026-09-15T19:26:31+00:00
B.15,grafica,build/figures/B/figura_b_15.png,e75fa9644e52e916833399cb73230da066c608ba4e7b2b41f9acf97902464eea,134358,2026-09-15T19:26:31+00:00
B.15,metadatos,build/metadata/b_15.json,5ea66ff1835c188e6204bfc8e7ea85146f25c44fdd4ddfc6d2501d8de1d28e1e,727,2026-09-15T19:26:31+00:00
B.16,dato_crudo,data/raw/crt_bit_todo_2025_q2/objects/f75ce7de02249b11d35b/CRT_BIT_TODO.zip,f75ce7de02249b11d35bed3399f7f06558f9e7a18cc9b320180acbe96027d284,1188168847,2026-09-09T22:17:06+00:00
B.16,datos_usados,reportes/20260915T192133067416Z_corrida/datos_usados/b_16_datos_usados.csv,3c8739f78108442037ceba3087cf599461b43a8a5ee50eb7b6d0e0165005724a,772,2026-09-15T19:26:33+00:00
B.16,texto_generado,build/text/b_16.md,129fb88e47fb0c1e1b2f866d2e15e9ad798f1c438f289d2182fc1a7a4a22a323,186,2026-09-15T19:26:33+00:00
B.16,texto_copia_corrida,reportes/20260915T192133067416Z_corrida/textos/b_16_parrafo.md,129fb88e47fb0c1e1b2f866d2e15e9ad798f1c438f289d2182fc1a7a4a22a323,186,2026-09-15T19:26:33+00:00
B.16,grafica,build/figures/B/figura_b_16.png,0ad8a546708015c4177ae418480a4503383ad03d3e74e8f7bd96c2f600517832,248862,2026-09-15T19:26:34+00:00
B.16,metadatos,build/metadata/b_16.json,55aeb0a3ac4ebbad478efa1421632f7da2df6eef0722463ab423e12dfe4c3118,729,2026-09-15T19:26:34+00:00
B.17,dato_crudo,data/raw/crt_bit_todo_2025_q2/objects/f75ce7de02249b11d35b/CRT_BIT_TODO.zip,f75ce7de02249b11d35bed3399f7f06558f9e7a18cc9b320180acbe96027d284,1188168847,2026-09-09T22:17:06+00:00
B.17,datos_usados,reportes/20260915T192133067416Z_corrida/datos_usados/b_17_datos_usados.csv,98289230ad0fc4cd60ee2f7fade6497172a5931afbfd4af10b14e6a91d440c5f,717,2026-09-15T19:26:35+00:00
B.17,texto_generado,build/text/b_17.md,b97c166f3fafe65d4343acd3f8b80dc9a5fa70041e14c174c4a25995c320f773,147,2026-09-15T19:26:35+00:00
B.17,texto_copia_corrida,reportes/20260915T192133067416Z_corrida/textos/b_17_parrafo.md,b97c166f3fafe65d4343acd3f8b80dc9a5fa70041e14c174c4a25995c320f773,147,2026-09-15T19:26:35+00:00
B.17,grafica,build/figures/B/figura_b_17.png,b156f5bf7bf3496a12735c983e3e6e4524b02fc5d41147986a8d3ceb0908f382,174330,2026-09-15T19:26:36+00:00
B.17,metadatos,build/metadata/b_17.json,17f263a1b92ee4c37a938d45a94bb9ba0d7d02ccf5676adf376309d7b89d5916,699,2026-09-15T19:26:36+00:00
B.18,dato_crudo,data/raw/crt_bit_todo_2025_q2/objects/f75ce7de02249b11d35b/CRT_BIT_TODO.zip,f75ce7de02249b11d35bed3399f7f06558f9e7a18cc9b320180acbe96027d284,1188168847,2026-09-09T22:17:06+00:00
B.18,datos_usados,reportes/20260915T192133067416Z_corrida/datos_usados/b_18_datos_usados.csv,b73624ea7ad8c1597d127a55c1a39eca3f573bfd7ab0ec42f5f199e0761187f1,151,2026-09-15T19:26:37+00:00
B.18,texto_generado,build/text/b_18.md,89f52ccd696d990f69aa6d7fb3f79f871a3e76c56e3b3fee6b74bb674894d7b4,163,2026-09-15T19:26:37+00:00
B.18,texto_copia_corrida,reportes/20260915T192133067416Z_corrida/textos/b_18_parrafo.md,89f52ccd696d990f69aa6d7fb3f79f871a3e76c56e3b3fee6b74bb674894d7b4,163,2026-09-15T19:26:37+00:00
B.18,grafica,build/figures/B/figura_b_18.png,3959f815a58dbf46d69b63122ec7508ed0ad0049532db4b7d121cc64efeaf579,108595,2026-09-15T19:26:38+00:00
B.18,metadatos,build/metadata/b_18.json,cac6b7bf03741f7e775f3e5814f20a305377c30dcdbfebf65133a9b55299248a,701,2026-09-15T19:26:38+00:00
B.19,dato_crudo,data/raw/crt_bit_todo_2025_q2/objects/f75ce7de02249b11d35b/CRT_BIT_TODO.zip,f75ce7de02249b11d35bed3399f7f06558f9e7a18cc9b320180acbe96027d284,1188168847,2026-09-09T22:17:06+00:00
B.19,datos_usados,reportes/20260915T192133067416Z_corrida/datos_usados/b_19_datos_usados.csv,eb798e219e9f59ef4797412f0d2567c2cf5d7a24e4272de2cbd4d8b665d2e92a,466,2026-09-15T19:26:40+00:00
B.19,texto_generado,build/text/b_19.md,e0888468f170f716860eea669c2d9722b90836e6ec0f501dcfb40ce2be3944d7,132,2026-09-15T19:26:40+00:00
B.19,texto_copia_corrida,reportes/20260915T192133067416Z_corrida/textos/b_19_parrafo.md,e0888468f170f716860eea669c2d9722b90836e6ec0f501dcfb40ce2be3944d7,132,2026-09-15T19:26:40+00:00
B.19,grafica,build/figures/B/figura_b_19.png,0435057de631cdea7c52e3122106ec1d9a8802bde87e7ef963731417cbc37452,142664,2026-09-15T19:26:40+00:00
B.19,metadatos,build/metadata/b_19.json,c5c192d06ae4a77e66dd64f3c621e83aee3a6e334c672dda28c5f3a61623a034,696,2026-09-15T19:26:40+00:00
B.20,dato_crudo,data/raw/crt_bit_todo_2025_q2/objects/f75ce7de02249b11d35b/CRT_BIT_TODO.zip,f75ce7de02249b11d35bed3399f7f06558f9e7a18cc9b320180acbe96027d284,1188168847,2026-09-09T22:17:06+00:00
B.20,datos_usados,reportes/20260915T192133067416Z_corrida/datos_usados/b_20_datos_usados.csv,aa4afae0a1d58446efe7b92f82f31722690c75eeb718aa4f92be9a22bdb12c7a,264,2026-09-15T19:26:42+00:00
B.20,texto_generado,build/text/b_20.md,cfb875b3c246b7e76919df56ed39bd23d1e684ead0bd9d24150d7721ff8eae6e,145,2026-09-15T19:26:42+00:00
B.20,texto_copia_corrida,reportes/20260915T192133067416Z_corrida/textos/b_20_parrafo.md,cfb875b3c246b7e76919df56ed39bd23d1e684ead0bd9d24150d7721ff8eae6e,145,2026-09-15T19:26:42+00:00
B.20,grafica,build/figures/B/figura_b_20.png,60d61524c21326a7185fbcd2ce751d3bf7d851a2e530f2b82f1fcbe553b13166,133095,2026-09-15T19:26:42+00:00
B.20,metadatos,build/metadata/b_20.json,c32bb1f7ebdd1c07cfeef42db9a97a4c16a5614ef8f2b877b2a892d2adec6ccd,711,2026-09-15T19:26:42+00:00
B.21,dato_crudo,data/raw/crt_bit_todo_2025_q2/objects/f75ce7de02249b11d35b/CRT_BIT_TODO.zip,f75ce7de02249b11d35bed3399f7f06558f9e7a18cc9b320180acbe96027d284,1188168847,2026-09-09T22:17:06+00:00
B.21,dato_crudo,data/raw/inegi_endutih_2025/objects/65d219261b3890ee12ea/conjunto_de_datos_endutih_2025_csv.zip,65d219261b3890ee12eaf95cdd1185f6b7d52eefd7e698ffd335b604364fd508,8197337,2026-09-15T19:26:08+00:00
B.21,dato_crudo,data/raw/mexico_geojson_legacy/objects/7de22266d11293117321/mexicoHigh.json,7de22266d11293117321ea0aba07b610900e06626e1fffc74ffef96b751e33dc,184555,2026-08-31T22:21:20+00:00
B.21,datos_usados,reportes/20260915T192133067416Z_corrida/datos_usados/b_21_datos_usados.csv,380f0250380310227e90112ee047028e0a2b983069e86c0f01f362638a0c2e20,2243,2026-09-15T19:26:46+00:00
B.21,texto_generado,build/text/b_21.md,0e40084b876012d34ccacf7830cd601792c16533482d7507d297afb0bd72d36f,395,2026-09-15T19:26:46+00:00
B.21,texto_copia_corrida,reportes/20260915T192133067416Z_corrida/textos/b_21_parrafo.md,0e40084b876012d34ccacf7830cd601792c16533482d7507d297afb0bd72d36f,395,2026-09-15T19:26:46+00:00
B.21,grafica,build/figures/B/figura_b_21.png,bd700d04897a4faff7fd57482ddfe04799c58eb84c18c3d75c0df94169d1c160,311445,2026-09-15T19:26:46+00:00
B.21,metadatos,build/metadata/b_21.json,eefda6b8a05682022cf80e6e9e96a5af9ceb4944025f98de696d812fc1639ca3,737,2026-09-15T19:26:46+00:00
B.22,dato_crudo,data/raw/crt_bit_todo_2025_q2/objects/f75ce7de02249b11d35b/CRT_BIT_TODO.zip,f75ce7de02249b11d35bed3399f7f06558f9e7a18cc9b320180acbe96027d284,1188168847,2026-09-09T22:17:06+00:00
B.22,dato_crudo,data/raw/inegi_denue_2026_05/05_2026/denue_00_11_csv.zip,28dcadcad30b377b4de2033b4aa557736529b478ab09e70165edb8763c8d6f34,1727378,2026-09-11T17:48:07+00:00
B.22,dato_crudo,data/raw/inegi_denue_2026_05/05_2026/denue_00_21_csv.zip,92769cb9f5aafcb4e11afe7c7224e3dde3a2c97c5585d4e6f13fc563c4c403f7,310010,2026-09-11T17:48:08+00:00
B.22,dato_crudo,data/raw/inegi_denue_2026_05/05_2026/denue_00_22_csv.zip,2f36bc617303b7eaa3fff11648f38a228bd4ad59a418eab9d616f62ebdd8a949,1178241,2026-09-11T17:48:09+00:00
B.22,dato_crudo,data/raw/inegi_denue_2026_05/05_2026/denue_00_23_csv.zip,8f93eb74daf8b832eb50d722fd2d5e33a53b9753bf8f51629f7007edacc348d3,2716967,2026-09-11T17:48:11+00:00
B.22,dato_crudo,data/raw/inegi_denue_2026_05/05_2026/denue_00_31-33_csv.zip,5ec504d9c761778e94a8cdb4401b9f4f91ef478ee656086c7ac2973ca37890cd,57607659,2026-09-11T17:49:53+00:00
B.22,dato_crudo,data/raw/inegi_denue_2026_05/05_2026/denue_00_43_csv.zip,0b57798429caccdce1e4c37f3242dd5f5b0ea33f4478a49a4051617fca4b0f55,18345491,2026-09-11T17:50:41+00:00
B.22,dato_crudo,data/raw/inegi_denue_2026_05/05_2026/denue_00_46111_csv.zip,3e2b9a82555fcffd3f733b54beaf98a111f993e3475e7839f731ab794a18cb03,59835497,2026-09-11T17:53:23+00:00
B.22,dato_crudo,data/raw/inegi_denue_2026_05/05_2026/denue_00_46112-46311_csv.zip,8f1375af5fe6d30bd0497a1896c46a5a300c81fe607e87034d45e4e43cadd7a4,53077017,2026-09-11T17:54:31+00:00
B.22,dato_crudo,data/raw/inegi_denue_2026_05/05_2026/denue_00_46321-46531_csv.zip,2f19e3e65ce370d9b4f638c20333ad319035b5136c5007d9d49104ef89a4db60,58209695,2026-09-11T17:56:15+00:00
B.22,dato_crudo,data/raw/inegi_denue_2026_05/05_2026/denue_00_46591-46911_csv.zip,dd37519ac10f46af6eda734a9b1ff4e0b5b9be7ecc8a00fc7e4d130f6b8b1fc7,60209960,2026-09-11T17:58:07+00:00
B.22,dato_crudo,data/raw/inegi_denue_2026_05/05_2026/denue_00_48-49_csv.zip,5dd2f6fd55a36cd44dd24b98b6e3c56c150540aed2845897932839c559c30edd,4910330,2026-09-11T17:58:12+00:00
B.22,dato_crudo,data/raw/inegi_denue_2026_05/05_2026/denue_00_51_csv.zip,3ff73da9f2136713669f3fe24df259b8bbc67f478c1b80cd427016aa1169d04a,2246906,2026-09-11T17:58:14+00:00
B.22,dato_crudo,data/raw/inegi_denue_2026_05/05_2026/denue_00_52_csv.zip,86012151652274f6aa0212c3211b8fb24717cac37882557ac85a287ba32bb774,4858222,2026-09-11T17:58:20+00:00
B.22,dato_crudo,data/raw/inegi_denue_2026_05/05_2026/denue_00_53_csv.zip,be00934435c3eb640362949f034a4535e520fd82b560914ce216025e326cce09,8258667,2026-09-11T17:58:28+00:00
B.22,dato_crudo,data/raw/inegi_denue_2026_05/05_2026/denue_00_54_csv.zip,bd4eb1dee2e36efa5a095e3e26eda90a4b484e9f221f226f1f6b7346f7b38bd3,11265411,2026-09-11T17:58:40+00:00
B.22,dato_crudo,data/raw/inegi_denue_2026_05/05_2026/denue_00_55_csv.zip,75c0036a724904e673b6661f99a3b1c1618cd17f0582a1c2bece9b538b622a04,58074,2026-09-11T17:58:40+00:00
B.22,dato_crudo,data/raw/inegi_denue_2026_05/05_2026/denue_00_56_csv.zip,37e296986db4f862090d009945b9959a98870a31ec670bf3dd39b2ffc4432403,6039386,2026-09-11T17:58:49+00:00
B.22,dato_crudo,data/raw/inegi_denue_2026_05/05_2026/denue_00_61_csv.zip,2a55d9158929affb24975318f2534a6a257e1a4ee3fcfa90c9ce4ace2e00e5ca,15571907,2026-09-11T17:58:59+00:00
B.22,dato_crudo,data/raw/inegi_denue_2026_05/05_2026/denue_00_62_csv.zip,c02d7ad5e2338af4eb3a3a7ac066b73d4e84f8846287d605543f769ac53524f4,26906887,2026-09-11T17:59:29+00:00
B.22,dato_crudo,data/raw/inegi_denue_2026_05/05_2026/denue_00_71_csv.zip,b251bcf0adb8f645870298c29e51e1ab2fb465e13630b00c50d933a681e71288,6743965,2026-09-11T17:59:38+00:00
B.22,dato_crudo,data/raw/inegi_denue_2026_05/05_2026/denue_00_72_1_csv.zip,909dd5c7d4447f2905c890ec1336f65e10ad5ca47467d89276236b48c8701b49,49342606,2026-09-11T18:00:21+00:00
B.22,dato_crudo,data/raw/inegi_denue_2026_05/05_2026/denue_00_72_2_csv.zip,cf12fc06171e06726427db15fd9e29fa0cfb44b9b984edf48fb382a69fcce441,26143420,2026-09-11T18:01:06+00:00
B.22,dato_crudo,data/raw/inegi_denue_2026_05/05_2026/denue_00_81_1_csv.zip,eb3a50e1b7f47f819c9e2ed9e04257b05041aeb70619a9648d0cb4de5414468f,50180217,2026-09-11T18:02:23+00:00
B.22,dato_crudo,data/raw/inegi_denue_2026_05/05_2026/denue_00_81_2_csv.zip,0e6d1b10b0ceb0ef43740967229bf21fc1953119e9300dedbbef350b13eb7b02,39382296,2026-09-11T18:03:25+00:00
B.22,dato_crudo,data/raw/inegi_denue_2026_05/05_2026/denue_00_93_csv.zip,b4cc4c83941073710cf1c406505cdf668d2fc40eb3a212955266d13ff2e0d319,6765070,2026-09-11T18:03:32+00:00
B.22,dato_crudo,data/raw/mexico_geojson_legacy/objects/7de22266d11293117321/mexicoHigh.json,7de22266d11293117321ea0aba07b610900e06626e1fffc74ffef96b751e33dc,184555,2026-08-31T22:21:20+00:00
B.22,datos_usados,reportes/20260915T192133067416Z_corrida/datos_usados/b_22_datos_usados.csv,928c9e1772254c21c48761598e549826930169b0af9aa8d133820d7467879942,1982,2026-09-15T19:27:47+00:00
B.22,texto_generado,build/text/b_22.md,a85a3bcaa900d1de6f6dbec595311658579f55b89d2546697d07668980170f79,431,2026-09-15T19:27:47+00:00
B.22,texto_copia_corrida,reportes/20260915T192133067416Z_corrida/textos/b_22_parrafo.md,a85a3bcaa900d1de6f6dbec595311658579f55b89d2546697d07668980170f79,431,2026-09-15T19:27:47+00:00
B.22,grafica,build/figures/B/figura_b_22.png,464dc3ca34fc1626af33e03c6ee250659458604cb27cdbc73a1b7b9d9ad5d6ca,282321,2026-09-15T19:27:47+00:00
B.22,metadatos,build/metadata/b_22.json,c8068b7a7897bc15d8baba4df031a42fe22668a7d4ce39e47ef938e555b9cd91,816,2026-09-15T19:27:47+00:00
B.23,dato_crudo,data/raw/crt_bit_todo_2025_q2/objects/f75ce7de02249b11d35b/CRT_BIT_TODO.zip,f75ce7de02249b11d35bed3399f7f06558f9e7a18cc9b320180acbe96027d284,1188168847,2026-09-09T22:17:06+00:00
B.23,datos_usados,reportes/20260915T192133067416Z_corrida/datos_usados/b_23_datos_usados.csv,f66cfc65b4975701add43bdf516d1f5da051fb7d253dfa7a0d524343b4a62ba7,805,2026-09-15T19:27:55+00:00
B.23,texto_generado,build/text/b_23.md,6226a1cb4c71273fbe4f934bcaa0e3f982be83fa3b35a94f24722b1b710427ab,257,2026-09-15T19:27:56+00:00
B.23,texto_copia_corrida,reportes/20260915T192133067416Z_corrida/textos/b_23_parrafo.md,6226a1cb4c71273fbe4f934bcaa0e3f982be83fa3b35a94f24722b1b710427ab,257,2026-09-15T19:27:56+00:00
B.23,grafica,build/figures/B/figura_b_23.png,452a172d3f56557933f12d2758de4b8a671d350c151dcc59c86994a196f81123,212147,2026-09-15T19:27:56+00:00
B.23,metadatos,build/metadata/b_23.json,e7df97522bf2d266c4f80623cf6d1870ba681840784f85c58fb825d612c5455d,693,2026-09-15T19:27:56+00:00
B.24,dato_crudo,data/raw/crt_bit_todo_2025_q2/objects/f75ce7de02249b11d35b/CRT_BIT_TODO.zip,f75ce7de02249b11d35bed3399f7f06558f9e7a18cc9b320180acbe96027d284,1188168847,2026-09-09T22:17:06+00:00
B.24,datos_usados,reportes/20260915T192133067416Z_corrida/datos_usados/b_24_datos_usados.csv,3c9d22b3e766b088120ac7f0d84aad773a860aff6ec36399f7b2169d20b167d9,493,2026-09-15T19:27:58+00:00
B.24,texto_generado,build/text/b_24.md,2e6b2594d077d7dad8eac0d76ce737e1204df6bf9e7d74a80416c24b7d52391f,133,2026-09-15T19:27:58+00:00
B.24,texto_copia_corrida,reportes/20260915T192133067416Z_corrida/textos/b_24_parrafo.md,2e6b2594d077d7dad8eac0d76ce737e1204df6bf9e7d74a80416c24b7d52391f,133,2026-09-15T19:27:58+00:00
B.24,grafica,build/figures/B/figura_b_24.png,ae84c3b940039e713d8ef0e561854b3e4d149e2ff3cdff45e760cbcbdcbcfc68,175861,2026-09-15T19:27:58+00:00
B.24,metadatos,build/metadata/b_24.json,112c068e37f49e08c03bcda3f2f2779a54272b90918a256580fc42c6a7032ce6,681,2026-09-15T19:27:58+00:00
B.25,dato_crudo,data/raw/crt_bit_todo_2025_q2/objects/f75ce7de02249b11d35b/CRT_BIT_TODO.zip,f75ce7de02249b11d35bed3399f7f06558f9e7a18cc9b320180acbe96027d284,1188168847,2026-09-09T22:17:06+00:00
B.25,datos_usados,reportes/20260915T192133067416Z_corrida/datos_usados/b_25_datos_usados.csv,07edd8bc3b4887e830d12f7ba77e84f22c51a9415311a979cda59cac3978f593,123,2026-09-15T19:28:00+00:00
B.25,texto_generado,build/text/b_25.md,db7ac5354d33df1fc71413ff8382f346e686b0b7446e1703f040f90bb5e6758f,152,2026-09-15T19:28:00+00:00
B.25,texto_copia_corrida,reportes/20260915T192133067416Z_corrida/textos/b_25_parrafo.md,db7ac5354d33df1fc71413ff8382f346e686b0b7446e1703f040f90bb5e6758f,152,2026-09-15T19:28:00+00:00
B.25,grafica,build/figures/B/figura_b_25.png,0b8d5e38fb4007eb92bf35d0f2c3a0bb3704a654139ebe748f62e708cd3b9a15,102036,2026-09-15T19:28:00+00:00
B.25,metadatos,build/metadata/b_25.json,cf381fef0f8362d48b10530117558786b94de90a8ccd5d7c25039684beaa8c86,681,2026-09-15T19:28:00+00:00
C.1,dato_crudo,data/raw/crt_bit_dist_espectro_actual/objects/9b8c957e596ec2bf97209e9819b25cfe3798130c77c35e01a7d51694c6e94466/TD_DIST_ESPECTRO_VA.csv,9b8c957e596ec2bf97209e9819b25cfe3798130c77c35e01a7d51694c6e94466,408,2026-09-11T22:50:21+00:00
C.1,datos_usados,reportes/20260915T192133067416Z_corrida/datos_usados/c_1_datos_usados.csv,1938cd822e193f847dc22509ae1ec1556be841a07552de7a9a2a44cf62593761,255,2026-09-15T19:28:01+00:00
C.1,texto_generado,build/text/c_1.md,d1c078960f4e07abd0289e6adbaad86b43ad115282bff1699a2e8451d7d20818,156,2026-09-15T19:28:01+00:00
C.1,texto_copia_corrida,reportes/20260915T192133067416Z_corrida/textos/c_1_parrafo.md,d1c078960f4e07abd0289e6adbaad86b43ad115282bff1699a2e8451d7d20818,156,2026-09-15T19:28:01+00:00
C.1,grafica,build/figures/C/figura_c_1.png,40167ec490b430aa7d53e21f8359bb8d6a1f88369661bb09e1858611a75ce2bf,132531,2026-09-15T19:28:01+00:00
C.1,metadatos,build/metadata/c_1.json,eea621a46f9f68a3a6e54ba1221daece055ad79e72a782ddb15bfd12570f403f,668,2026-09-15T19:28:01+00:00
C.2,dato_crudo,data/raw/crt_bit_espectro_banda_actual/objects/49913e821c907df8423fed40edafa1bb4b182b22cc2451f76a578e1b503df692/TD_ESPECTRO_BANDA_VA.csv,49913e821c907df8423fed40edafa1bb4b182b22cc2451f76a578e1b503df692,170,2026-09-11T22:50:23+00:00
C.2,dato_crudo,data/raw/crt_bit_dist_espectro_actual/objects/9b8c957e596ec2bf97209e9819b25cfe3798130c77c35e01a7d51694c6e94466/TD_DIST_ESPECTRO_VA.csv,9b8c957e596ec2bf97209e9819b25cfe3798130c77c35e01a7d51694c6e94466,408,2026-09-11T22:50:21+00:00
C.2,datos_usados,reportes/20260915T192133067416Z_corrida/datos_usados/c_2_datos_usados.csv,33d4dfaa78989054408b154565a7a27a5a384ebbdf19331a3eefbc514f206d28,526,2026-09-15T19:28:01+00:00
C.2,texto_generado,build/text/c_2.md,dd0366669a68507877c38506a1e898eba0046028f14fc3b83f17c72803f02fc6,149,2026-09-15T19:28:01+00:00
C.2,texto_copia_corrida,reportes/20260915T192133067416Z_corrida/textos/c_2_parrafo.md,dd0366669a68507877c38506a1e898eba0046028f14fc3b83f17c72803f02fc6,149,2026-09-15T19:28:01+00:00
C.2,grafica,build/figures/C/figura_c_2.png,69ad5ad8d1f3b007d60e15b6b8c107ef708275b7ed0bdfc965c34e7185606fb8,114067,2026-09-15T19:28:02+00:00
C.2,metadatos,build/metadata/c_2.json,0e27100d30cd24cdc179d6a9ce868d8003c9cd004b18fa6830fa9e0f5abf5dc8,693,2026-09-15T19:28:02+00:00
C.3,dato_crudo,data/raw/inegi_endutih_2025/objects/65d219261b3890ee12ea/conjunto_de_datos_endutih_2025_csv.zip,65d219261b3890ee12eaf95cdd1185f6b7d52eefd7e698ffd335b604364fd508,8197337,2026-09-15T19:26:08+00:00
C.3,datos_usados,reportes/20260915T192133067416Z_corrida/datos_usados/c_3_datos_usados.csv,b8b38f9ade7515944b8509f729dcd871e58044d589c7ed6b4c5525abf7e684a2,412,2026-09-15T19:28:02+00:00
C.3,texto_generado,build/text/c_3.md,b2f5141a8d619a4ef872250fa07bd1eccaa0feaa316909ac90077f1b0b8f8585,160,2026-09-15T19:28:02+00:00
C.3,texto_copia_corrida,reportes/20260915T192133067416Z_corrida/textos/c_3_parrafo.md,b2f5141a8d619a4ef872250fa07bd1eccaa0feaa316909ac90077f1b0b8f8585,160,2026-09-15T19:28:02+00:00
C.3,grafica,build/figures/C/figura_c_3.png,614521a10193b6548f81ef81b0c19ccebf1c06c0ad0ec33ef60e8e7f5c8319b7,119970,2026-09-15T19:28:03+00:00
C.3,metadatos,build/metadata/c_3.json,6a9342f0cd4afd4c6b7d7b0d865bfd94747d1c5d6be7257085dddc911b8a27f6,674,2026-09-15T19:28:03+00:00
C.4,dato_crudo,data/raw/inegi_endutih_2025/objects/65d219261b3890ee12ea/conjunto_de_datos_endutih_2025_csv.zip,65d219261b3890ee12eaf95cdd1185f6b7d52eefd7e698ffd335b604364fd508,8197337,2026-09-15T19:26:08+00:00
C.4,datos_usados,reportes/20260915T192133067416Z_corrida/datos_usados/c_4_datos_usados.csv,b8b38f9ade7515944b8509f729dcd871e58044d589c7ed6b4c5525abf7e684a2,412,2026-09-15T19:28:03+00:00
C.4,texto_generado,build/text/c_4.md,acd019e705b5c067b052000b49647f8cda1f7c0e971e9d66a7e09d4d1b588375,225,2026-09-15T19:28:03+00:00
C.4,texto_copia_corrida,reportes/20260915T192133067416Z_corrida/textos/c_4_parrafo.md,acd019e705b5c067b052000b49647f8cda1f7c0e971e9d66a7e09d4d1b588375,225,2026-09-15T19:28:03+00:00
C.4,grafica,build/figures/C/figura_c_4.png,d7227dd1645c5ea2dc82196f10e249be03f4f28dae52c616c219fce3a4b58029,216440,2026-09-15T19:28:03+00:00
C.4,metadatos,build/metadata/c_4.json,031f0bf731a2f7fef9d653d2a74045419ec5a6ee0bafa2ff07191433badf91b2,695,2026-09-15T19:28:04+00:00
C.5,dato_crudo,data/raw/crt_bit_todo_2025_q2/objects/f75ce7de02249b11d35b/CRT_BIT_TODO.zip,f75ce7de02249b11d35bed3399f7f06558f9e7a18cc9b320180acbe96027d284,1188168847,2026-09-09T22:17:06+00:00
C.5,datos_usados,reportes/20260915T192133067416Z_corrida/datos_usados/c_5_datos_usados.csv,13fe0bd360e28ed38c743816732bc5cb6d5a01a1dd2e0841fbcd4d1c8f0f45ca,1768,2026-09-15T19:28:05+00:00
C.5,texto_generado,build/text/c_5.md,81fec9488131eff7fce011cfab7cbbc83e4dd59780d3c8cd09de7fa541632cf1,73,2026-09-15T19:28:05+00:00
C.5,texto_copia_corrida,reportes/20260915T192133067416Z_corrida/textos/c_5_parrafo.md,81fec9488131eff7fce011cfab7cbbc83e4dd59780d3c8cd09de7fa541632cf1,73,2026-09-15T19:28:05+00:00
C.5,grafica,build/figures/C/figura_c_5.png,1d69ade85f233fd3b812f543497c0fdbb651bda3565dcc03a3175f7f3efbb23c,200468,2026-09-15T19:28:06+00:00
C.5,metadatos,build/metadata/c_5.json,cb3b837d145d5675d4535892d896e612ba4def699b3a32939962f18f0a2ad4ae,667,2026-09-15T19:28:06+00:00
C.6,dato_crudo,data/raw/crt_bit_todo_2025_q2/objects/f75ce7de02249b11d35b/CRT_BIT_TODO.zip,f75ce7de02249b11d35bed3399f7f06558f9e7a18cc9b320180acbe96027d284,1188168847,2026-09-09T22:17:06+00:00
C.6,datos_usados,reportes/20260915T192133067416Z_corrida/datos_usados/c_6_datos_usados.csv,f3e64e79700ed18304d149b3f51dfdeaf92d2ba8c0187177ccf1b68e64d8c4d8,400,2026-09-15T19:28:07+00:00
C.6,texto_generado,build/text/c_6.md,3e64cb5d51e21a7989fa69aec6cc9752bc7fecfc298248a5ac09987068beb64f,85,2026-09-15T19:28:07+00:00
C.6,texto_copia_corrida,reportes/20260915T192133067416Z_corrida/textos/c_6_parrafo.md,3e64cb5d51e21a7989fa69aec6cc9752bc7fecfc298248a5ac09987068beb64f,85,2026-09-15T19:28:07+00:00
C.6,grafica,build/figures/C/figura_c_6.png,c9fca747f8b99894baddd57992c1b7e6b39699c3ca33facc32ab8f47fbf5bfd6,174500,2026-09-15T19:28:08+00:00
C.6,metadatos,build/metadata/c_6.json,4f7ad91ee888ff2ed2fd254fa0d439b03602e5a361715061048721a0aab77856,677,2026-09-15T19:28:08+00:00
C.7,dato_crudo,data/raw/crt_bit_todo_2025_q2/objects/f75ce7de02249b11d35b/CRT_BIT_TODO.zip,f75ce7de02249b11d35bed3399f7f06558f9e7a18cc9b320180acbe96027d284,1188168847,2026-09-09T22:17:06+00:00
C.7,dato_crudo,data/raw/mexico_geojson_legacy/objects/7de22266d11293117321/mexicoHigh.json,7de22266d11293117321ea0aba07b610900e06626e1fffc74ffef96b751e33dc,184555,2026-08-31T22:21:20+00:00
C.7,datos_usados,reportes/20260915T192133067416Z_corrida/datos_usados/c_7_datos_usados.csv,65073d4c4bfeb7a94e95b1cdefb229cf30c25851a9b2c558232534961471630c,647,2026-09-15T19:28:09+00:00
C.7,texto_generado,build/text/c_7.md,557320e1ebb1d3459dc8037a17194833e4941c1e84baaf7f0cae6782f9dff9b1,91,2026-09-15T19:28:10+00:00
C.7,texto_copia_corrida,reportes/20260915T192133067416Z_corrida/textos/c_7_parrafo.md,557320e1ebb1d3459dc8037a17194833e4941c1e84baaf7f0cae6782f9dff9b1,91,2026-09-15T19:28:10+00:00
C.7,grafica,build/figures/C/figura_c_7.png,bc6e99450a2a018151bb67255b240a10168ff98a47c708b441d526e5155e1a9d,273012,2026-09-15T19:28:10+00:00
C.7,metadatos,build/metadata/c_7.json,a917afc701e071d4682e7663ba5eb62fe2fda11ab42c6cb24e62d316d21d495a,700,2026-09-15T19:28:10+00:00
C.8,dato_crudo,data/raw/crt_bit_todo_2025_q2/objects/f75ce7de02249b11d35b/CRT_BIT_TODO.zip,f75ce7de02249b11d35bed3399f7f06558f9e7a18cc9b320180acbe96027d284,1188168847,2026-09-09T22:17:06+00:00
C.8,datos_usados,reportes/20260915T192133067416Z_corrida/datos_usados/c_8_datos_usados.csv,54b28f9e7f3e1c958c868dc5015b02de6713cbd3b35259810a604947292d55d2,579,2026-09-15T19:28:11+00:00
C.8,texto_generado,build/text/c_8.md,ec62cfd164f909b82bf8ee1b7dbf54a315bd7e1cc2ebcf978a8209bcc4b06717,74,2026-09-15T19:28:11+00:00
C.8,texto_copia_corrida,reportes/20260915T192133067416Z_corrida/textos/c_8_parrafo.md,ec62cfd164f909b82bf8ee1b7dbf54a315bd7e1cc2ebcf978a8209bcc4b06717,74,2026-09-15T19:28:11+00:00
C.8,grafica,build/figures/C/figura_c_8.png,88ed1594913dbe12088d1fd27653664da6573d272d7d75370e844c77b5f7fa51,134034,2026-09-15T19:28:12+00:00
C.8,metadatos,build/metadata/c_8.json,0d3bc6ea8b8e7e92f3d40f9bb88ef33ff85c45c869add5fb166a357ed76c8a9b,662,2026-09-15T19:28:12+00:00
C.9,dato_crudo,data/raw/crt_bit_todo_2025_q2/objects/f75ce7de02249b11d35b/CRT_BIT_TODO.zip,f75ce7de02249b11d35bed3399f7f06558f9e7a18cc9b320180acbe96027d284,1188168847,2026-09-09T22:17:06+00:00
C.9,datos_usados,reportes/20260915T192133067416Z_corrida/datos_usados/c_9_datos_usados.csv,014b484c6f8c5bd24b6105f1a21c5246a31e9c34db35b2953759c3c740c72e72,447,2026-09-15T19:28:13+00:00
C.9,texto_generado,build/text/c_9.md,068764f517431a5446a4cc5be23555972d19a4f46107524210b854ecefccdb2f,78,2026-09-15T19:28:14+00:00
C.9,texto_copia_corrida,reportes/20260915T192133067416Z_corrida/textos/c_9_parrafo.md,068764f517431a5446a4cc5be23555972d19a4f46107524210b854ecefccdb2f,78,2026-09-15T19:28:14+00:00
C.9,grafica,build/figures/C/figura_c_9.png,09297d5d0a07be332c27e4dfe79a191f1e48b685c3e9d9751e15013291c34c93,157978,2026-09-15T19:28:14+00:00
C.9,metadatos,build/metadata/c_9.json,53488452a6628cd3c9e49900791229bb35230786ca1ac37c71ded9ba13f8a7bc,671,2026-09-15T19:28:14+00:00
C.10,dato_crudo,data/raw/crt_bit_todo_2025_q2/objects/f75ce7de02249b11d35b/CRT_BIT_TODO.zip,f75ce7de02249b11d35bed3399f7f06558f9e7a18cc9b320180acbe96027d284,1188168847,2026-09-09T22:17:06+00:00
C.10,datos_usados,reportes/20260915T192133067416Z_corrida/datos_usados/c_10_datos_usados.csv,a1e17e959c6f900886d7aff0eb5c005cb0eccb2bf18c4f238bd2f7a375576f51,169,2026-09-15T19:28:15+00:00
C.10,texto_generado,build/text/c_10.md,1e4eb8ab7d59a06430e4f28f9423fbb8bfc7a4f6a8609885d5401a94e6ac36a8,58,2026-09-15T19:28:15+00:00
C.10,texto_copia_corrida,reportes/20260915T192133067416Z_corrida/textos/c_10_parrafo.md,1e4eb8ab7d59a06430e4f28f9423fbb8bfc7a4f6a8609885d5401a94e6ac36a8,58,2026-09-15T19:28:15+00:00
C.10,grafica,build/figures/C/figura_c_10.png,6358506536f76c8d507777381f88b68dd234e3d8b87965ff68acf787ca2bd151,112923,2026-09-15T19:28:16+00:00
C.10,metadatos,build/metadata/c_10.json,a1b558b332dafd2c0930cc71bb51cba7d7d08b149eb56a643bbc51c61a034bc7,675,2026-09-15T19:28:16+00:00
C.11,dato_crudo,data/raw/crt_bit_todo_2025_q2/objects/f75ce7de02249b11d35b/CRT_BIT_TODO.zip,f75ce7de02249b11d35bed3399f7f06558f9e7a18cc9b320180acbe96027d284,1188168847,2026-09-09T22:17:06+00:00
C.11,datos_usados,reportes/20260915T192133067416Z_corrida/datos_usados/c_11_datos_usados.csv,66502ab1e359c4f05c2d1da27e880c3b1c414a95c3e016d6f2eab0e911a7b418,888,2026-09-15T19:28:17+00:00
C.11,texto_generado,build/text/c_11.md,7244ad75202e1ff2f254b61b3063830ddf686f15e33409f4d8211200e28f8aaa,94,2026-09-15T19:28:17+00:00
C.11,texto_copia_corrida,reportes/20260915T192133067416Z_corrida/textos/c_11_parrafo.md,7244ad75202e1ff2f254b61b3063830ddf686f15e33409f4d8211200e28f8aaa,94,2026-09-15T19:28:17+00:00
C.11,grafica,build/figures/C/figura_c_11.png,0b8b476c36b89c5768679090575a7e6ba10fd74b908669d69cf4207654a95353,170145,2026-09-15T19:28:18+00:00
C.11,metadatos,build/metadata/c_11.json,804c72628578e399a5eeadd42dfd976c84d476aa4b98c75780f21add9e21d4de,678,2026-09-15T19:28:18+00:00
C.12,dato_crudo,data/raw/crt_bit_todo_2025_q2/objects/f75ce7de02249b11d35b/CRT_BIT_TODO.zip,f75ce7de02249b11d35bed3399f7f06558f9e7a18cc9b320180acbe96027d284,1188168847,2026-09-09T22:17:06+00:00
C.12,datos_usados,reportes/20260915T192133067416Z_corrida/datos_usados/c_12_datos_usados.csv,9edefa45a0b33d82694c6cf2d55db46da0cbf4ce5922ac4d96574fd611d89f67,187,2026-09-15T19:28:19+00:00
C.12,texto_generado,build/text/c_12.md,b3c6ad96d7b32e305236951c686d6843e2c1c7aa707d910c8e17f76901ad6bbb,96,2026-09-15T19:28:19+00:00
C.12,texto_copia_corrida,reportes/20260915T192133067416Z_corrida/textos/c_12_parrafo.md,b3c6ad96d7b32e305236951c686d6843e2c1c7aa707d910c8e17f76901ad6bbb,96,2026-09-15T19:28:19+00:00
C.12,grafica,build/figures/C/figura_c_12.png,e94b32a0ed1ac1878a689547fa3d4b49f493d1cd9fccf5540690f6c063da1b46,141099,2026-09-15T19:28:19+00:00
C.12,metadatos,build/metadata/c_12.json,3d213b5110ac28030e55643ac8a8c125d85d14ea97f0b6a7e3d4fe47db2c141e,688,2026-09-15T19:28:19+00:00
C.13,dato_crudo,data/raw/crt_bit_todo_2025_q2/objects/f75ce7de02249b11d35b/CRT_BIT_TODO.zip,f75ce7de02249b11d35bed3399f7f06558f9e7a18cc9b320180acbe96027d284,1188168847,2026-09-09T22:17:06+00:00
C.13,dato_crudo,data/raw/mexico_geojson_legacy/objects/7de22266d11293117321/mexicoHigh.json,7de22266d11293117321ea0aba07b610900e06626e1fffc74ffef96b751e33dc,184555,2026-08-31T22:21:20+00:00
C.13,datos_usados,reportes/20260915T192133067416Z_corrida/datos_usados/c_13_datos_usados.csv,28f95abc0b2743633cffba1954c0c46802f26be5169ef5234446f2b191a811f8,640,2026-09-15T19:28:21+00:00
C.13,texto_generado,build/text/c_13.md,ee638be0d5847f7dd345b4658ff23bf68a7da92f07bcc98187b66457124264cb,85,2026-09-15T19:28:21+00:00
C.13,texto_copia_corrida,reportes/20260915T192133067416Z_corrida/textos/c_13_parrafo.md,ee638be0d5847f7dd345b4658ff23bf68a7da92f07bcc98187b66457124264cb,85,2026-09-15T19:28:21+00:00
C.13,grafica,build/figures/C/figura_c_13.png,8b6c1395740cd97d9e5545aa75f5cdafbe3b2e0b5d762989f12f664b7d6c0b75,282064,2026-09-15T19:28:21+00:00
C.13,metadatos,build/metadata/c_13.json,806c52220d2813a644182b84fb7f22022cc78fa3711a9fbc74dc27b7200f18a7,711,2026-09-15T19:28:21+00:00
C.14,dato_crudo,data/raw/crt_bit_todo_2025_q2/objects/f75ce7de02249b11d35b/CRT_BIT_TODO.zip,f75ce7de02249b11d35bed3399f7f06558f9e7a18cc9b320180acbe96027d284,1188168847,2026-09-09T22:17:06+00:00
C.14,datos_usados,reportes/20260915T192133067416Z_corrida/datos_usados/c_14_datos_usados.csv,bf7ef73353a86fd361131af7de962787eb30e68e8fe11d1e5d22bf1c097054ac,1483,2026-09-15T19:28:22+00:00
C.14,texto_generado,build/text/c_14.md,0febbe187790ced0df207457c2cf009d7e5c0eacb4c977f72a5a416fa611b956,85,2026-09-15T19:28:22+00:00
C.14,texto_copia_corrida,reportes/20260915T192133067416Z_corrida/textos/c_14_parrafo.md,0febbe187790ced0df207457c2cf009d7e5c0eacb4c977f72a5a416fa611b956,85,2026-09-15T19:28:22+00:00
C.14,grafica,build/figures/C/figura_c_14.png,644164256d0317694c609b3ed9d723247ce70f79d22dbda28b229ac0019a94cc,157903,2026-09-15T19:28:23+00:00
C.14,metadatos,build/metadata/c_14.json,093859ae5c999d57967f16f0a595cce5f0d75bfa453930b8b1c70787c6a825c4,681,2026-09-15T19:28:23+00:00
C.15,dato_crudo,data/raw/crt_bit_todo_2025_q2/objects/f75ce7de02249b11d35b/CRT_BIT_TODO.zip,f75ce7de02249b11d35bed3399f7f06558f9e7a18cc9b320180acbe96027d284,1188168847,2026-09-09T22:17:06+00:00
C.15,datos_usados,reportes/20260915T192133067416Z_corrida/datos_usados/c_15_datos_usados.csv,b6f1f8b21d342dbdc6559b292389335f803c66f0c993f1464d4117368fd0ef5c,490,2026-09-15T19:28:24+00:00
C.15,texto_generado,build/text/c_15.md,e283a9630ba3df6cc598373e084e88e5aa3d4fa1a1e5200217132270617611ca,90,2026-09-15T19:28:24+00:00
C.15,texto_copia_corrida,reportes/20260915T192133067416Z_corrida/textos/c_15_parrafo.md,e283a9630ba3df6cc598373e084e88e5aa3d4fa1a1e5200217132270617611ca,90,2026-09-15T19:28:24+00:00
C.15,grafica,build/figures/C/figura_c_15.png,7d8bac588b25095f6b81c232caf7fd5006aa25873b72242d1e8b3e880bc13524,151958,2026-09-15T19:28:25+00:00
C.15,metadatos,build/metadata/c_15.json,b275c341444faf57aa4af42f0568766eab9d5260ef277a71f7461af2eaf58110,682,2026-09-15T19:28:25+00:00
C.16,dato_crudo,data/raw/crt_bit_todo_2025_q2/objects/f75ce7de02249b11d35b/CRT_BIT_TODO.zip,f75ce7de02249b11d35bed3399f7f06558f9e7a18cc9b320180acbe96027d284,1188168847,2026-09-09T22:17:06+00:00
C.16,datos_usados,reportes/20260915T192133067416Z_corrida/datos_usados/c_16_datos_usados.csv,331d1a3c1a632e089bc5654ab7877c18526148825c2d3b98b6d7794e1892cc5a,145,2026-09-15T19:28:26+00:00
C.16,texto_generado,build/text/c_16.md,47b4e1c6f0d754215b49091df7ee8fdb8b559424f69ecd3ffe970efe0c604501,86,2026-09-15T19:28:26+00:00
C.16,texto_copia_corrida,reportes/20260915T192133067416Z_corrida/textos/c_16_parrafo.md,47b4e1c6f0d754215b49091df7ee8fdb8b559424f69ecd3ffe970efe0c604501,86,2026-09-15T19:28:26+00:00
C.16,grafica,build/figures/C/figura_c_16.png,130d3ec2e85be65cfa3c2b528d5eb880a3a7714d692ad628a579f0e2763dc3c2,115439,2026-09-15T19:28:26+00:00
C.16,metadatos,build/metadata/c_16.json,3eaff6e3e5af55cb38b0b6562ed370531e3cc5654f6e18cc55393de76debe2b3,682,2026-09-15T19:28:26+00:00
D.2,dato_crudo,data/raw/inegi_endutih_2025/objects/65d219261b3890ee12ea/conjunto_de_datos_endutih_2025_csv.zip,65d219261b3890ee12eaf95cdd1185f6b7d52eefd7e698ffd335b604364fd508,8197337,2026-09-15T19:26:08+00:00
D.2,datos_usados,reportes/20260915T192133067416Z_corrida/datos_usados/d_2_datos_usados.csv,20a0705d27c7690922cc6f8fcd797bc78dbb96f2f666901fa09b20aa316d753d,478,2026-09-15T19:28:28+00:00
D.2,texto_generado,build/text/d_2.md,326ebc3574d0d2f81740ae625fdea244e39792cf57bd9d8da4563e8babee1d52,184,2026-09-15T19:28:28+00:00
D.2,texto_copia_corrida,reportes/20260915T192133067416Z_corrida/textos/d_2_parrafo.md,326ebc3574d0d2f81740ae625fdea244e39792cf57bd9d8da4563e8babee1d52,184,2026-09-15T19:28:28+00:00
D.2,grafica,build/figures/D/figura_d_2.png,e9ee4e1f0255959c11e2e0072953df5020d0bcc13b143f0e3d37f66c4cafb0fb,133308,2026-09-15T19:28:28+00:00
D.2,metadatos,build/metadata/d_2.json,2397f41860de04af8102e07dfc2d07c3dfd4ac29759de26e03a2f5d705a34b54,655,2026-09-15T19:28:28+00:00
D.3,dato_crudo,data/raw/inegi_endutih_2025/objects/65d219261b3890ee12ea/conjunto_de_datos_endutih_2025_csv.zip,65d219261b3890ee12eaf95cdd1185f6b7d52eefd7e698ffd335b604364fd508,8197337,2026-09-15T19:26:08+00:00
D.3,datos_usados,reportes/20260915T192133067416Z_corrida/datos_usados/d_3_datos_usados.csv,7b9b38d5b758a177714835da4f18be0e4c99adfe6f4bde29a466f9cbd710e5a4,398,2026-09-15T19:28:28+00:00
D.3,texto_generado,build/text/d_3.md,e64968b393b242314eb99f59f2562243d9dbcd57e8ff578f1345379c08401ce5,188,2026-09-15T19:28:28+00:00
D.3,texto_copia_corrida,reportes/20260915T192133067416Z_corrida/textos/d_3_parrafo.md,e64968b393b242314eb99f59f2562243d9dbcd57e8ff578f1345379c08401ce5,188,2026-09-15T19:28:28+00:00
D.3,grafica,build/figures/D/figura_d_3.png,57293e952d1d355d8b95e40fcf200f3f26a5251b8e937ca69b6bff36f29db259,91022,2026-09-15T19:28:29+00:00
D.3,metadatos,build/metadata/d_3.json,aef31d20f94a97aa3093b0be310468a6ffec3ba263676cbc2c7c40eed1cadf5b,660,2026-09-15T19:28:29+00:00
D.4,dato_crudo,data/raw/inegi_endutih_2025/objects/65d219261b3890ee12ea/conjunto_de_datos_endutih_2025_csv.zip,65d219261b3890ee12eaf95cdd1185f6b7d52eefd7e698ffd335b604364fd508,8197337,2026-09-15T19:26:08+00:00
D.4,datos_usados,reportes/20260915T192133067416Z_corrida/datos_usados/d_4_datos_usados.csv,4726ec3540a3f1b688e965dc1917f8123d2bbb61579bea2e4211c9a300874f08,849,2026-09-15T19:28:29+00:00
D.4,texto_generado,build/text/d_4.md,c477655812a7ca05d1b391bb50f68f684fe246adb09c1834599bc9a8d5a52736,176,2026-09-15T19:28:29+00:00
D.4,texto_copia_corrida,reportes/20260915T192133067416Z_corrida/textos/d_4_parrafo.md,c477655812a7ca05d1b391bb50f68f684fe246adb09c1834599bc9a8d5a52736,176,2026-09-15T19:28:29+00:00
D.4,grafica,build/figures/D/figura_d_4.png,309f4688ab259f644ab9c7f1d013ff8865118eb628c1e10555513d9d27217e19,141310,2026-09-15T19:28:29+00:00
D.4,metadatos,build/metadata/d_4.json,95129a8438e8f7e9671dcd62abdae3c629054d5c1c2091775940ad53984131f0,663,2026-09-15T19:28:29+00:00
D.5,dato_crudo,data/raw/ift_ecsi_2024_base/objects/8ec6a40e86c5e04989518e09b198977d5347838eb2197afe72382254b3cba18e/baseconfianzadigital.csv,8ec6a40e86c5e04989518e09b198977d5347838eb2197afe72382254b3cba18e,6194080,2026-09-14T22:56:12+00:00
D.5,datos_usados,reportes/20260915T192133067416Z_corrida/datos_usados/d_5_datos_usados.csv,356d900937a1bc1b59323409c75a743da62e85c70a5662eee92a81d874a20c1b,457,2026-09-15T19:28:30+00:00
D.5,texto_generado,build/text/d_5.md,fe17c7463c8378ec1c839f6f4c38a778c6cc177cf0ed06da9025c2d82e8b28a7,62,2026-09-15T19:28:30+00:00
D.5,texto_copia_corrida,reportes/20260915T192133067416Z_corrida/textos/d_5_parrafo.md,fe17c7463c8378ec1c839f6f4c38a778c6cc177cf0ed06da9025c2d82e8b28a7,62,2026-09-15T19:28:30+00:00
D.5,grafica,build/figures/D/figura_d_5.png,2505578fb1fda3c56b833f8164d1b0331cd1de23ac1c6ad396ce04a1b15da84e,140464,2026-09-15T19:28:30+00:00
D.5,metadatos,build/metadata/d_5.json,1f7bf06d5dc0bcfc95d9a9278a8c281483f5082e9d1c653b66cb48710fd1d6f3,683,2026-09-15T19:28:30+00:00
D.6,dato_crudo,data/raw/ift_ecsi_2024_base/objects/8ec6a40e86c5e04989518e09b198977d5347838eb2197afe72382254b3cba18e/baseconfianzadigital.csv,8ec6a40e86c5e04989518e09b198977d5347838eb2197afe72382254b3cba18e,6194080,2026-09-14T22:56:12+00:00
D.6,datos_usados,reportes/20260915T192133067416Z_corrida/datos_usados/d_6_datos_usados.csv,caa9da4174c7054366324d84f8614c0bf447bbfc3a5848aeb5ab8d17dc145f68,816,2026-09-15T19:28:30+00:00
D.6,texto_generado,build/text/d_6.md,c56d1604037208fab6b4a64b5d996af0900971dd5d7db19b7cc5e1102fb37b9d,72,2026-09-15T19:28:30+00:00
D.6,texto_copia_corrida,reportes/20260915T192133067416Z_corrida/textos/d_6_parrafo.md,c56d1604037208fab6b4a64b5d996af0900971dd5d7db19b7cc5e1102fb37b9d,72,2026-09-15T19:28:30+00:00
D.6,grafica,build/figures/D/figura_d_6.png,ba5c4862427390b51ae5892039dc2e3f2354aec9aa248d79d3b29791b71c3f2b,155039,2026-09-15T19:28:30+00:00
D.6,metadatos,build/metadata/d_6.json,19f5c30a34f9b45667f20c8625f494d953e09587e35e7d7ddae9ffbfe580adc5,652,2026-09-15T19:28:30+00:00
D.7,dato_crudo,data/raw/ift_ecsi_2024_base/objects/8ec6a40e86c5e04989518e09b198977d5347838eb2197afe72382254b3cba18e/baseconfianzadigital.csv,8ec6a40e86c5e04989518e09b198977d5347838eb2197afe72382254b3cba18e,6194080,2026-09-14T22:56:12+00:00
D.7,datos_usados,reportes/20260915T192133067416Z_corrida/datos_usados/d_7_datos_usados.csv,b15a39aec9bf7f9013075d90f5dbe910069f2ba9dee3c264e5b401e8463c4261,1343,2026-09-15T19:28:30+00:00
D.7,texto_generado,build/text/d_7.md,15b8b1019451a6463c5240e14e70dea482f1b550fd8c3abb12ec1ccc5636aac9,67,2026-09-15T19:28:31+00:00
D.7,texto_copia_corrida,reportes/20260915T192133067416Z_corrida/textos/d_7_parrafo.md,15b8b1019451a6463c5240e14e70dea482f1b550fd8c3abb12ec1ccc5636aac9,67,2026-09-15T19:28:31+00:00
D.7,grafica,build/figures/D/figura_d_7.png,7de804f838e8d4b550b4d81ac96428ae244db7ecdc252f28fd5ef82c1265e903,166251,2026-09-15T19:28:31+00:00
D.7,metadatos,build/metadata/d_7.json,e5522e49ef54592c42e2927fe2ba8c2ddc6bff0f3e73f1be8c3ec3f28e4725fc,661,2026-09-15T19:28:31+00:00
D.8,dato_crudo,data/raw/ift_ecsi_2024_base/objects/8ec6a40e86c5e04989518e09b198977d5347838eb2197afe72382254b3cba18e/baseconfianzadigital.csv,8ec6a40e86c5e04989518e09b198977d5347838eb2197afe72382254b3cba18e,6194080,2026-09-14T22:56:12+00:00
D.8,datos_usados,reportes/20260915T192133067416Z_corrida/datos_usados/d_8_datos_usados.csv,6243a831bf50e799d459148328e0518fbe3fcfd2d4074736466790d043a9026e,207,2026-09-15T19:28:31+00:00
D.8,texto_generado,build/text/d_8.md,e3e5a425feda234527d335e1446665e68a0beb6c097316428bce3d52012c0475,47,2026-09-15T19:28:31+00:00
D.8,texto_copia_corrida,reportes/20260915T192133067416Z_corrida/textos/d_8_parrafo.md,e3e5a425feda234527d335e1446665e68a0beb6c097316428bce3d52012c0475,47,2026-09-15T19:28:31+00:00
D.8,grafica,build/figures/D/figura_d_8.png,16b07878a50eece4da06a8427046f755779db372d30b527e7123dc5c9385d196,117288,2026-09-15T19:28:31+00:00
D.8,metadatos,build/metadata/d_8.json,a01fa6578c14b50441a60886b5a4adfa01d218f88c636507ed37736ca4832655,659,2026-09-15T19:28:31+00:00
D.9,dato_crudo,data/raw/ift_ecsi_2024_base/objects/8ec6a40e86c5e04989518e09b198977d5347838eb2197afe72382254b3cba18e/baseconfianzadigital.csv,8ec6a40e86c5e04989518e09b198977d5347838eb2197afe72382254b3cba18e,6194080,2026-09-14T22:56:12+00:00
D.9,datos_usados,reportes/20260915T192133067416Z_corrida/datos_usados/d_9_datos_usados.csv,aff63e85d9c9a42308bf5c905bcbfd11cdcaaf97ec1e54d8f7f496b9dfef9f9e,1152,2026-09-15T19:28:31+00:00
D.9,texto_generado,build/text/d_9.md,f01204a9c59dec87bc2b25892f6679c2b49179c2ee339b492afc9803b3b04d42,59,2026-09-15T19:28:32+00:00
D.9,texto_copia_corrida,reportes/20260915T192133067416Z_corrida/textos/d_9_parrafo.md,f01204a9c59dec87bc2b25892f6679c2b49179c2ee339b492afc9803b3b04d42,59,2026-09-15T19:28:32+00:00
D.9,grafica,build/figures/D/figura_d_9.png,c42c182a7e8ebaf2dafeae42b491f594bb1c48f284e217733ead5194fb6c931d,174513,2026-09-15T19:28:32+00:00
D.9,metadatos,build/metadata/d_9.json,66182b65f4c3546be5ba6a361c11221e4133986aa1d4fb0a94570dc3d84a924e,684,2026-09-15T19:28:32+00:00
D.10,dato_crudo,data/raw/ift_ecsi_2024_base/objects/8ec6a40e86c5e04989518e09b198977d5347838eb2197afe72382254b3cba18e/baseconfianzadigital.csv,8ec6a40e86c5e04989518e09b198977d5347838eb2197afe72382254b3cba18e,6194080,2026-09-14T22:56:12+00:00
D.10,datos_usados,reportes/20260915T192133067416Z_corrida/datos_usados/d_10_datos_usados.csv,43e052be90c1058df466f19a3ff8d9ce36f2c1e3d6efa2cdd5d4d00ea7a55701,1143,2026-09-15T19:28:32+00:00
D.10,texto_generado,build/text/d_10.md,310a8e05e3fd569511162edb460334a6ba8656db89fa96d40b29ff55693a369e,59,2026-09-15T19:28:32+00:00
D.10,texto_copia_corrida,reportes/20260915T192133067416Z_corrida/textos/d_10_parrafo.md,310a8e05e3fd569511162edb460334a6ba8656db89fa96d40b29ff55693a369e,59,2026-09-15T19:28:32+00:00
D.10,grafica,build/figures/D/figura_d_10.png,75dd4158764be975f1c72c51578af256420770f4821b01e14f7ff64eafa02018,170922,2026-09-15T19:28:32+00:00
D.10,metadatos,build/metadata/d_10.json,ba31c9379cb2662309d9a470843861853e1377d98e7c0a5fd73e3b1788feb6b8,682,2026-09-15T19:28:32+00:00
D.11,dato_crudo,data/raw/ift_ecsi_2024_base/objects/8ec6a40e86c5e04989518e09b198977d5347838eb2197afe72382254b3cba18e/baseconfianzadigital.csv,8ec6a40e86c5e04989518e09b198977d5347838eb2197afe72382254b3cba18e,6194080,2026-09-14T22:56:12+00:00
D.11,datos_usados,reportes/20260915T192133067416Z_corrida/datos_usados/d_11_datos_usados.csv,58662c318bcc10b1c6b33bee6f05d2da79d4f0455eecce966807f4fceebc9122,599,2026-09-15T19:28:32+00:00
D.11,texto_generado,build/text/d_11.md,24987c32eb406987b5af2e22f9bab6e2337ac80d4f965738ba784adfb32b1794,56,2026-09-15T19:28:33+00:00
D.11,texto_copia_corrida,reportes/20260915T192133067416Z_corrida/textos/d_11_parrafo.md,24987c32eb406987b5af2e22f9bab6e2337ac80d4f965738ba784adfb32b1794,56,2026-09-15T19:28:33+00:00
D.11,grafica,build/figures/D/figura_d_11.png,662c32c4a28ea696a230af7f939b0cc22f1c4e6bb2211b5184040c5b61e8e424,160533,2026-09-15T19:28:33+00:00
D.11,metadatos,build/metadata/d_11.json,54352b1390b3b3b0aa188ff668922a55dabbaf2aa788d31f7f8addcf8524bfcf,690,2026-09-15T19:28:33+00:00
E.1,dato_crudo,data/raw/ift_tercera_encuesta_usuarios_2023_base/objects/21d45976f4f1dede6c3b/bd3erencuesta2023.zip,21d45976f4f1dede6c3b883ac9a7d2a3fed0b8ab3d64f9b41c1e0641ad639d43,16211058,2026-09-15T19:28:34+00:00
E.1,dato_crudo,data/raw/ift_segunda_encuesta_usuarios_2025/objects/cf75332641d2ff2321e0/basesdedatossegundaencuesta2025.zip,cf75332641d2ff2321e06504dc077372c4f3082808e59c44fe5046275f707119,38230965,2026-09-15T19:29:01+00:00
E.1,datos_usados,reportes/20260915T192133067416Z_corrida/datos_usados/e_1_datos_usados.csv,497e05d3b5596865c233900fe994e34c5223e115f219e182e28430525a8c03b3,191,2026-09-15T19:29:50+00:00
E.1,datos_usados,reportes/20260915T192133067416Z_corrida/datos_usados/e_1_validacion_historica.csv,1e79b1bf3bfadc8aa65cff2405518dac812915e265ab5a4e750d469f3a79eb6f,191,2026-09-15T19:29:50+00:00
E.1,texto_generado,build/text/e_1.md,17355172c9975d6bde1fd650d60e2d4cfea62a27f3ad9dbb51d031777fc8f5cb,115,2026-09-15T19:29:50+00:00
E.1,texto_copia_corrida,reportes/20260915T192133067416Z_corrida/textos/e_1_parrafo.md,17355172c9975d6bde1fd650d60e2d4cfea62a27f3ad9dbb51d031777fc8f5cb,115,2026-09-15T19:29:50+00:00
E.1,grafica,build/figures/E/figura_e_1.png,f35e11942eaf4f2c4569c5c3dc80665df9c38fe98f7c10bb3111cdb34f5c825e,100423,2026-09-15T19:29:50+00:00
E.1,metadatos,build/metadata/e_1.json,ec0e374710e9f6d73cff54f96adb9d4cf26292202637efe723a4d18289082171,675,2026-09-15T19:29:50+00:00
E.2,dato_crudo,data/raw/ift_estudio_ia_chatgpt_2023/objects/2dc6ebb00006cc65241c/estudiodeiaychatgpt2023_0.pdf,2dc6ebb00006cc65241c6fc2ee8819aca65f8edcfb5f832a9f1082fd7cb653a3,74308930,2026-09-15T19:29:55+00:00
E.2,datos_usados,reportes/20260915T192133067416Z_corrida/datos_usados/e_2_datos_usados.csv,65dbcb0caa2bde69c127a79e5b318642303a145af77c8080235c5042ced33697,1053,2026-09-15T19:29:56+00:00
E.2,texto_generado,build/text/e_2.md,16fedb6135c322f279e4523df4fd32be2d1247af9b17e487d11ca2a10e2ff082,144,2026-09-15T19:29:56+00:00
E.2,texto_copia_corrida,reportes/20260915T192133067416Z_corrida/textos/e_2_parrafo.md,16fedb6135c322f279e4523df4fd32be2d1247af9b17e487d11ca2a10e2ff082,144,2026-09-15T19:29:56+00:00
E.2,grafica,build/figures/E/figura_e_2.png,8d4a1dbd6a27cfc18b8b09aabaafd72ecc7df97cac483a161eaf5da2f0820ef1,249072,2026-09-15T19:29:56+00:00
E.2,metadatos,build/metadata/e_2.json,1f566a5a5b956d460d668fa9b01c2425ed47e7495127ae0357112d9340abf7dc,669,2026-09-15T19:29:56+00:00
E.3,dato_crudo,data/raw/ift_mipymes_2022_base/objects/8cdcfb71839a05ac1597a1899a2eef7dfdd91f29cb19545c346878df279daa3f/bd4taencuesta2022.zip,8cdcfb71839a05ac1597a1899a2eef7dfdd91f29cb19545c346878df279daa3f,2263587,2026-09-15T15:46:57+00:00
E.3,dato_crudo,data/raw/ift_mipymes_2023_base/objects/e9f318c2f6a57c9dd73f91b80678c2daecfb54f85d65288e268b67c994c39324/bd4taencuesta2023.zip,e9f318c2f6a57c9dd73f91b80678c2daecfb54f85d65288e268b67c994c39324,3443995,2026-09-15T15:47:02+00:00
E.3,dato_crudo,data/raw/ift_mipymes_2024_base/objects/831c2b6c2a0f549abec6/basededatoscuartaencuesta2024mipymes.zip,831c2b6c2a0f549abec65144ed6268c4cbf6223bdb76cb8a98a9d5e159230467,3941975,2026-09-15T19:30:06+00:00
E.3,datos_usados,reportes/20260915T192133067416Z_corrida/datos_usados/e_3_datos_usados.csv,bcbdf614929c1094074eb4b450cd40f643e98df8866119bfd70ff7d00f4f5cfe,587,2026-09-15T19:30:12+00:00
E.3,texto_generado,build/text/e_3.md,a63fb76ec05746b6899985cfbe18b5cceb4cbe98aa6aaca347d483ec57cd4e2e,82,2026-09-15T19:30:12+00:00
E.3,texto_copia_corrida,reportes/20260915T192133067416Z_corrida/textos/e_3_parrafo.md,a63fb76ec05746b6899985cfbe18b5cceb4cbe98aa6aaca347d483ec57cd4e2e,82,2026-09-15T19:30:12+00:00
E.3,grafica,build/figures/E/figura_e_3.png,8dfd114756a5ea4db6900ebe77f3133b6a7dd67df3a49ab04c2e98d66fd8c6e8,124611,2026-09-15T19:30:13+00:00
E.3,metadatos,build/metadata/e_3.json,b1ad261007d7eefa6b1698a582d8ecca746f15695187d1dedbf4ff24a08e2906,675,2026-09-15T19:30:13+00:00
E.4,dato_crudo,data/raw/ift_mipymes_2023_base/objects/e9f318c2f6a57c9dd73f91b80678c2daecfb54f85d65288e268b67c994c39324/bd4taencuesta2023.zip,e9f318c2f6a57c9dd73f91b80678c2daecfb54f85d65288e268b67c994c39324,3443995,2026-09-15T15:47:02+00:00
E.4,dato_crudo,data/raw/ift_mipymes_2024_base/objects/831c2b6c2a0f549abec6/basededatoscuartaencuesta2024mipymes.zip,831c2b6c2a0f549abec65144ed6268c4cbf6223bdb76cb8a98a9d5e159230467,3941975,2026-09-15T19:30:06+00:00
E.4,datos_usados,reportes/20260915T192133067416Z_corrida/datos_usados/e_4_datos_usados.csv,59597fa8491ec223d694378c1ce0305e99443e3973d2cfc078e17a1908efda36,1602,2026-09-15T19:30:24+00:00
E.4,texto_generado,build/text/e_4.md,8854cc05fd131c56681791ee0d965ff3d6c400bd44ed0f414a81bdafe7d2280e,76,2026-09-15T19:30:25+00:00
E.4,texto_copia_corrida,reportes/20260915T192133067416Z_corrida/textos/e_4_parrafo.md,8854cc05fd131c56681791ee0d965ff3d6c400bd44ed0f414a81bdafe7d2280e,76,2026-09-15T19:30:25+00:00
E.4,grafica,build/figures/E/figura_e_4.png,e96d10b685320cf379a54dca6ca457d135ec34c33cf96e676b7a8ec251abf15a,150622,2026-09-15T19:30:25+00:00
E.4,metadatos,build/metadata/e_4.json,9840a6f76988c0bcc8e3c46477a6b2a4d696eddebdbaeebe8d4f2a64523e9c8f,668,2026-09-15T19:30:25+00:00
E.5,dato_crudo,data/raw/ift_mipymes_2023_base/objects/e9f318c2f6a57c9dd73f91b80678c2daecfb54f85d65288e268b67c994c39324/bd4taencuesta2023.zip,e9f318c2f6a57c9dd73f91b80678c2daecfb54f85d65288e268b67c994c39324,3443995,2026-09-15T15:47:02+00:00
E.5,dato_crudo,data/raw/ift_mipymes_2024_base/objects/831c2b6c2a0f549abec6/basededatoscuartaencuesta2024mipymes.zip,831c2b6c2a0f549abec65144ed6268c4cbf6223bdb76cb8a98a9d5e159230467,3941975,2026-09-15T19:30:06+00:00
E.5,datos_usados,reportes/20260915T192133067416Z_corrida/datos_usados/e_5_datos_usados.csv,864a4e9ef01eb45ffe5a677c07336951e93556c5f3afcd22b2cbaca875055f55,3674,2026-09-15T19:30:35+00:00
E.5,texto_generado,build/text/e_5.md,44d848da9ec7e89eba3fd304eb118169f16fd5b40b5ea143926bfc2c8c19676f,103,2026-09-15T19:30:35+00:00
E.5,texto_copia_corrida,reportes/20260915T192133067416Z_corrida/textos/e_5_parrafo.md,44d848da9ec7e89eba3fd304eb118169f16fd5b40b5ea143926bfc2c8c19676f,103,2026-09-15T19:30:35+00:00
E.5,grafica,build/figures/E/figura_e_5.png,1a11bf4fc5369418596bc0ad84afeafb3cda3a50b2d380b470c18eba01cb84d3,173328,2026-09-15T19:30:36+00:00
E.5,metadatos,build/metadata/e_5.json,762bb2141c8c4bc91f7e1726cacd4856316b0eab1822d95ed55b8de03ffdf6cd,669,2026-09-15T19:30:36+00:00
E.6,dato_crudo,data/raw/ift_mipymes_2024_base/objects/831c2b6c2a0f549abec6/basededatoscuartaencuesta2024mipymes.zip,831c2b6c2a0f549abec65144ed6268c4cbf6223bdb76cb8a98a9d5e159230467,3941975,2026-09-15T19:30:06+00:00
E.6,datos_usados,reportes/20260915T192133067416Z_corrida/datos_usados/e_6_datos_usados.csv,25f7f4f1c903180cc15105cdca43545c46c19aa17ab8f2ffb1480393da1f4959,1018,2026-09-15T19:30:40+00:00
E.6,texto_generado,build/text/e_6.md,db5b84b154a2446cdbf47d2e533a76894000b04930305bd65d4529233f3066d8,72,2026-09-15T19:30:41+00:00
E.6,texto_copia_corrida,reportes/20260915T192133067416Z_corrida/textos/e_6_parrafo.md,db5b84b154a2446cdbf47d2e533a76894000b04930305bd65d4529233f3066d8,72,2026-09-15T19:30:41+00:00
E.6,grafica,build/figures/E/figura_e_6.png,6892c7e8ecf9ba40ceb25cdfe7739cd84d1c5265d99f028232600ed4a96bd8f3,169406,2026-09-15T19:30:41+00:00
E.6,metadatos,build/metadata/e_6.json,b4a030ba1e94b0b3bc8952cf0a223aa02f1c6e9edced813d74697af48473978d,652,2026-09-15T19:30:41+00:00
E.7,dato_crudo,data/raw/ift_mipymes_2023_base/objects/e9f318c2f6a57c9dd73f91b80678c2daecfb54f85d65288e268b67c994c39324/bd4taencuesta2023.zip,e9f318c2f6a57c9dd73f91b80678c2daecfb54f85d65288e268b67c994c39324,3443995,2026-09-15T15:47:02+00:00
E.7,dato_crudo,data/raw/ift_mipymes_2024_base/objects/831c2b6c2a0f549abec6/basededatoscuartaencuesta2024mipymes.zip,831c2b6c2a0f549abec65144ed6268c4cbf6223bdb76cb8a98a9d5e159230467,3941975,2026-09-15T19:30:06+00:00
E.7,datos_usados,reportes/20260915T192133067416Z_corrida/datos_usados/e_7_datos_usados.csv,ba8658da25ea2b855f9b863b992c6712d34b2c49788633b8d70f041cac5e3b8a,2915,2026-09-15T19:30:52+00:00
E.7,texto_generado,build/text/e_7.md,ce731505cf138ce7c786bd499c1f24285f872b0ceb4657ee520c455f95ba176c,96,2026-09-15T19:30:53+00:00
E.7,texto_copia_corrida,reportes/20260915T192133067416Z_corrida/textos/e_7_parrafo.md,ce731505cf138ce7c786bd499c1f24285f872b0ceb4657ee520c455f95ba176c,96,2026-09-15T19:30:53+00:00
E.7,grafica,build/figures/E/figura_e_7.png,c45ea980894bd87a4ced4de51b9ced10db3b966f3f77763c0c36f860c7c9f162,207508,2026-09-15T19:30:54+00:00
E.7,metadatos,build/metadata/e_7.json,2fe0e006b48d6708b27a13481a5e4a75feca5e09d3d30fcffe832e466b926c77,648,2026-09-15T19:30:54+00:00
E.8,dato_crudo,data/raw/ift_mipymes_2023_base/objects/e9f318c2f6a57c9dd73f91b80678c2daecfb54f85d65288e268b67c994c39324/bd4taencuesta2023.zip,e9f318c2f6a57c9dd73f91b80678c2daecfb54f85d65288e268b67c994c39324,3443995,2026-09-15T15:47:02+00:00
E.8,dato_crudo,data/raw/ift_mipymes_2024_base/objects/831c2b6c2a0f549abec6/basededatoscuartaencuesta2024mipymes.zip,831c2b6c2a0f549abec65144ed6268c4cbf6223bdb76cb8a98a9d5e159230467,3941975,2026-09-15T19:30:06+00:00
E.8,datos_usados,reportes/20260915T192133067416Z_corrida/datos_usados/e_8_datos_usados.csv,1d848d45b5d5ad2161936bb0582d4effbe3a41290b7241a80f9f855f0ee099c6,1079,2026-09-15T19:31:05+00:00
E.8,texto_generado,build/text/e_8.md,39823bdbded5d37414f9b0ccff813ace0c455b3f14d1d2102feb5e43eb614390,89,2026-09-15T19:31:05+00:00
E.8,texto_copia_corrida,reportes/20260915T192133067416Z_corrida/textos/e_8_parrafo.md,39823bdbded5d37414f9b0ccff813ace0c455b3f14d1d2102feb5e43eb614390,89,2026-09-15T19:31:05+00:00
E.8,grafica,build/figures/E/figura_e_8.png,98176d3992bc3b67cb47c3efbff485814880ae855c54f61fc92d26ca64bf1842,192282,2026-09-15T19:31:05+00:00
E.8,metadatos,build/metadata/e_8.json,b27a6bf894215646b66eb193d828950eb72d00725c527c387f93d6f5a09e8e62,656,2026-09-15T19:31:05+00:00
E.9,dato_crudo,data/raw/ift_mipymes_impexp_2022_base/objects/2405c1df64b0b325e39f53f5d34633b8fd692d0a7d926d760c08a32e31e8f7a4/bdmipymesimpexp2022.zip,2405c1df64b0b325e39f53f5d34633b8fd692d0a7d926d760c08a32e31e8f7a4,754730,2026-09-15T16:04:45+00:00
E.9,datos_usados,reportes/20260915T192133067416Z_corrida/datos_usados/e_9_datos_usados.csv,a6235393711c2bd7dd2606506f67ace08c4181e9a155990aec231e32f830af01,274,2026-09-15T19:31:06+00:00
E.9,texto_generado,build/text/e_9.md,571c3a01b89b9c78d54f44ecd9956a0b247762026d67390bc19fb05460fdf64b,137,2026-09-15T19:31:06+00:00
E.9,texto_copia_corrida,reportes/20260915T192133067416Z_corrida/textos/e_9_parrafo.md,571c3a01b89b9c78d54f44ecd9956a0b247762026d67390bc19fb05460fdf64b,137,2026-09-15T19:31:06+00:00
E.9,grafica,build/figures/E/figura_e_9.png,1074a8c73b045081b6e9a5f803422336a50ddda4ea0bb1baf98fca9047f05f5a,133632,2026-09-15T19:31:07+00:00
E.9,metadatos,build/metadata/e_9.json,0f0c9506b97db9a8bbfa91d10a94ae3df1bcc9417bac2e12ebbfcbaf6836d7a4,697,2026-09-15T19:31:07+00:00
F.1.1,dato_crudo,data/raw/inegi_endutih_2023_reference/objects/e3f5bdb2346423085c71/conjunto_de_datos_endutih_2023_csv.zip,e3f5bdb2346423085c717f1749b5a0be32b60601355925f0ad3e2efaf5e307d3,10523041,2026-09-15T19:31:14+00:00
F.1.1,dato_crudo,data/raw/inegi_endutih_2025/objects/65d219261b3890ee12ea/conjunto_de_datos_endutih_2025_csv.zip,65d219261b3890ee12eaf95cdd1185f6b7d52eefd7e698ffd335b604364fd508,8197337,2026-09-15T19:26:08+00:00
F.1.1,datos_usados,reportes/20260915T192133067416Z_corrida/datos_usados/f_1_1_datos_usados.csv,ee653ad9b1174ecc58b00875c20f150044f93aa8e5c7910196e1c6cc1fc9d4f4,2029,2026-09-15T19:31:15+00:00
F.1.1,texto_generado,build/text/f_1_1.md,8f5dafe8bb796f762c8678ad0d07cf0230baa819a335ab682b3f71f4ea81cb13,218,2026-09-15T19:31:15+00:00
F.1.1,texto_copia_corrida,reportes/20260915T192133067416Z_corrida/textos/f_1_1_parrafo.md,8f5dafe8bb796f762c8678ad0d07cf0230baa819a335ab682b3f71f4ea81cb13,218,2026-09-15T19:31:15+00:00
F.1.1,grafica,build/figures/F/figura_f_1_1.png,6c19561de70d84412fed45ac73eb78bd52bc1dc29e359de29bc6e26ee4d5a37d,259866,2026-09-15T19:31:15+00:00
F.1.1,metadatos,build/metadata/f_1_1.json,2caf1e4bb11f7542b8d26b9c49e7ac6fcf1b8e3aa11400cf312de3650d3be003,911,2026-09-15T19:31:15+00:00
F.1.2,dato_crudo,data/raw/inegi_endutih_2023_reference/objects/e3f5bdb2346423085c71/conjunto_de_datos_endutih_2023_csv.zip,e3f5bdb2346423085c717f1749b5a0be32b60601355925f0ad3e2efaf5e307d3,10523041,2026-09-15T19:31:14+00:00
F.1.2,dato_crudo,data/raw/inegi_endutih_2025/objects/65d219261b3890ee12ea/conjunto_de_datos_endutih_2025_csv.zip,65d219261b3890ee12eaf95cdd1185f6b7d52eefd7e698ffd335b604364fd508,8197337,2026-09-15T19:26:08+00:00
F.1.2,datos_usados,reportes/20260915T192133067416Z_corrida/datos_usados/f_1_2_datos_usados.csv,c26fed4e6069bb1f467d399e978ef0da8e1375a15f8aa2e9a879a3a9f637a8c4,2659,2026-09-15T19:31:17+00:00
F.1.2,texto_generado,build/text/f_1_2.md,167381a935aa1b1fec160c62b4cf735caf21f8a928641779df86a4ad912aea32,228,2026-09-15T19:31:17+00:00
F.1.2,texto_copia_corrida,reportes/20260915T192133067416Z_corrida/textos/f_1_2_parrafo.md,167381a935aa1b1fec160c62b4cf735caf21f8a928641779df86a4ad912aea32,228,2026-09-15T19:31:17+00:00
F.1.2,grafica,build/figures/F/figura_f_1_2.png,cafa371c821d15972cf09d7e8f048e2c907f193c995b7f3aafbe4d5a096c3a0e,280657,2026-09-15T19:31:17+00:00
F.1.2,metadatos,build/metadata/f_1_2.json,26e27b4f2c70a840badb7642e60b33b3f805c378b977be415bd5c6484b49d33e,884,2026-09-15T19:31:17+00:00
F.1.3,dato_crudo,data/raw/inegi_endutih_2023_reference/objects/e3f5bdb2346423085c71/conjunto_de_datos_endutih_2023_csv.zip,e3f5bdb2346423085c717f1749b5a0be32b60601355925f0ad3e2efaf5e307d3,10523041,2026-09-15T19:31:14+00:00
F.1.3,dato_crudo,data/raw/inegi_endutih_2024_reference/objects/d29393ac2737d8301e6d/conjunto_de_datos_endutih_2024_csv.zip,d29393ac2737d8301e6d60893206d45e46cd7d87c796bf2aa561d22f5bc9ae86,8670951,2026-09-15T19:31:27+00:00
F.1.3,dato_crudo,data/raw/inegi_endutih_2025/objects/65d219261b3890ee12ea/conjunto_de_datos_endutih_2025_csv.zip,65d219261b3890ee12eaf95cdd1185f6b7d52eefd7e698ffd335b604364fd508,8197337,2026-09-15T19:26:08+00:00
F.1.3,datos_usados,reportes/20260915T192133067416Z_corrida/datos_usados/f_1_3_datos_usados.csv,caec6b0a7c4f489a423ee313c7a09a1fdfa3a0c90f85088898f49e2089e14b21,2114,2026-09-15T19:31:29+00:00
F.1.3,texto_generado,build/text/f_1_3.md,61ccfc29a82081f4b29de923e53a790b239f9cd5681a792c188250616ed632ec,227,2026-09-15T19:31:29+00:00
F.1.3,texto_copia_corrida,reportes/20260915T192133067416Z_corrida/textos/f_1_3_parrafo.md,61ccfc29a82081f4b29de923e53a790b239f9cd5681a792c188250616ed632ec,227,2026-09-15T19:31:29+00:00
F.1.3,grafica,build/figures/F/figura_f_1_3.png,eab3d0295f752410e770d655e1c8e074c7fccc2b0d5d256c1aab13ab4873d2a6,275583,2026-09-15T19:31:29+00:00
F.1.3,metadatos,build/metadata/f_1_3.json,47d0749882f40ad575aed4585ffb0d6e6ccdbe10a8c60a407be7de9574bf2bda,1042,2026-09-15T19:31:29+00:00
F.1.4,dato_crudo,data/raw/inegi_endutih_2023_reference/objects/e3f5bdb2346423085c71/conjunto_de_datos_endutih_2023_csv.zip,e3f5bdb2346423085c717f1749b5a0be32b60601355925f0ad3e2efaf5e307d3,10523041,2026-09-15T19:31:14+00:00
F.1.4,dato_crudo,data/raw/inegi_endutih_2025/objects/65d219261b3890ee12ea/conjunto_de_datos_endutih_2025_csv.zip,65d219261b3890ee12eaf95cdd1185f6b7d52eefd7e698ffd335b604364fd508,8197337,2026-09-15T19:26:08+00:00
F.1.4,datos_usados,reportes/20260915T192133067416Z_corrida/datos_usados/f_1_4_datos_usados.csv,07f1bb47d3b75ba61160828ee63cab1b5c2f4f7c7bad407bb011066f1f4bc8f7,1926,2026-09-15T19:31:31+00:00
F.1.4,texto_generado,build/text/f_1_4.md,b8877132c24794065af03c7711f423738b25029c53c6a0affd31adfc38a8db13,203,2026-09-15T19:31:31+00:00
F.1.4,texto_copia_corrida,reportes/20260915T192133067416Z_corrida/textos/f_1_4_parrafo.md,b8877132c24794065af03c7711f423738b25029c53c6a0affd31adfc38a8db13,203,2026-09-15T19:31:31+00:00
F.1.4,grafica,build/figures/F/figura_f_1_4.png,a22d8cf116c133b183d44aa139bf5637bbe1cc9d047108046e1a8d313c6f09dd,244359,2026-09-15T19:31:31+00:00
F.1.4,metadatos,build/metadata/f_1_4.json,7e69c0a214a68ae0ae98cad6d440171202ce42046a94a42c3f7d3b41048cc07d,828,2026-09-15T19:31:31+00:00
F.2,dato_crudo,data/raw/inegi_enoe_a2/enoe_2024_trim2_csv.zip,13922f8902f587939145e0302ec8e6e5fa9fb0df4207229f7447deaaab96e285,31773308,2026-08-31T22:23:40+00:00
F.2,dato_crudo,data/raw/inegi_enoe_a2/enoe_2026_trim2_csv.zip,020811fa989a3e4e3e0daae39b32df6bb055f3ca59653b76ecc454f9b231d91e,35213597,2026-09-09T20:26:26+00:00
F.2,datos_usados,reportes/20260915T192133067416Z_corrida/datos_usados/f_2_datos_usados.csv,2d07bdc0928267c24774594ae45e6ad1cf7e78ee4279720d365c4e34718ba00d,240,2026-09-15T19:31:48+00:00
F.2,texto_generado,build/text/f_2.md,3ad704f25814246652748398a00487edae68d0b9a38cdc500a1b11ecc4a3a6dd,163,2026-09-15T19:31:48+00:00
F.2,texto_copia_corrida,reportes/20260915T192133067416Z_corrida/textos/f_2_parrafo.md,3ad704f25814246652748398a00487edae68d0b9a38cdc500a1b11ecc4a3a6dd,163,2026-09-15T19:31:48+00:00
F.2,grafica,build/figures/F/figura_f_2.png,ffbedc3ba19589ceccfc5564465464fd552ba124cc8fc0cc138fc60efb79301f,181198,2026-09-15T19:31:48+00:00
F.2,metadatos,build/metadata/f_2.json,51e01d1ca84defb374581da40450572086e3f017804ed03d9efc24081e3694bc,764,2026-09-15T19:31:48+00:00
F.3,dato_crudo,data/raw/inegi_mociba_2024_reference/objects/105e2e266134be538d33b5685e24bd41247eec5156f27b11ada7a3bb50f0a7ab/mociba2024_bd_csv.zip,105e2e266134be538d33b5685e24bd41247eec5156f27b11ada7a3bb50f0a7ab,1500882,2026-09-14T22:09:07+00:00
F.3,dato_crudo,data/raw/inegi_mociba_2025/objects/bc700919a67ae2ced10abdda770cc2262414a8a70d4f510f3c2cd0a67ef3a39d/mociba2025_bd_csv.zip,bc700919a67ae2ced10abdda770cc2262414a8a70d4f510f3c2cd0a67ef3a39d,1541603,2026-09-14T22:09:09+00:00
F.3,datos_usados,reportes/20260915T192133067416Z_corrida/datos_usados/f_3_datos_usados.csv,0758e19b03f1d49b2506061a6dcf72f1e91fbccb164a6d1a17bc9421d066f072,1513,2026-09-15T19:31:50+00:00
F.3,texto_generado,build/text/f_3.md,e485f2c228a57ec8ec9578ad23136524a9867bd9d62fdd8cffd6005ad3da5836,150,2026-09-15T19:31:50+00:00
F.3,texto_copia_corrida,reportes/20260915T192133067416Z_corrida/textos/f_3_parrafo.md,e485f2c228a57ec8ec9578ad23136524a9867bd9d62fdd8cffd6005ad3da5836,150,2026-09-15T19:31:50+00:00
F.3,grafica,build/figures/F/figura_f_3.png,dcd0151a7a8e060c39b30dd831d85d96ec6e54485342b17175e0961466e3713e,213528,2026-09-15T19:31:51+00:00
F.3,metadatos,build/metadata/f_3.json,560a794a7be5d82c71c676d6bb05a1ddf841ca6e0b8be75074f6b91021bfe242,736,2026-09-15T19:31:51+00:00
F.4,dato_crudo,data/raw/inegi_mociba_2024_reference/objects/105e2e266134be538d33b5685e24bd41247eec5156f27b11ada7a3bb50f0a7ab/mociba2024_bd_csv.zip,105e2e266134be538d33b5685e24bd41247eec5156f27b11ada7a3bb50f0a7ab,1500882,2026-09-14T22:09:07+00:00
F.4,dato_crudo,data/raw/inegi_mociba_2025/objects/bc700919a67ae2ced10abdda770cc2262414a8a70d4f510f3c2cd0a67ef3a39d/mociba2025_bd_csv.zip,bc700919a67ae2ced10abdda770cc2262414a8a70d4f510f3c2cd0a67ef3a39d,1541603,2026-09-14T22:09:09+00:00
F.4,datos_usados,reportes/20260915T192133067416Z_corrida/datos_usados/f_4_datos_usados.csv,d101c368f5d3537c1a8b13342a53f4be63d131a2bf331b8a17c6491a02058e8a,1879,2026-09-15T19:31:53+00:00
F.4,texto_generado,build/text/f_4.md,bf46fc2ae73f6592222f9a4935d79a0ece34326297dabad8e982a95a325afbcc,121,2026-09-15T19:31:53+00:00
F.4,texto_copia_corrida,reportes/20260915T192133067416Z_corrida/textos/f_4_parrafo.md,bf46fc2ae73f6592222f9a4935d79a0ece34326297dabad8e982a95a325afbcc,121,2026-09-15T19:31:53+00:00
F.4,grafica,build/figures/F/figura_f_4.png,65af06cb1f999003e9352b86686119252bf8429f00241604cd68bee8915676ae,227382,2026-09-15T19:31:53+00:00
F.4,metadatos,build/metadata/f_4.json,17d4e2f6aebd18d2cbf7ba04b11795d657b4c8d3ccf0f1f24fc755e5919a7b89,743,2026-09-15T19:31:53+00:00
F.5,dato_crudo,data/raw/inegi_mociba_2024_reference/objects/105e2e266134be538d33b5685e24bd41247eec5156f27b11ada7a3bb50f0a7ab/mociba2024_bd_csv.zip,105e2e266134be538d33b5685e24bd41247eec5156f27b11ada7a3bb50f0a7ab,1500882,2026-09-14T22:09:07+00:00
F.5,dato_crudo,data/raw/inegi_mociba_2025/objects/bc700919a67ae2ced10abdda770cc2262414a8a70d4f510f3c2cd0a67ef3a39d/mociba2025_bd_csv.zip,bc700919a67ae2ced10abdda770cc2262414a8a70d4f510f3c2cd0a67ef3a39d,1541603,2026-09-14T22:09:09+00:00
F.5,datos_usados,reportes/20260915T192133067416Z_corrida/datos_usados/f_5_datos_usados.csv,478a4e69e088cd35c715536e462ee94bc5d958af0a0cd7c2a3cd2ad8368be8e3,407,2026-09-15T19:31:55+00:00
F.5,texto_generado,build/text/f_5.md,1ccba3f9c9fbf608cb4b02e78630ba973e1c04935fc3a706dd28e3c60492e24a,147,2026-09-15T19:31:55+00:00
F.5,texto_copia_corrida,reportes/20260915T192133067416Z_corrida/textos/f_5_parrafo.md,1ccba3f9c9fbf608cb4b02e78630ba973e1c04935fc3a706dd28e3c60492e24a,147,2026-09-15T19:31:55+00:00
F.5,grafica,build/figures/F/figura_f_5.png,f85abcfa768d1a0de15969b10e283d4226e858ee80e30d59760282f6467418eb,136443,2026-09-15T19:31:55+00:00
F.5,metadatos,build/metadata/f_5.json,f0903c537d9dc029e5f136a85ebb8f77bf3031be01275e27f66e8ffdc6656371,718,2026-09-15T19:31:55+00:00
F.6,dato_crudo,data/raw/inegi_mociba_2024_reference/objects/105e2e266134be538d33b5685e24bd41247eec5156f27b11ada7a3bb50f0a7ab/mociba2024_bd_csv.zip,105e2e266134be538d33b5685e24bd41247eec5156f27b11ada7a3bb50f0a7ab,1500882,2026-09-14T22:09:07+00:00
F.6,dato_crudo,data/raw/inegi_mociba_2025/objects/bc700919a67ae2ced10abdda770cc2262414a8a70d4f510f3c2cd0a67ef3a39d/mociba2025_bd_csv.zip,bc700919a67ae2ced10abdda770cc2262414a8a70d4f510f3c2cd0a67ef3a39d,1541603,2026-09-14T22:09:09+00:00
F.6,datos_usados,reportes/20260915T192133067416Z_corrida/datos_usados/f_6_datos_usados.csv,2c4bc09029d4ca5b014147e293480d57b82f888fa5c76fb95cdd20bd690f3bd9,1075,2026-09-15T19:31:57+00:00
F.6,texto_generado,build/text/f_6.md,605e46a66877307bc5db69421246e009c46efb289f634a2c5bb515014f5503ec,164,2026-09-15T19:31:57+00:00
F.6,texto_copia_corrida,reportes/20260915T192133067416Z_corrida/textos/f_6_parrafo.md,605e46a66877307bc5db69421246e009c46efb289f634a2c5bb515014f5503ec,164,2026-09-15T19:31:57+00:00
F.6,grafica,build/figures/F/figura_f_6.png,03d8d537c20e75b857b489d46ff09c24a456f69d711a27544e1f4f97b4065463,200228,2026-09-15T19:31:58+00:00
F.6,metadatos,build/metadata/f_6.json,984a8552ade84328912435d00b7d48d53f38bf382819f322227c16b335fb0c76,715,2026-09-15T19:31:58+00:00
F.7,dato_crudo,data/raw/inegi_mociba_2024_reference/objects/105e2e266134be538d33b5685e24bd41247eec5156f27b11ada7a3bb50f0a7ab/mociba2024_bd_csv.zip,105e2e266134be538d33b5685e24bd41247eec5156f27b11ada7a3bb50f0a7ab,1500882,2026-09-14T22:09:07+00:00
F.7,dato_crudo,data/raw/inegi_mociba_2025/objects/bc700919a67ae2ced10abdda770cc2262414a8a70d4f510f3c2cd0a67ef3a39d/mociba2025_bd_csv.zip,bc700919a67ae2ced10abdda770cc2262414a8a70d4f510f3c2cd0a67ef3a39d,1541603,2026-09-14T22:09:09+00:00
F.7,datos_usados,reportes/20260915T192133067416Z_corrida/datos_usados/f_7_datos_usados.csv,4af95d7204c3024b696bf43f17600f0366446528aebdf0463b6835c657e79f9c,812,2026-09-15T19:31:59+00:00
F.7,texto_generado,build/text/f_7.md,afbb59000404e9d34b66bd01d7be70d679fb6dd59e7eb492e0952ff4dba5ab55,161,2026-09-15T19:31:59+00:00
F.7,texto_copia_corrida,reportes/20260915T192133067416Z_corrida/textos/f_7_parrafo.md,afbb59000404e9d34b66bd01d7be70d679fb6dd59e7eb492e0952ff4dba5ab55,161,2026-09-15T19:31:59+00:00
F.7,grafica,build/figures/F/figura_f_7.png,94f0a3cb5f9b1ae1651dddd4534eb559674ad2c860d5719fd9f56d0e2d802d01,185340,2026-09-15T19:32:00+00:00
F.7,metadatos,build/metadata/f_7.json,259d39b6b9167c747d1ae09d00520dc0cae503e03bd11fd5ba08c1c8afc839e3,717,2026-09-15T19:32:00+00:00
F.8,dato_crudo,data/raw/inegi_mociba_2024_reference/objects/105e2e266134be538d33b5685e24bd41247eec5156f27b11ada7a3bb50f0a7ab/mociba2024_bd_csv.zip,105e2e266134be538d33b5685e24bd41247eec5156f27b11ada7a3bb50f0a7ab,1500882,2026-09-14T22:09:07+00:00
F.8,dato_crudo,data/raw/inegi_mociba_2025/objects/bc700919a67ae2ced10abdda770cc2262414a8a70d4f510f3c2cd0a67ef3a39d/mociba2025_bd_csv.zip,bc700919a67ae2ced10abdda770cc2262414a8a70d4f510f3c2cd0a67ef3a39d,1541603,2026-09-14T22:09:09+00:00
F.8,datos_usados,reportes/20260915T192133067416Z_corrida/datos_usados/f_8_datos_usados.csv,2a31b3052de2c76b9c52a1687440532a9b4e1c0ba4300566291cb32051d13171,630,2026-09-15T19:32:02+00:00
F.8,texto_generado,build/text/f_8.md,87ae7ebb70bbcca61911b552b7d4b1f1f34648e52f42e83a7512b0af71f6e12a,92,2026-09-15T19:32:02+00:00
F.8,texto_copia_corrida,reportes/20260915T192133067416Z_corrida/textos/f_8_parrafo.md,87ae7ebb70bbcca61911b552b7d4b1f1f34648e52f42e83a7512b0af71f6e12a,92,2026-09-15T19:32:02+00:00
F.8,grafica,build/figures/F/figura_f_8.png,a584b8d73adf151bea21f0463fecc485b46a36cd2de55853ca5bbda844dae8d0,133509,2026-09-15T19:32:02+00:00
F.8,metadatos,build/metadata/f_8.json,ef90f351c4701754773a12110751d595d93a95e2a95f04660dae1a2b48bbc498,712,2026-09-15T19:32:02+00:00
F.9,dato_crudo,data/raw/inegi_mociba_2024_reference/objects/105e2e266134be538d33b5685e24bd41247eec5156f27b11ada7a3bb50f0a7ab/mociba2024_bd_csv.zip,105e2e266134be538d33b5685e24bd41247eec5156f27b11ada7a3bb50f0a7ab,1500882,2026-09-14T22:09:07+00:00
F.9,dato_crudo,data/raw/inegi_mociba_2025/objects/bc700919a67ae2ced10abdda770cc2262414a8a70d4f510f3c2cd0a67ef3a39d/mociba2025_bd_csv.zip,bc700919a67ae2ced10abdda770cc2262414a8a70d4f510f3c2cd0a67ef3a39d,1541603,2026-09-14T22:09:09+00:00
F.9,datos_usados,reportes/20260915T192133067416Z_corrida/datos_usados/f_9_datos_usados.csv,b58a460f4c81317bf11f86a2c65c83863aafc14df3f6e558e256f8816aa2fb51,840,2026-09-15T19:32:04+00:00
F.9,texto_generado,build/text/f_9.md,c17000f4432e2c1bea6323a309d16bbe926a1eff702d783d30974f123ad97f76,90,2026-09-15T19:32:04+00:00
F.9,texto_copia_corrida,reportes/20260915T192133067416Z_corrida/textos/f_9_parrafo.md,c17000f4432e2c1bea6323a309d16bbe926a1eff702d783d30974f123ad97f76,90,2026-09-15T19:32:04+00:00
F.9,grafica,build/figures/F/figura_f_9.png,597a56cc0cbeedb853593f62141d960194bab8411b73d1f8d13c90045c43d354,173119,2026-09-15T19:32:05+00:00
F.9,metadatos,build/metadata/f_9.json,2c0588b3c7136a329e106f8493bc6aa9d5e9800e21f6615fdbcabee03d2c6e87,695,2026-09-15T19:32:05+00:00
F.10,dato_crudo,data/raw/ift_tercera_encuesta_usuarios_2023_base/objects/21d45976f4f1dede6c3b/bd3erencuesta2023.zip,21d45976f4f1dede6c3b883ac9a7d2a3fed0b8ab3d64f9b41c1e0641ad639d43,16211058,2026-09-15T19:28:34+00:00
F.10,datos_usados,reportes/20260915T192133067416Z_corrida/datos_usados/f_10_datos_usados.csv,6c29f80ecb631d64c192110ac803906cdfc743bdea0406fe22c7d9746353d7a5,413,2026-09-15T19:32:21+00:00
F.10,texto_generado,build/text/f_10.md,8a4d6bffc25a4a67781c9ef1a252df53810f22cc6c11f91bf0be30106014b691,79,2026-09-15T19:32:21+00:00
F.10,texto_copia_corrida,reportes/20260915T192133067416Z_corrida/textos/f_10_parrafo.md,8a4d6bffc25a4a67781c9ef1a252df53810f22cc6c11f91bf0be30106014b691,79,2026-09-15T19:32:21+00:00
F.10,grafica,build/figures/F/figura_f_10.png,9cbdbf030508e8a979cebc2c2ee2388abed4a965d37db540986cd7d4878c3628,131627,2026-09-15T19:32:22+00:00
F.10,metadatos,build/metadata/f_10.json,6aecab81594a5d81967febc64cc0ba5db910fa48d2ab079a938aee459ccf2b0c,679,2026-09-15T19:32:22+00:00
F.11,dato_crudo,data/raw/ift_tercera_encuesta_usuarios_2023_base/objects/21d45976f4f1dede6c3b/bd3erencuesta2023.zip,21d45976f4f1dede6c3b883ac9a7d2a3fed0b8ab3d64f9b41c1e0641ad639d43,16211058,2026-09-15T19:28:34+00:00
F.11,datos_usados,reportes/20260915T192133067416Z_corrida/datos_usados/f_11_datos_usados.csv,52a6db83f740356c9f9ec4ec6122d4a34d7418073b019ba4d817853d94c7606a,590,2026-09-15T19:32:39+00:00
F.11,texto_generado,build/text/f_11.md,10eca4600130a51f13e04a084b92b569f48f4cd454caa66899b78dd841b48744,105,2026-09-15T19:32:39+00:00
F.11,texto_copia_corrida,reportes/20260915T192133067416Z_corrida/textos/f_11_parrafo.md,10eca4600130a51f13e04a084b92b569f48f4cd454caa66899b78dd841b48744,105,2026-09-15T19:32:39+00:00
F.11,grafica,build/figures/F/figura_f_11.png,b8ef1bddc147274472e686d3bf9602cdc1ee20e4de7c7d955676a0ad69fa610f,151105,2026-09-15T19:32:39+00:00
F.11,metadatos,build/metadata/f_11.json,1e8fb929ff421058f2c0c492bac11722dbfe4221fb12b7f329ffde908ab89375,688,2026-09-15T19:32:39+00:00
F.12,dato_crudo,data/raw/ift_tercera_encuesta_usuarios_2023_base/objects/21d45976f4f1dede6c3b/bd3erencuesta2023.zip,21d45976f4f1dede6c3b883ac9a7d2a3fed0b8ab3d64f9b41c1e0641ad639d43,16211058,2026-09-15T19:28:34+00:00
F.12,datos_usados,reportes/20260915T192133067416Z_corrida/datos_usados/f_12_datos_usados.csv,38ddba0ba934fcc5897cd1894a662459e8d5fa06fd544eb2fc000d2ad4050992,322,2026-09-15T19:32:44+00:00
F.12,texto_generado,build/text/f_12.md,924de42ca70b348f70827d6428726c8935a1e0ac9c4ca98479e8c71e9c69a095,79,2026-09-15T19:32:45+00:00
F.12,texto_copia_corrida,reportes/20260915T192133067416Z_corrida/textos/f_12_parrafo.md,924de42ca70b348f70827d6428726c8935a1e0ac9c4ca98479e8c71e9c69a095,79,2026-09-15T19:32:45+00:00
F.12,grafica,build/figures/F/figura_f_12.png,8997a1ecbc15917a7951386e432d633408af0b1fc5b8367092f8984c94ca3851,129111,2026-09-15T19:32:45+00:00
F.12,metadatos,build/metadata/f_12.json,7516f85a0c3dd6463d6596a2156fae676bc272a3d87f207a0b52c8a647d2e450,681,2026-09-15T19:32:45+00:00
F.13,dato_crudo,data/raw/ift_tercera_encuesta_usuarios_2023_base/objects/21d45976f4f1dede6c3b/bd3erencuesta2023.zip,21d45976f4f1dede6c3b883ac9a7d2a3fed0b8ab3d64f9b41c1e0641ad639d43,16211058,2026-09-15T19:28:34+00:00
F.13,datos_usados,reportes/20260915T192133067416Z_corrida/datos_usados/f_13_datos_usados.csv,e8234c136ad3dc7c2ebf3eb1c0e6c974b5303ce32369556d661c844f5884e475,464,2026-09-15T19:32:51+00:00
F.13,texto_generado,build/text/f_13.md,91816e18974ea8f7ba7e45fd31729bc4d427038ef7f7ee28b5284ae6a7291f7f,93,2026-09-15T19:32:51+00:00
F.13,texto_copia_corrida,reportes/20260915T192133067416Z_corrida/textos/f_13_parrafo.md,91816e18974ea8f7ba7e45fd31729bc4d427038ef7f7ee28b5284ae6a7291f7f,93,2026-09-15T19:32:51+00:00
F.13,grafica,build/figures/F/figura_f_13.png,18970c9061fd113303b49e80fb75e913043acac7a56488370be549f0c4320f9c,136904,2026-09-15T19:32:51+00:00
F.13,metadatos,build/metadata/f_13.json,b1279f08cecf5220b64c83ae8b7f4586458aed8e250f13182d0f0bd4a12cf1a6,686,2026-09-15T19:32:51+00:00
F.14,dato_crudo,data/raw/ift_tercera_encuesta_usuarios_2023_pdf/objects/14f1a7450198552b9e65/3erencuesta2023.pdf,14f1a7450198552b9e65e3a0114d63644be6dc30aaba05794669197bf0a29716,8412858,2026-09-15T19:32:53+00:00
F.14,datos_usados,reportes/20260915T192133067416Z_corrida/datos_usados/f_14_datos_usados.csv,659070d317ece9c30faf26c81200f084416fe7c120f461487b2d58a34a0cf78a,790,2026-09-15T19:32:53+00:00
F.14,texto_generado,build/text/f_14.md,d4ed4b535edcecfa659fe479a97410efce2f90dc740fb3e50ec95f1e6de5f4ee,157,2026-09-15T19:32:53+00:00
F.14,texto_copia_corrida,reportes/20260915T192133067416Z_corrida/textos/f_14_parrafo.md,d4ed4b535edcecfa659fe479a97410efce2f90dc740fb3e50ec95f1e6de5f4ee,157,2026-09-15T19:32:53+00:00
F.14,grafica,build/figures/F/figura_f_14.png,336a983786898878c162bfcff70e045223cb07f8fb55e2e2da18c89114689551,236276,2026-09-15T19:32:54+00:00
F.14,metadatos,build/metadata/f_14.json,3520e4379df625dd225961f19699613dc0faa3d400303a02af11e2e80446bcc0,674,2026-09-15T19:32:54+00:00
F.15,dato_crudo,data/raw/ift_tercera_encuesta_usuarios_2023_base/objects/21d45976f4f1dede6c3b/bd3erencuesta2023.zip,21d45976f4f1dede6c3b883ac9a7d2a3fed0b8ab3d64f9b41c1e0641ad639d43,16211058,2026-09-15T19:28:34+00:00
F.15,datos_usados,reportes/20260915T192133067416Z_corrida/datos_usados/f_15_datos_usados.csv,db23dd6d80d921818c1a52a6817a9b4cc8a9bee3e45ef8f6d3ace0eaf4782778,980,2026-09-15T19:33:09+00:00
F.15,texto_generado,build/text/f_15.md,86eb1896d64b77a83bd029f782038d88548ed133a36e2cf9c0a336cd111f5111,87,2026-09-15T19:33:10+00:00
F.15,texto_copia_corrida,reportes/20260915T192133067416Z_corrida/textos/f_15_parrafo.md,86eb1896d64b77a83bd029f782038d88548ed133a36e2cf9c0a336cd111f5111,87,2026-09-15T19:33:10+00:00
F.15,grafica,build/figures/F/figura_f_15.png,861379f3594319db535f2746dbef5436d444e120732cbf1c74081e13af28b0c1,173186,2026-09-15T19:33:10+00:00
F.15,metadatos,build/metadata/f_15.json,601a87726f1aeda1a8a51ff3bac70c16e69f2cbe7293ac34aeda53d75d2dede1,682,2026-09-15T19:33:10+00:00
F.16,dato_crudo,data/raw/ift_tercera_encuesta_usuarios_2023_base/objects/21d45976f4f1dede6c3b/bd3erencuesta2023.zip,21d45976f4f1dede6c3b883ac9a7d2a3fed0b8ab3d64f9b41c1e0641ad639d43,16211058,2026-09-15T19:28:34+00:00
F.16,datos_usados,reportes/20260915T192133067416Z_corrida/datos_usados/f_16_datos_usados.csv,b6cc457e7b375022a05f24210f77853d411583aef1c53a838b1c0a8c1caacfa9,826,2026-09-15T19:33:24+00:00
F.16,texto_generado,build/text/f_16.md,b3bd3554aed1ab6d6dfeb07bca604fe2909e2e175022d5bbf0d54bbf255151cb,93,2026-09-15T19:33:24+00:00
F.16,texto_copia_corrida,reportes/20260915T192133067416Z_corrida/textos/f_16_parrafo.md,b3bd3554aed1ab6d6dfeb07bca604fe2909e2e175022d5bbf0d54bbf255151cb,93,2026-09-15T19:33:24+00:00
F.16,grafica,build/figures/F/figura_f_16.png,f58e642702168eece287b4a0be0200a289103e57a1df917974cbe57cb513c51b,167847,2026-09-15T19:33:24+00:00
F.16,metadatos,build/metadata/f_16.json,b4113368d22ce94b4076b93c09c370a1f879f75d4958212d5c801cd9d304ee46,673,2026-09-15T19:33:24+00:00
