figure_id,role,path,sha256,bytes,modified_at
A.1,dato_crudo,data/raw/inegi_pibt_2026_q2/objects/65a7899d4106e94ddb0612919ea45f7ce356910693a6c74526994e3eb11a5dee/PIBT_2.xlsx,65a7899d4106e94ddb0612919ea45f7ce356910693a6c74526994e3eb11a5dee,1904922,2026-09-09T19:37:36+00:00
A.1,datos_usados,reportes/20260917T224253050408Z_corrida/datos_usados/a_1_datos_usados.csv,aa9e803b540ec50e7c13d6cf77e9d280efd77a6d5cd9b33ac39db2ceb3ce5856,5223,2026-09-17T22:42:54+00:00
A.1,texto_generado,build/text/a_1.md,288b366a5b151e472ecd215c8386424ffd94d6dd1be8395b7cdd970fbaab2ff4,256,2026-09-17T22:42:54+00:00
A.1,texto_copia_corrida,reportes/20260917T224253050408Z_corrida/textos/a_1_parrafo.md,288b366a5b151e472ecd215c8386424ffd94d6dd1be8395b7cdd970fbaab2ff4,256,2026-09-17T22:42:54+00:00
A.1,grafica,build/figures/A/figura_a_1.png,a20f5280259eb59e87e524c1a3123facae07450cafcad921bf6f944a3adf4f05,316422,2026-09-17T22:42:55+00:00
A.1,metadatos,build/metadata/a_1.json,38bfcb0f939f1d611c74383d6182c9135026b15cb5a6a459c1e3e652481da8a2,928,2026-09-17T22:42:55+00:00
A.2,dato_crudo,data/raw/inegi_enoe_a2/2013trim2_csv.zip,09eabb5860d15b41a557665eef4595c8d715a2f21810358ff7fb6d2cd96ed20d,22309101,2026-08-31T22:23:33+00:00
A.2,dato_crudo,data/raw/inegi_enoe_a2/2013trim4_csv.zip,03ab1d021dbde5feea36ab0948ba3f35a64df095dc44563f1ae6da74a1c4a0e3,23582172,2026-08-31T22:23:33+00:00
A.2,dato_crudo,data/raw/inegi_enoe_a2/2014trim2_csv.zip,926c1715c868d409de594130d81bf9fbee8f1e93959c6b3959e99bf27d79e11f,22768706,2026-08-31T22:23:33+00:00
A.2,dato_crudo,data/raw/inegi_enoe_a2/2014trim4_csv.zip,8bb2e85bee8f8e3d52aa7b9ad3903cff6e28c8503d4c97656c3c0ec87d85f8ed,22725037,2026-08-31T22:23:34+00:00
A.2,dato_crudo,data/raw/inegi_enoe_a2/2015trim2_csv.zip,d2a70a2a452e617859da22db7fd2c78d8a0f841ec150b8f94cd08e221edf27ca,22782627,2026-08-31T22:23:34+00:00
A.2,dato_crudo,data/raw/inegi_enoe_a2/2015trim4_csv.zip,8bbf3dd5a2887c7b1e52e5afbf6fbc3c69b9090b84e5bc2b4b4fe754e2acd008,22782131,2026-08-31T22:23:35+00:00
A.2,dato_crudo,data/raw/inegi_enoe_a2/2016trim2_csv.zip,4aa9a8e2083378fa60aa965a2236bc81ca1a011c1a80cfb5907c462dc3f5a56f,26779138,2026-08-31T22:23:35+00:00
A.2,dato_crudo,data/raw/inegi_enoe_a2/2016trim4_csv.zip,f5846e8416dbbdb0a907b3f2321e9607083a269878657225fd3c82c708465500,26466686,2026-08-31T22:23:35+00:00
A.2,dato_crudo,data/raw/inegi_enoe_a2/2017trim2_csv.zip,bd58ed29a986e3f8b3642e6e6aa8ea7dbf7277116888cd60f799b562fd545066,27024159,2026-08-31T22:23:36+00:00
A.2,dato_crudo,data/raw/inegi_enoe_a2/2017trim4_csv.zip,af96a2420779c1cdf82b49bb7ddd5b489771bb791938db9b799da6f8b43d3be4,26664215,2026-08-31T22:23:36+00:00
A.2,dato_crudo,data/raw/inegi_enoe_a2/2018trim2_csv.zip,2ca4002f7209b029a470caa3174353a2766ca9fc1f4e1ea3c87a063d1218c00f,26835694,2026-08-31T22:23:37+00:00
A.2,dato_crudo,data/raw/inegi_enoe_a2/2018trim4_csv.zip,9259fcb81747ebfad7fbbd75b9dc9a65825142bc10366c447f645489b3383774,26724182,2026-08-31T22:23:37+00:00
A.2,dato_crudo,data/raw/inegi_enoe_a2/2019trim2_csv.zip,721bf45739241179cca3685c42e65a0270cbe02019602571ee79cc1a157a8d36,28592043,2026-08-31T22:23:38+00:00
A.2,dato_crudo,data/raw/inegi_enoe_a2/2019trim4_csv.zip,d91658be67f515a26f501fc130731e866b7c77c992ed91471217074f4f18ad58,28058037,2026-08-31T22:23:38+00:00
A.2,dato_crudo,data/raw/inegi_enoe_a2/2020trim1_csv.zip,8f24f571dee610e9ab147c7f2a01ac2770fef016cd13d8428160550b833b176b,27350239,2026-08-31T22:23:39+00:00
A.2,dato_crudo,data/raw/inegi_enoe_a2/enoe_n_2020_trim4_csv.zip,5d6ce8a6dcc2cace4a1e6e5cbaf9d9c61ad7bbbfa3217ecc9cd2184e2093f6f3,23007909,2026-08-31T22:23:42+00:00
A.2,dato_crudo,data/raw/inegi_enoe_a2/enoe_n_2021_trim2_csv.zip,a9bfb1f1291217714fd27a0dc5d30ee39064ad99f637867808d445294a25b96b,23887444,2026-08-31T22:23:42+00:00
A.2,dato_crudo,data/raw/inegi_enoe_a2/enoe_n_2021_trim4_csv.zip,1baabe0098ce5b1bdeeb4bba8eebe2d4b51eedae3745bc48dad1cd199b736a9b,27117836,2026-08-31T22:23:42+00:00
A.2,dato_crudo,data/raw/inegi_enoe_a2/enoe_n_2022_trim2_csv.zip,19e194fbdcc70549db19b718c6581ec2fadce883e9683369424bf758f76b705a,30537564,2026-08-31T22:23:43+00:00
A.2,dato_crudo,data/raw/inegi_enoe_a2/enoe_n_2022_trim4_csv.zip,1c22244fcd4a9f11625fa3cdb68d8c10f5143ba84c076b4e99a61ba822687e5d,29670618,2026-08-31T22:23:43+00:00
A.2,dato_crudo,data/raw/inegi_enoe_a2/enoe_2023_trim2_csv.zip,e2035d3a3e3d0789ee10fac875c792c5833fc90f7e1ccb9345e0690dd8c40eb5,39500761,2026-08-31T22:23:39+00:00
A.2,dato_crudo,data/raw/inegi_enoe_a2/enoe_2023_trim4_csv.zip,24f15e1ab8ad942b479b32f491b9e2d8b640ac3c8e79dbea02e74baa78ae9d2e,40681812,2026-08-31T22:23:40+00:00
A.2,dato_crudo,data/raw/inegi_enoe_a2/enoe_2024_trim2_csv.zip,13922f8902f587939145e0302ec8e6e5fa9fb0df4207229f7447deaaab96e285,31773308,2026-08-31T22:23:40+00:00
A.2,dato_crudo,data/raw/inegi_enoe_a2/enoe_2024_trim4_csv.zip,817f28d20a43fa4fed08195e62df58bf320b31c323a3049fe09b5194a1677305,43410469,2026-08-31T22:23:41+00:00
A.2,dato_crudo,data/raw/inegi_enoe_a2/enoe_2025_trim2_csv.zip,291db61afcc472a0933d2bebf46720cfd024df8912dc899d541d8109bd406722,38752236,2026-09-09T20:24:43+00:00
A.2,dato_crudo,data/raw/inegi_enoe_a2/enoe_2025_trim4_csv.zip,e675b41bde4fb3c183a0abd067738109c6aaf30ed314bc9fc548669fb8a1565d,43383478,2026-09-09T20:25:37+00:00
A.2,dato_crudo,data/raw/inegi_enoe_a2/enoe_2026_trim2_csv.zip,020811fa989a3e4e3e0daae39b32df6bb055f3ca59653b76ecc454f9b231d91e,35213597,2026-09-09T20:26:26+00:00
A.2,datos_usados,reportes/20260917T224253050408Z_corrida/datos_usados/a_2_datos_usados.csv,5f6e4eb3371483d13914734f5746b5a584d0c477cfaaee99196163752d6b1fc2,2457,2026-09-17T22:45:32+00:00
A.2,texto_generado,build/text/a_2.md,746d06fcdb92a400d1b7c527d06e5ac2914d079a10ef9bff0b7f152c24424b91,323,2026-09-17T22:45:32+00:00
A.2,texto_copia_corrida,reportes/20260917T224253050408Z_corrida/textos/a_2_parrafo.md,746d06fcdb92a400d1b7c527d06e5ac2914d079a10ef9bff0b7f152c24424b91,323,2026-09-17T22:45:32+00:00
A.2,grafica,build/figures/A/figura_a_2.png,a6c0742b6c9c30241635ce23be0182d9a73d9a044eb9a66b4ead23eba3b99395,321866,2026-09-17T22:45:32+00:00
A.2,metadatos,build/metadata/a_2.json,9e89588b30605e3d938871424b468d09370683848a1b2c8bb2f6962c6770d334,689,2026-09-17T22:45:32+00:00
A.3,dato_crudo,data/raw/inegi_inpc_dynamic/objects/f883f3859247e8509bae82527a1ac108bbff457a48e3f31ac56a3d43b3e9131c/inpc_ipcom_hasta_2024.csv,f883f3859247e8509bae82527a1ac108bbff457a48e3f31ac56a3d43b3e9131c,49405,2026-09-09T21:53:26+00:00
A.3,dato_crudo,data/raw/inegi_inpc_current_2026_07_reference/objects/5d75d854deb25a0e901d/conjunto_de_datos_inpc_indicador_mensual_csv.zip,5d75d854deb25a0e901def5adb4430eadb44cc253ff86bf39734efc9185144c1,34591,2026-09-09T21:53:59+00:00
A.3,datos_usados,reportes/20260917T224253050408Z_corrida/datos_usados/a_3_datos_usados.csv,281d85a83a3f8218b2ee6281592c1089f43cc2743d7d39cecb19e9514bb516d5,993,2026-09-17T22:45:32+00:00
A.3,texto_generado,build/text/a_3.md,75d97c5e37fb1635b0b295c3f2db1e24e26910f97fdf3ed650aa776829e4d76a,359,2026-09-17T22:45:32+00:00
A.3,texto_copia_corrida,reportes/20260917T224253050408Z_corrida/textos/a_3_parrafo.md,75d97c5e37fb1635b0b295c3f2db1e24e26910f97fdf3ed650aa776829e4d76a,359,2026-09-17T22:45:32+00:00
A.3,grafica,build/figures/A/figura_a_3.png,699ff0beecd32f1c0f345e919fc1013f60afbf1ad10359dd4fca4ceca7126a01,277577,2026-09-17T22:45:33+00:00
A.3,metadatos,build/metadata/a_3.json,a5d172c85cda63624ab53a5254c1990b49a99a2ad8495f898526b94ba3204497,679,2026-09-17T22:45:33+00:00
A.4,dato_crudo,data/raw/crt_bit_todo_2025_q2/objects/f75ce7de02249b11d35b/CRT_BIT_TODO.zip,f75ce7de02249b11d35bed3399f7f06558f9e7a18cc9b320180acbe96027d284,1188168847,2026-09-09T22:17:06+00:00
A.4,datos_usados,reportes/20260917T224253050408Z_corrida/datos_usados/a_4_datos_usados.csv,a1195e2c828976231f9d5fab16f891b2a08e1af8e66b75270c63b6fcc2c362fd,2318,2026-09-17T22:45:34+00:00
A.4,texto_generado,build/text/a_4.md,1c3e79138d398a348061cbdf72bfa651ef5d5db65d4b3eb54d13f2795b662b28,250,2026-09-17T22:45:34+00:00
A.4,texto_copia_corrida,reportes/20260917T224253050408Z_corrida/textos/a_4_parrafo.md,1c3e79138d398a348061cbdf72bfa651ef5d5db65d4b3eb54d13f2795b662b28,250,2026-09-17T22:45:34+00:00
A.4,grafica,build/figures/A/figura_a_4.png,fab67aa7a07c65a75f30f648ec5a0ef97ebddfca3754dc444f55a42e2d8dd366,241345,2026-09-17T22:45:34+00:00
A.4,metadatos,build/metadata/a_4.json,576d28683a0deaf3c4da7f0aa85ca77f7162d744af6519b0866ecf6903a20fea,765,2026-09-17T22:45:34+00:00
A.5,dato_crudo_manual,data/manual/A.5/2026_2T_Flujos_TI_AC_3.xlsx,b455e2d8b4b2a6e7631f46a9f736266c73fc5af2440a075103a1d0348595706a,547284,2026-09-08T19:22:33+00:00
A.5,dato_crudo_manual,data/manual/A.5/Datos_originales_y_actualizacion__1_.xlsx,f6e7c157e5a417e40756cce4ff605b04c67e6673ad3390cc07d66e1e782d6586,175785,2026-09-08T19:22:30+00:00
A.5,datos_usados,reportes/20260917T224253050408Z_corrida/datos_usados/a_5_datos_usados.csv,f1823caf7c8c555a4643251e6673ab56b489077fd75bab76974e5f64d46d70c9,1212,2026-09-17T22:45:56+00:00
A.5,texto_generado,build/text/a_5.md,69a313ca73d7b5b8e0ee282a023c9d8aae59be55a66724ce241da1dcaeaefef6,349,2026-09-17T22:45:56+00:00
A.5,texto_copia_corrida,reportes/20260917T224253050408Z_corrida/textos/a_5_parrafo.md,69a313ca73d7b5b8e0ee282a023c9d8aae59be55a66724ce241da1dcaeaefef6,349,2026-09-17T22:45:56+00:00
A.5,grafica,build/figures/A/figura_a_5.png,9d42faae6b892e33942d2cdd7cd4340ea484ee5a1e395351e25cd04ed2c16d21,218479,2026-09-17T22:45:57+00:00
A.5,metadatos,build/metadata/a_5.json,92d8787213823905ad5a2cef51874e92f029b0891337b40990dbc8d64cf87800,766,2026-09-17T22:45:57+00:00
A.6,dato_crudo,data/raw/crt_bit_todo_2025_q2/objects/f75ce7de02249b11d35b/CRT_BIT_TODO.zip,f75ce7de02249b11d35bed3399f7f06558f9e7a18cc9b320180acbe96027d284,1188168847,2026-09-09T22:17:06+00:00
A.6,datos_usados,reportes/20260917T224253050408Z_corrida/datos_usados/a_6_datos_usados.csv,c33ac633f13f9027e16635d412d2cecdff69340b7d75a780bd4bf89e262c9ce8,2228,2026-09-17T22:45:58+00:00
A.6,texto_generado,build/text/a_6.md,7c48b5901d7af4e90d56f5244ee98937332d17605725d1e34e171aaa53341064,332,2026-09-17T22:45:58+00:00
A.6,texto_copia_corrida,reportes/20260917T224253050408Z_corrida/textos/a_6_parrafo.md,7c48b5901d7af4e90d56f5244ee98937332d17605725d1e34e171aaa53341064,332,2026-09-17T22:45:58+00:00
A.6,grafica,build/figures/A/figura_a_6.png,8f3ab2d8547183a66da4a6559cc6f4fc84eb5a1843c45b0e0c15bf59f9687f36,285568,2026-09-17T22:45:58+00:00
A.6,metadatos,build/metadata/a_6.json,2385471aecc796ea23da7fbf9f2fc222be9190afeff61eddd39deda650bffab0,910,2026-09-17T22:45:58+00:00
A.7,dato_crudo,data/raw/inegi_enigh_2024/objects/7cbf18fee02c58849356e5495fb851ae4d0330743e34d26e35973f9ad5a1155d/enigh_2024_ns_csv.zip,7cbf18fee02c58849356e5495fb851ae4d0330743e34d26e35973f9ad5a1155d,103139139,2026-09-10T05:33:41+00:00
A.7,datos_usados,reportes/20260917T224253050408Z_corrida/datos_usados/a_7_datos_usados.csv,491c69a0a832f308e8731998339aa0705dedf35230647d6fb8667a4fc844a546,355,2026-09-17T22:46:14+00:00
A.7,texto_generado,build/text/a_7.md,30ed709cdefbca469967e8af352cdf193abb87906ff95b4ecd48210266a279e2,166,2026-09-17T22:46:14+00:00
A.7,texto_copia_corrida,reportes/20260917T224253050408Z_corrida/textos/a_7_parrafo.md,30ed709cdefbca469967e8af352cdf193abb87906ff95b4ecd48210266a279e2,166,2026-09-17T22:46:14+00:00
A.7,grafica,build/figures/A/figura_a_7.png,8d2b85490ae2246fbcb12d7940759c2e6db811d1832203da027a2d6d50592419,155855,2026-09-17T22:46:15+00:00
A.7,metadatos,build/metadata/a_7.json,125d1116c38fbed9bdd82ac37afbbfc4ed865eaf3ae4ccebefaee85d58116d81,585,2026-09-17T22:46:15+00:00
A.8,dato_crudo,data/raw/inegi_enigh_2024/objects/7cbf18fee02c58849356e5495fb851ae4d0330743e34d26e35973f9ad5a1155d/enigh_2024_ns_csv.zip,7cbf18fee02c58849356e5495fb851ae4d0330743e34d26e35973f9ad5a1155d,103139139,2026-09-10T05:33:41+00:00
A.8,datos_usados,reportes/20260917T224253050408Z_corrida/datos_usados/a_8_datos_usados.csv,1ababb8e3e5094b5ad09020ca8f33adc92e24b6a43d2f062b3ce213ba499973f,441,2026-09-17T22:46:30+00:00
A.8,texto_generado,build/text/a_8.md,c9e9bf755859dc326b488265c89a2674f92fc1166003a76159c9c2451ede5675,234,2026-09-17T22:46:30+00:00
A.8,texto_copia_corrida,reportes/20260917T224253050408Z_corrida/textos/a_8_parrafo.md,c9e9bf755859dc326b488265c89a2674f92fc1166003a76159c9c2451ede5675,234,2026-09-17T22:46:30+00:00
A.8,grafica,build/figures/A/figura_a_8.png,74a808750889725551302664edbbdbb52f784048937f706506de2bdd32a114d5,218401,2026-09-17T22:46:31+00:00
A.8,metadatos,build/metadata/a_8.json,e1c917ade7164408e551839c94c6f1da29acca869dcc72ee519bd9c5b82f5d9d,614,2026-09-17T22:46:31+00:00
A.9,dato_crudo,data/raw/inegi_enigh_2024/objects/7cbf18fee02c58849356e5495fb851ae4d0330743e34d26e35973f9ad5a1155d/enigh_2024_ns_csv.zip,7cbf18fee02c58849356e5495fb851ae4d0330743e34d26e35973f9ad5a1155d,103139139,2026-09-10T05:33:41+00:00
A.9,datos_usados,reportes/20260917T224253050408Z_corrida/datos_usados/a_9_datos_usados.csv,01443fb4b97f6f9e8f7af752bfa87d4c9fa9bf46f32459e488ea73e74b2dcf2a,357,2026-09-17T22:46:46+00:00
A.9,texto_generado,build/text/a_9.md,0fffcfb5ab4429b7e45b714a28e1d10f027c614a71f5bb7fdc43fad48154fbd2,138,2026-09-17T22:46:46+00:00
A.9,texto_copia_corrida,reportes/20260917T224253050408Z_corrida/textos/a_9_parrafo.md,0fffcfb5ab4429b7e45b714a28e1d10f027c614a71f5bb7fdc43fad48154fbd2,138,2026-09-17T22:46:46+00:00
A.9,grafica,build/figures/A/figura_a_9.png,e9c295d6c07b3f768c80e1c5384573b4b9eed95d7a377757ff441ae1294e7602,154171,2026-09-17T22:46:46+00:00
A.9,metadatos,build/metadata/a_9.json,f7bd0c1643507879a9d3359b4df5ff3f6588c278fe5f910f828802508d7e4a96,588,2026-09-17T22:46:46+00:00
A.10,dato_crudo,data/raw/inegi_enigh_2024/objects/7cbf18fee02c58849356e5495fb851ae4d0330743e34d26e35973f9ad5a1155d/enigh_2024_ns_csv.zip,7cbf18fee02c58849356e5495fb851ae4d0330743e34d26e35973f9ad5a1155d,103139139,2026-09-10T05:33:41+00:00
A.10,datos_usados,reportes/20260917T224253050408Z_corrida/datos_usados/a_10_datos_usados.csv,90d6ea6126f3273345a075ac5408bd6909cebf07337cf681f43e584beb6ef8e9,440,2026-09-17T22:47:01+00:00
A.10,texto_generado,build/text/a_10.md,7026aa2c99b0fe19a59caad3c234c8c04e54a6a83db838ec3bc31467ba92b09f,237,2026-09-17T22:47:01+00:00
A.10,texto_copia_corrida,reportes/20260917T224253050408Z_corrida/textos/a_10_parrafo.md,7026aa2c99b0fe19a59caad3c234c8c04e54a6a83db838ec3bc31467ba92b09f,237,2026-09-17T22:47:01+00:00
A.10,grafica,build/figures/A/figura_a_10.png,fee6e9fbb32de3eaa368f540596b3f787117f9a4cc53c347f80da2ce5183a20f,227426,2026-09-17T22:47:01+00:00
A.10,metadatos,build/metadata/a_10.json,3fe71abf9c4d178c243d0a3b017f08cbc4970c45af4b451446159d778b9d80bd,621,2026-09-17T22:47:01+00:00
B.1,dato_crudo,data/raw/inegi_endutih_2025/objects/65d219261b3890ee12eaf95cdd1185f6b7d52eefd7e698ffd335b604364fd508/conjunto_de_datos_endutih_2025_csv.zip,65d219261b3890ee12eaf95cdd1185f6b7d52eefd7e698ffd335b604364fd508,8197337,2026-09-10T12:04:22+00:00
B.1,datos_usados,reportes/20260917T224253050408Z_corrida/datos_usados/b_1_datos_usados.csv,39eec44bcf50d134c4c1ea52562864984011fb0ffca31ae260f6fee84a00f9f5,761,2026-09-17T22:47:02+00:00
B.1,texto_generado,build/text/b_1.md,a0e6dfdedc3c7c651221b210c8d0c49e97c6f36ebfca669f3903ff3bac1a07d4,148,2026-09-17T22:47:02+00:00
B.1,texto_copia_corrida,reportes/20260917T224253050408Z_corrida/textos/b_1_parrafo.md,a0e6dfdedc3c7c651221b210c8d0c49e97c6f36ebfca669f3903ff3bac1a07d4,148,2026-09-17T22:47:02+00:00
B.1,grafica,build/figures/B/figura_b_1.png,6e0d59b76bc2899a89beea3dc924d54db443d1b866d29fc05cb0656a5a63386c,246176,2026-09-17T22:47:02+00:00
B.1,metadatos,build/metadata/b_1.json,f2309b004775d64f777e62c3eb5d4cf3fd5c3edaf8e5da137d1bcdf277b5ad95,588,2026-09-17T22:47:02+00:00
B.2,dato_crudo,data/raw/inegi_endutih_2025/objects/65d219261b3890ee12eaf95cdd1185f6b7d52eefd7e698ffd335b604364fd508/conjunto_de_datos_endutih_2025_csv.zip,65d219261b3890ee12eaf95cdd1185f6b7d52eefd7e698ffd335b604364fd508,8197337,2026-09-10T12:04:22+00:00
B.2,datos_usados,reportes/20260917T224253050408Z_corrida/datos_usados/b_2_datos_usados.csv,40ac2e0dbcd328c148f281707acca58965c864d4e2d3d84bcdd13649a65bd635,676,2026-09-17T22:47:03+00:00
B.2,texto_generado,build/text/b_2.md,d6b9d3c998510f2732d0d21abac8b1f71118296ab728cc9a774434b16272c252,149,2026-09-17T22:47:03+00:00
B.2,texto_copia_corrida,reportes/20260917T224253050408Z_corrida/textos/b_2_parrafo.md,d6b9d3c998510f2732d0d21abac8b1f71118296ab728cc9a774434b16272c252,149,2026-09-17T22:47:03+00:00
B.2,grafica,build/figures/B/figura_b_2.png,5291072b749af9990bb20dcc79fc88d89c869e14ba63a929cd29b7b15ebc3a94,225022,2026-09-17T22:47:03+00:00
B.2,metadatos,build/metadata/b_2.json,d6d039bcb88de37626160669fc6e52c22bc9df9feb1aba9cd6fcff4b7d1de0f9,592,2026-09-17T22:47:03+00:00
B.3,dato_crudo,data/raw/inegi_endutih_2025/objects/65d219261b3890ee12eaf95cdd1185f6b7d52eefd7e698ffd335b604364fd508/conjunto_de_datos_endutih_2025_csv.zip,65d219261b3890ee12eaf95cdd1185f6b7d52eefd7e698ffd335b604364fd508,8197337,2026-09-10T12:04:22+00:00
B.3,datos_usados,reportes/20260917T224253050408Z_corrida/datos_usados/b_3_datos_usados.csv,c2e24ca43cde5f817aa7100ddd20afed13049617b606e98b35b94515b67400ae,683,2026-09-17T22:47:03+00:00
B.3,texto_generado,build/text/b_3.md,6ce1228bd275ccda0b835abb30a97cffd0a9a0dede54df3bc6a7954c40c8e28b,153,2026-09-17T22:47:03+00:00
B.3,texto_copia_corrida,reportes/20260917T224253050408Z_corrida/textos/b_3_parrafo.md,6ce1228bd275ccda0b835abb30a97cffd0a9a0dede54df3bc6a7954c40c8e28b,153,2026-09-17T22:47:03+00:00
B.3,grafica,build/figures/B/figura_b_3.png,fc3475642a960d6f0e12db86bf1a8ab156db79187ec233557c6fd74354fd8830,226136,2026-09-17T22:47:04+00:00
B.3,metadatos,build/metadata/b_3.json,96252ed3833b3e3e274f2d7bc5a93e88d76fd1cae99fc03bfbb85a8629993a32,592,2026-09-17T22:47:04+00:00
B.4,dato_crudo,data/raw/crt_bit_todo_2025_q2/objects/f75ce7de02249b11d35b/CRT_BIT_TODO.zip,f75ce7de02249b11d35bed3399f7f06558f9e7a18cc9b320180acbe96027d284,1188168847,2026-09-09T22:17:06+00:00
B.4,datos_usados,reportes/20260917T224253050408Z_corrida/datos_usados/b_4_datos_usados.csv,a5738bd65b0008cda335608c74fb765799e72f6cc526cf85eacdbe2af56e0ca8,444,2026-09-17T22:47:05+00:00
B.4,texto_generado,build/text/b_4.md,05e824be91e01b2265fd62b99de5b41ded06c38bca656ca68bae7d2c05d8cae1,123,2026-09-17T22:47:05+00:00
B.4,texto_copia_corrida,reportes/20260917T224253050408Z_corrida/textos/b_4_parrafo.md,05e824be91e01b2265fd62b99de5b41ded06c38bca656ca68bae7d2c05d8cae1,123,2026-09-17T22:47:05+00:00
B.4,grafica,build/figures/B/figura_b_4.png,b728ae86e447477bb19095669c8bf83f0e62e8b333fd3bd3510ef17d7c02ded6,154281,2026-09-17T22:47:06+00:00
B.4,metadatos,build/metadata/b_4.json,6eec7e336ace5db5369317f39a24fcb947d1d95e65bc0eb95bacd4091c735c8b,576,2026-09-17T22:47:06+00:00
B.5,dato_crudo,data/raw/crt_bit_todo_2025_q2/objects/f75ce7de02249b11d35b/CRT_BIT_TODO.zip,f75ce7de02249b11d35bed3399f7f06558f9e7a18cc9b320180acbe96027d284,1188168847,2026-09-09T22:17:06+00:00
B.5,datos_usados,reportes/20260917T224253050408Z_corrida/datos_usados/b_5_datos_usados.csv,eb712354116bfbd0e1d855c8ddb4a87b93b29f6143f91d50086bba1bd9ae4d22,509,2026-09-17T22:47:07+00:00
B.5,texto_generado,build/text/b_5.md,6b9fa2f46a1cd51048da401b45b968f2c1611cb3e8f510726556549765882bc7,136,2026-09-17T22:47:07+00:00
B.5,texto_copia_corrida,reportes/20260917T224253050408Z_corrida/textos/b_5_parrafo.md,6b9fa2f46a1cd51048da401b45b968f2c1611cb3e8f510726556549765882bc7,136,2026-09-17T22:47:07+00:00
B.5,grafica,build/figures/B/figura_b_5.png,76a7dc9893d2b13a6b15b75fa8b9e0fac5eee2ac4d14138c6077d2a0ba1e98e5,210833,2026-09-17T22:47:07+00:00
B.5,metadatos,build/metadata/b_5.json,38914fa3acbfc799f9ff937fd5a547344e87bac2a8ab5af725711057144b98a5,591,2026-09-17T22:47:07+00:00
B.6,dato_crudo,data/raw/crt_bit_todo_2025_q2/objects/f75ce7de02249b11d35b/CRT_BIT_TODO.zip,f75ce7de02249b11d35bed3399f7f06558f9e7a18cc9b320180acbe96027d284,1188168847,2026-09-09T22:17:06+00:00
B.6,dato_crudo,data/raw/mexico_geojson_legacy/objects/7de22266d11293117321/mexicoHigh.json,7de22266d11293117321ea0aba07b610900e06626e1fffc74ffef96b751e33dc,184555,2026-08-31T22:21:20+00:00
B.6,datos_usados,reportes/20260917T224253050408Z_corrida/datos_usados/b_6_datos_usados.csv,9e5eff63d51145bbafee9584c79349dd7cda48190a3ba6ed877290f77c38563f,617,2026-09-17T22:47:09+00:00
B.6,texto_generado,build/text/b_6.md,0614909d6a6ac00c9edce6af35b35c35e4587d901e309413ccd4b3567b2999b5,171,2026-09-17T22:47:09+00:00
B.6,texto_copia_corrida,reportes/20260917T224253050408Z_corrida/textos/b_6_parrafo.md,0614909d6a6ac00c9edce6af35b35c35e4587d901e309413ccd4b3567b2999b5,171,2026-09-17T22:47:09+00:00
B.6,grafica,build/figures/B/figura_b_6.png,5b31c87ef11282e6de2f45470d4dd303bfa5c9863844e81eca828291343e5b18,302367,2026-09-17T22:47:09+00:00
B.6,metadatos,build/metadata/b_6.json,34ed7fecfe79ca791c08c0857e69d635fb38163ff8a5b4df5da547b3e4673ecc,626,2026-09-17T22:47:09+00:00
B.7,dato_crudo,data/raw/crt_bit_todo_2025_q2/objects/f75ce7de02249b11d35b/CRT_BIT_TODO.zip,f75ce7de02249b11d35bed3399f7f06558f9e7a18cc9b320180acbe96027d284,1188168847,2026-09-09T22:17:06+00:00
B.7,dato_crudo,data/raw/mexico_geojson_legacy/objects/7de22266d11293117321/mexicoHigh.json,7de22266d11293117321ea0aba07b610900e06626e1fffc74ffef96b751e33dc,184555,2026-08-31T22:21:20+00:00
B.7,datos_usados,reportes/20260917T224253050408Z_corrida/datos_usados/b_7_datos_usados.csv,9f53f8a45a92b9941ba784ec998c643887fe696a283d7d68ef9ac9a517ba98b9,630,2026-09-17T22:47:10+00:00
B.7,texto_generado,build/text/b_7.md,2658905d443d622147bf1011bc1a80aae901492102443f52c1ab973d6809a80e,188,2026-09-17T22:47:10+00:00
B.7,texto_copia_corrida,reportes/20260917T224253050408Z_corrida/textos/b_7_parrafo.md,2658905d443d622147bf1011bc1a80aae901492102443f52c1ab973d6809a80e,188,2026-09-17T22:47:10+00:00
B.7,grafica,build/figures/B/figura_b_7.png,c86ce8d0c7b381c5e75079b277c9bbd7f013a5c4da4131c49cf17882efa9b8f2,303021,2026-09-17T22:47:10+00:00
B.7,metadatos,build/metadata/b_7.json,e342974afa1ba9d1ec7964b70596aaabd7ad941b67fb145efe454c875fc2d7bc,643,2026-09-17T22:47:10+00:00
B.8,dato_crudo,data/raw/crt_bit_todo_2025_q2/objects/f75ce7de02249b11d35b/CRT_BIT_TODO.zip,f75ce7de02249b11d35bed3399f7f06558f9e7a18cc9b320180acbe96027d284,1188168847,2026-09-09T22:17:06+00:00
B.8,datos_usados,reportes/20260917T224253050408Z_corrida/datos_usados/b_8_datos_usados.csv,41999c1a102d2448c81cc3af181b0548f26e3599dcdb07077bb01bac495e217a,843,2026-09-17T22:47:12+00:00
B.8,texto_generado,build/text/b_8.md,ca89367d31a5d8e61240d16645940ceb2091cbb74ea2490d011bbae4e6954092,128,2026-09-17T22:47:12+00:00
B.8,texto_copia_corrida,reportes/20260917T224253050408Z_corrida/textos/b_8_parrafo.md,ca89367d31a5d8e61240d16645940ceb2091cbb74ea2490d011bbae4e6954092,128,2026-09-17T22:47:12+00:00
B.8,grafica,build/figures/B/figura_b_8.png,a646269c82760510b994c56ccd8294beb0ad622ac5d7022ecac0ddf969437ca8,156870,2026-09-17T22:47:12+00:00
B.8,metadatos,build/metadata/b_8.json,2e488db2174d5c8307e65b2eac2bfd86ad387daf3f1c07277ed6b0ee78cb9a1f,586,2026-09-17T22:47:12+00:00
B.9,dato_crudo,data/raw/crt_bit_todo_2025_q2/objects/f75ce7de02249b11d35b/CRT_BIT_TODO.zip,f75ce7de02249b11d35bed3399f7f06558f9e7a18cc9b320180acbe96027d284,1188168847,2026-09-09T22:17:06+00:00
B.9,datos_usados,reportes/20260917T224253050408Z_corrida/datos_usados/b_9_datos_usados.csv,5c9947ab861f350c7d9c197c33b5f5983dbb60b523591536f5c7183d21d3cfa7,668,2026-09-17T22:47:13+00:00
B.9,texto_generado,build/text/b_9.md,c9603988d2b7b8bf8483d0c7cd32a4f224f38b880ad33c3f33cecbb49527dde0,148,2026-09-17T22:47:13+00:00
B.9,texto_copia_corrida,reportes/20260917T224253050408Z_corrida/textos/b_9_parrafo.md,c9603988d2b7b8bf8483d0c7cd32a4f224f38b880ad33c3f33cecbb49527dde0,148,2026-09-17T22:47:13+00:00
B.9,grafica,build/figures/B/figura_b_9.png,2617aba53d016f647822ddc6840687984c1b94fddcbd7b21b92618d727e29bdd,218411,2026-09-17T22:47:14+00:00
B.9,metadatos,build/metadata/b_9.json,6710f2c841b1f7652f939f60340586ea0254de83176fd437923c8376ae2a2013,588,2026-09-17T22:47:14+00:00
B.10,dato_crudo,data/raw/crt_bit_todo_2025_q2/objects/f75ce7de02249b11d35b/CRT_BIT_TODO.zip,f75ce7de02249b11d35bed3399f7f06558f9e7a18cc9b320180acbe96027d284,1188168847,2026-09-09T22:17:06+00:00
B.10,datos_usados,reportes/20260917T224253050408Z_corrida/datos_usados/b_10_datos_usados.csv,ee6e8f9707b4c3da18c1b1a25369d467cd4f7bd39d9e3de9448e0a8f4e192703,155,2026-09-17T22:47:15+00:00
B.10,texto_generado,build/text/b_10.md,cec5baecd7adcbbcbd11f622f3dafcc9e5b7fc4af0d18e8d158788f9721540c9,165,2026-09-17T22:47:15+00:00
B.10,texto_copia_corrida,reportes/20260917T224253050408Z_corrida/textos/b_10_parrafo.md,cec5baecd7adcbbcbd11f622f3dafcc9e5b7fc4af0d18e8d158788f9721540c9,165,2026-09-17T22:47:15+00:00
B.10,grafica,build/figures/B/figura_b_10.png,14ee573a5253564c98c12e695a5b1e6129a0175d3c359d55cd9282e72acf6d2d,112582,2026-09-17T22:47:15+00:00
B.10,metadatos,build/metadata/b_10.json,1d2a91d2650111dacefca05e7fed037b3427ec96bb21ee8c01668c4a14b18724,595,2026-09-17T22:47:15+00:00
B.11,dato_crudo,data/raw/crt_bit_todo_2025_q2/objects/f75ce7de02249b11d35b/CRT_BIT_TODO.zip,f75ce7de02249b11d35bed3399f7f06558f9e7a18cc9b320180acbe96027d284,1188168847,2026-09-09T22:17:06+00:00
B.11,datos_usados,reportes/20260917T224253050408Z_corrida/datos_usados/b_11_datos_usados.csv,39c5de1fc2dbb326168aafa036820c87bcf68149e3982862620553f287f1af0d,380,2026-09-17T22:47:17+00:00
B.11,texto_generado,build/text/b_11.md,ca51368c8937dce11838ad0be28c40859119c50b81ccdabfb59831652fbd12e4,122,2026-09-17T22:47:17+00:00
B.11,texto_copia_corrida,reportes/20260917T224253050408Z_corrida/textos/b_11_parrafo.md,ca51368c8937dce11838ad0be28c40859119c50b81ccdabfb59831652fbd12e4,122,2026-09-17T22:47:17+00:00
B.11,grafica,build/figures/B/figura_b_11.png,2c7361a802355b88c612cce17e152a88687c1520103d3e0b90d26cf86223b1d1,125841,2026-09-17T22:47:17+00:00
B.11,metadatos,build/metadata/b_11.json,b8229b1c15edcb37cf6fd794f4ca9b10af841d53a077973520c5b5ad2fc02971,578,2026-09-17T22:47:17+00:00
B.12,dato_crudo,data/raw/crt_bit_todo_2025_q2/objects/f75ce7de02249b11d35b/CRT_BIT_TODO.zip,f75ce7de02249b11d35bed3399f7f06558f9e7a18cc9b320180acbe96027d284,1188168847,2026-09-09T22:17:06+00:00
B.12,datos_usados,reportes/20260917T224253050408Z_corrida/datos_usados/b_12_datos_usados.csv,e1f9fcd7c01ed6488ac931feb5bfca74f69e561f9d0bbd3309eb780ca6cb55a3,236,2026-09-17T22:47:18+00:00
B.12,texto_generado,build/text/b_12.md,a8f9ed9a512a7fe29563ecfa107dd573c87571e5e7f950e4c3d97148e4c01a6e,135,2026-09-17T22:47:18+00:00
B.12,texto_copia_corrida,reportes/20260917T224253050408Z_corrida/textos/b_12_parrafo.md,a8f9ed9a512a7fe29563ecfa107dd573c87571e5e7f950e4c3d97148e4c01a6e,135,2026-09-17T22:47:18+00:00
B.12,grafica,build/figures/B/figura_b_12.png,bb63c76067995cfbc65aea5bc7af514b678ac5fce0f8f2fe98d7ae64a98cfb8c,129702,2026-09-17T22:47:19+00:00
B.12,metadatos,build/metadata/b_12.json,4a2efe89fe8af816ab6c280c383fa59a5b993a5e00e8fecc9619e8627fbbbf92,593,2026-09-17T22:47:19+00:00
B.13,dato_crudo,data/raw/crt_bit_todo_2025_q2/objects/f75ce7de02249b11d35b/CRT_BIT_TODO.zip,f75ce7de02249b11d35bed3399f7f06558f9e7a18cc9b320180acbe96027d284,1188168847,2026-09-09T22:17:06+00:00
B.13,dato_crudo,data/raw/inegi_endutih_2025/objects/65d219261b3890ee12eaf95cdd1185f6b7d52eefd7e698ffd335b604364fd508/conjunto_de_datos_endutih_2025_csv.zip,65d219261b3890ee12eaf95cdd1185f6b7d52eefd7e698ffd335b604364fd508,8197337,2026-09-10T12:04:22+00:00
B.13,dato_crudo,data/raw/mexico_geojson_legacy/objects/7de22266d11293117321/mexicoHigh.json,7de22266d11293117321ea0aba07b610900e06626e1fffc74ffef96b751e33dc,184555,2026-08-31T22:21:20+00:00
B.13,datos_usados,reportes/20260917T224253050408Z_corrida/datos_usados/b_13_datos_usados.csv,502ba1a4ecdff3e5c9b64f230af39048311ad7e9aae597b0d6104f6b0322c371,1659,2026-09-17T22:47:21+00:00
B.13,texto_generado,build/text/b_13.md,41793c0192864d0b928be6b44d501205572a34c71fa28b87658433253440efc5,179,2026-09-17T22:47:21+00:00
B.13,texto_copia_corrida,reportes/20260917T224253050408Z_corrida/textos/b_13_parrafo.md,41793c0192864d0b928be6b44d501205572a34c71fa28b87658433253440efc5,179,2026-09-17T22:47:21+00:00
B.13,grafica,build/figures/B/figura_b_13.png,7a99fc72c4d4c9a11447e74127d98f745e43fe042659b797d2a4c27dd7d2026d,303573,2026-09-17T22:47:21+00:00
B.13,metadatos,build/metadata/b_13.json,5bc2454878d13a06834a9e8dc606bb907773a024908f1c7c15ca825604c7b904,631,2026-09-17T22:47:21+00:00
B.14,dato_crudo,data/raw/crt_bit_todo_2025_q2/objects/f75ce7de02249b11d35b/CRT_BIT_TODO.zip,f75ce7de02249b11d35bed3399f7f06558f9e7a18cc9b320180acbe96027d284,1188168847,2026-09-09T22:17:06+00:00
B.14,dato_crudo,data/raw/inegi_denue_2023_state_counts/denue_2023.csv,2ab9ec7b8e668ffb25466e32fe6008bf1304ab78251f91efd01fcc8b3ca93acc,604,2026-09-10T22:59:28+00:00
B.14,dato_crudo,data/raw/mexico_geojson_legacy/objects/7de22266d11293117321/mexicoHigh.json,7de22266d11293117321ea0aba07b610900e06626e1fffc74ffef96b751e33dc,184555,2026-08-31T22:21:20+00:00
B.14,datos_usados,reportes/20260917T224253050408Z_corrida/datos_usados/b_14_datos_usados.csv,78818c493eb15be853cefedd8706ad579eca05d03696be715a163d05718d10c7,1979,2026-09-17T22:47:23+00:00
B.14,texto_generado,build/text/b_14.md,bffc324eccd1794ee3a59367797bcf10af41803998c33c826f06e7ad6094036d,186,2026-09-17T22:47:23+00:00
B.14,texto_copia_corrida,reportes/20260917T224253050408Z_corrida/textos/b_14_parrafo.md,bffc324eccd1794ee3a59367797bcf10af41803998c33c826f06e7ad6094036d,186,2026-09-17T22:47:23+00:00
B.14,grafica,build/figures/B/figura_b_14.png,bf0fb248260930e4e173b04eb816f1f32394ad6897a8f3579051d3f5e297876f,297553,2026-09-17T22:47:23+00:00
B.14,metadatos,build/metadata/b_14.json,b7d3994e724b864767678296e5d4da6c2c1018f9f42f6a06505d3f41b4201704,647,2026-09-17T22:47:23+00:00
B.15,dato_crudo,data/raw/crt_bit_todo_2025_q2/objects/f75ce7de02249b11d35b/CRT_BIT_TODO.zip,f75ce7de02249b11d35bed3399f7f06558f9e7a18cc9b320180acbe96027d284,1188168847,2026-09-09T22:17:06+00:00
B.15,datos_usados,reportes/20260917T224253050408Z_corrida/datos_usados/b_15_datos_usados.csv,375e427aa2aa892ccd2fd3458774ceaab4d7a902fc48c9e7ec1355d097ab7a4e,1263,2026-09-17T22:47:24+00:00
B.15,texto_generado,build/text/b_15.md,66674e8672e1e5bc3624c82601f29dbf007778a07af8123da93f3d22d669f634,167,2026-09-17T22:47:24+00:00
B.15,texto_copia_corrida,reportes/20260917T224253050408Z_corrida/textos/b_15_parrafo.md,66674e8672e1e5bc3624c82601f29dbf007778a07af8123da93f3d22d669f634,167,2026-09-17T22:47:24+00:00
B.15,grafica,build/figures/B/figura_b_15.png,8b03692d99a8cc71ef6b61f292b5b4854e23edc4247a1d3d8141f2dd8d97650f,199873,2026-09-17T22:47:25+00:00
B.15,metadatos,build/metadata/b_15.json,aedfad41f9097cabece8712b4c1f4e2fb1876c4d88b5b15cdbae59b10af03472,619,2026-09-17T22:47:25+00:00
B.16,dato_crudo,data/raw/crt_bit_todo_2025_q2/objects/f75ce7de02249b11d35b/CRT_BIT_TODO.zip,f75ce7de02249b11d35bed3399f7f06558f9e7a18cc9b320180acbe96027d284,1188168847,2026-09-09T22:17:06+00:00
B.16,datos_usados,reportes/20260917T224253050408Z_corrida/datos_usados/b_16_datos_usados.csv,3c8739f78108442037ceba3087cf599461b43a8a5ee50eb7b6d0e0165005724a,772,2026-09-17T22:47:27+00:00
B.16,texto_generado,build/text/b_16.md,129fb88e47fb0c1e1b2f866d2e15e9ad798f1c438f289d2182fc1a7a4a22a323,186,2026-09-17T22:47:27+00:00
B.16,texto_copia_corrida,reportes/20260917T224253050408Z_corrida/textos/b_16_parrafo.md,129fb88e47fb0c1e1b2f866d2e15e9ad798f1c438f289d2182fc1a7a4a22a323,186,2026-09-17T22:47:27+00:00
B.16,grafica,build/figures/B/figura_b_16.png,4fdda1c8e3b59880fa12786afd21dda8bc8b037f2a58f00c0083882c16db308e,250016,2026-09-17T22:47:27+00:00
B.16,metadatos,build/metadata/b_16.json,e9f4d17b3d4e858af356b13628c5019ead42b7778c212b426ea2db38a21c7b0a,621,2026-09-17T22:47:27+00:00
B.17,dato_crudo,data/raw/crt_bit_todo_2025_q2/objects/f75ce7de02249b11d35b/CRT_BIT_TODO.zip,f75ce7de02249b11d35bed3399f7f06558f9e7a18cc9b320180acbe96027d284,1188168847,2026-09-09T22:17:06+00:00
B.17,datos_usados,reportes/20260917T224253050408Z_corrida/datos_usados/b_17_datos_usados.csv,98289230ad0fc4cd60ee2f7fade6497172a5931afbfd4af10b14e6a91d440c5f,717,2026-09-17T22:47:29+00:00
B.17,texto_generado,build/text/b_17.md,b97c166f3fafe65d4343acd3f8b80dc9a5fa70041e14c174c4a25995c320f773,147,2026-09-17T22:47:29+00:00
B.17,texto_copia_corrida,reportes/20260917T224253050408Z_corrida/textos/b_17_parrafo.md,b97c166f3fafe65d4343acd3f8b80dc9a5fa70041e14c174c4a25995c320f773,147,2026-09-17T22:47:29+00:00
B.17,grafica,build/figures/B/figura_b_17.png,c8a31f54133030838e66f79856d295ba3b8426c8229c79d1d49a90bfad8882a8,250333,2026-09-17T22:47:29+00:00
B.17,metadatos,build/metadata/b_17.json,5a3554b90df4e3fdb7fc26d8f050f6e663660ae1b177e66d4b9cc4a582f63624,591,2026-09-17T22:47:29+00:00
B.18,dato_crudo,data/raw/crt_bit_todo_2025_q2/objects/f75ce7de02249b11d35b/CRT_BIT_TODO.zip,f75ce7de02249b11d35bed3399f7f06558f9e7a18cc9b320180acbe96027d284,1188168847,2026-09-09T22:17:06+00:00
B.18,datos_usados,reportes/20260917T224253050408Z_corrida/datos_usados/b_18_datos_usados.csv,b73624ea7ad8c1597d127a55c1a39eca3f573bfd7ab0ec42f5f199e0761187f1,151,2026-09-17T22:47:30+00:00
B.18,texto_generado,build/text/b_18.md,89f52ccd696d990f69aa6d7fb3f79f871a3e76c56e3b3fee6b74bb674894d7b4,163,2026-09-17T22:47:30+00:00
B.18,texto_copia_corrida,reportes/20260917T224253050408Z_corrida/textos/b_18_parrafo.md,89f52ccd696d990f69aa6d7fb3f79f871a3e76c56e3b3fee6b74bb674894d7b4,163,2026-09-17T22:47:30+00:00
B.18,grafica,build/figures/B/figura_b_18.png,e62e592dd73ea92435626cf04e74ba009ec78d6c01ddc3d8f1e8ed622c131312,112442,2026-09-17T22:47:31+00:00
B.18,metadatos,build/metadata/b_18.json,0c22ed38c714d37dff06cefdf8cc2f1d1156deb2f52d4da7b376ea876054670c,593,2026-09-17T22:47:31+00:00
B.19,dato_crudo,data/raw/crt_bit_todo_2025_q2/objects/f75ce7de02249b11d35b/CRT_BIT_TODO.zip,f75ce7de02249b11d35bed3399f7f06558f9e7a18cc9b320180acbe96027d284,1188168847,2026-09-09T22:17:06+00:00
B.19,datos_usados,reportes/20260917T224253050408Z_corrida/datos_usados/b_19_datos_usados.csv,eb798e219e9f59ef4797412f0d2567c2cf5d7a24e4272de2cbd4d8b665d2e92a,466,2026-09-17T22:47:32+00:00
B.19,texto_generado,build/text/b_19.md,e0888468f170f716860eea669c2d9722b90836e6ec0f501dcfb40ce2be3944d7,132,2026-09-17T22:47:32+00:00
B.19,texto_copia_corrida,reportes/20260917T224253050408Z_corrida/textos/b_19_parrafo.md,e0888468f170f716860eea669c2d9722b90836e6ec0f501dcfb40ce2be3944d7,132,2026-09-17T22:47:32+00:00
B.19,grafica,build/figures/B/figura_b_19.png,e02c5a9045a36d80d0c012093bc81171c93658e782797a4594e4489c73b1c2b8,144483,2026-09-17T22:47:33+00:00
B.19,metadatos,build/metadata/b_19.json,668d71250624259d78ad525c6fa0e4540ccdf960d3657c2ed64cf7613be560f6,588,2026-09-17T22:47:33+00:00
B.20,dato_crudo,data/raw/crt_bit_todo_2025_q2/objects/f75ce7de02249b11d35b/CRT_BIT_TODO.zip,f75ce7de02249b11d35bed3399f7f06558f9e7a18cc9b320180acbe96027d284,1188168847,2026-09-09T22:17:06+00:00
B.20,datos_usados,reportes/20260917T224253050408Z_corrida/datos_usados/b_20_datos_usados.csv,aa4afae0a1d58446efe7b92f82f31722690c75eeb718aa4f92be9a22bdb12c7a,264,2026-09-17T22:47:34+00:00
B.20,texto_generado,build/text/b_20.md,cfb875b3c246b7e76919df56ed39bd23d1e684ead0bd9d24150d7721ff8eae6e,145,2026-09-17T22:47:34+00:00
B.20,texto_copia_corrida,reportes/20260917T224253050408Z_corrida/textos/b_20_parrafo.md,cfb875b3c246b7e76919df56ed39bd23d1e684ead0bd9d24150d7721ff8eae6e,145,2026-09-17T22:47:34+00:00
B.20,grafica,build/figures/B/figura_b_20.png,7b07625c663d75185f22b69b067b3bfe00df8205519aab1dc26636a03f15470a,159603,2026-09-17T22:47:34+00:00
B.20,metadatos,build/metadata/b_20.json,74e7e93899ba7103d7f207391e5de1f9599cd4bf2f2ee73940128bcc4aef7fb9,603,2026-09-17T22:47:34+00:00
B.21,dato_crudo,data/raw/crt_bit_todo_2025_q2/objects/f75ce7de02249b11d35b/CRT_BIT_TODO.zip,f75ce7de02249b11d35bed3399f7f06558f9e7a18cc9b320180acbe96027d284,1188168847,2026-09-09T22:17:06+00:00
B.21,dato_crudo,data/raw/inegi_endutih_2025/objects/65d219261b3890ee12eaf95cdd1185f6b7d52eefd7e698ffd335b604364fd508/conjunto_de_datos_endutih_2025_csv.zip,65d219261b3890ee12eaf95cdd1185f6b7d52eefd7e698ffd335b604364fd508,8197337,2026-09-10T12:04:22+00:00
B.21,dato_crudo,data/raw/mexico_geojson_legacy/objects/7de22266d11293117321/mexicoHigh.json,7de22266d11293117321ea0aba07b610900e06626e1fffc74ffef96b751e33dc,184555,2026-08-31T22:21:20+00:00
B.21,datos_usados,reportes/20260917T224253050408Z_corrida/datos_usados/b_21_datos_usados.csv,380f0250380310227e90112ee047028e0a2b983069e86c0f01f362638a0c2e20,2243,2026-09-17T22:47:37+00:00
B.21,texto_generado,build/text/b_21.md,0e40084b876012d34ccacf7830cd601792c16533482d7507d297afb0bd72d36f,395,2026-09-17T22:47:37+00:00
B.21,texto_copia_corrida,reportes/20260917T224253050408Z_corrida/textos/b_21_parrafo.md,0e40084b876012d34ccacf7830cd601792c16533482d7507d297afb0bd72d36f,395,2026-09-17T22:47:37+00:00
B.21,grafica,build/figures/B/figura_b_21.png,976006d52ac75c839be5a7c2e56bdfd4077586c44645cc981596f7969d78f440,322627,2026-09-17T22:47:38+00:00
B.21,metadatos,build/metadata/b_21.json,c750ac00e0dc9b98bfa4c876b316e12aaa386e122baa98194ed11f9c7d1560f7,629,2026-09-17T22:47:38+00:00
B.22,dato_crudo,data/raw/crt_bit_todo_2025_q2/objects/f75ce7de02249b11d35b/CRT_BIT_TODO.zip,f75ce7de02249b11d35bed3399f7f06558f9e7a18cc9b320180acbe96027d284,1188168847,2026-09-09T22:17:06+00:00
B.22,dato_crudo,data/raw/inegi_denue_2026_05/05_2026/denue_00_11_csv.zip,28dcadcad30b377b4de2033b4aa557736529b478ab09e70165edb8763c8d6f34,1727378,2026-09-11T17:48:07+00:00
B.22,dato_crudo,data/raw/inegi_denue_2026_05/05_2026/denue_00_21_csv.zip,92769cb9f5aafcb4e11afe7c7224e3dde3a2c97c5585d4e6f13fc563c4c403f7,310010,2026-09-11T17:48:08+00:00
B.22,dato_crudo,data/raw/inegi_denue_2026_05/05_2026/denue_00_22_csv.zip,2f36bc617303b7eaa3fff11648f38a228bd4ad59a418eab9d616f62ebdd8a949,1178241,2026-09-11T17:48:09+00:00
B.22,dato_crudo,data/raw/inegi_denue_2026_05/05_2026/denue_00_23_csv.zip,8f93eb74daf8b832eb50d722fd2d5e33a53b9753bf8f51629f7007edacc348d3,2716967,2026-09-11T17:48:11+00:00
B.22,dato_crudo,data/raw/inegi_denue_2026_05/05_2026/denue_00_31-33_csv.zip,5ec504d9c761778e94a8cdb4401b9f4f91ef478ee656086c7ac2973ca37890cd,57607659,2026-09-11T17:49:53+00:00
B.22,dato_crudo,data/raw/inegi_denue_2026_05/05_2026/denue_00_43_csv.zip,0b57798429caccdce1e4c37f3242dd5f5b0ea33f4478a49a4051617fca4b0f55,18345491,2026-09-11T17:50:41+00:00
B.22,dato_crudo,data/raw/inegi_denue_2026_05/05_2026/denue_00_46111_csv.zip,3e2b9a82555fcffd3f733b54beaf98a111f993e3475e7839f731ab794a18cb03,59835497,2026-09-11T17:53:23+00:00
B.22,dato_crudo,data/raw/inegi_denue_2026_05/05_2026/denue_00_46112-46311_csv.zip,8f1375af5fe6d30bd0497a1896c46a5a300c81fe607e87034d45e4e43cadd7a4,53077017,2026-09-11T17:54:31+00:00
B.22,dato_crudo,data/raw/inegi_denue_2026_05/05_2026/denue_00_46321-46531_csv.zip,2f19e3e65ce370d9b4f638c20333ad319035b5136c5007d9d49104ef89a4db60,58209695,2026-09-11T17:56:15+00:00
B.22,dato_crudo,data/raw/inegi_denue_2026_05/05_2026/denue_00_46591-46911_csv.zip,dd37519ac10f46af6eda734a9b1ff4e0b5b9be7ecc8a00fc7e4d130f6b8b1fc7,60209960,2026-09-11T17:58:07+00:00
B.22,dato_crudo,data/raw/inegi_denue_2026_05/05_2026/denue_00_48-49_csv.zip,5dd2f6fd55a36cd44dd24b98b6e3c56c150540aed2845897932839c559c30edd,4910330,2026-09-11T17:58:12+00:00
B.22,dato_crudo,data/raw/inegi_denue_2026_05/05_2026/denue_00_51_csv.zip,3ff73da9f2136713669f3fe24df259b8bbc67f478c1b80cd427016aa1169d04a,2246906,2026-09-11T17:58:14+00:00
B.22,dato_crudo,data/raw/inegi_denue_2026_05/05_2026/denue_00_52_csv.zip,86012151652274f6aa0212c3211b8fb24717cac37882557ac85a287ba32bb774,4858222,2026-09-11T17:58:20+00:00
B.22,dato_crudo,data/raw/inegi_denue_2026_05/05_2026/denue_00_53_csv.zip,be00934435c3eb640362949f034a4535e520fd82b560914ce216025e326cce09,8258667,2026-09-11T17:58:28+00:00
B.22,dato_crudo,data/raw/inegi_denue_2026_05/05_2026/denue_00_54_csv.zip,bd4eb1dee2e36efa5a095e3e26eda90a4b484e9f221f226f1f6b7346f7b38bd3,11265411,2026-09-11T17:58:40+00:00
B.22,dato_crudo,data/raw/inegi_denue_2026_05/05_2026/denue_00_55_csv.zip,75c0036a724904e673b6661f99a3b1c1618cd17f0582a1c2bece9b538b622a04,58074,2026-09-11T17:58:40+00:00
B.22,dato_crudo,data/raw/inegi_denue_2026_05/05_2026/denue_00_56_csv.zip,37e296986db4f862090d009945b9959a98870a31ec670bf3dd39b2ffc4432403,6039386,2026-09-11T17:58:49+00:00
B.22,dato_crudo,data/raw/inegi_denue_2026_05/05_2026/denue_00_61_csv.zip,2a55d9158929affb24975318f2534a6a257e1a4ee3fcfa90c9ce4ace2e00e5ca,15571907,2026-09-11T17:58:59+00:00
B.22,dato_crudo,data/raw/inegi_denue_2026_05/05_2026/denue_00_62_csv.zip,c02d7ad5e2338af4eb3a3a7ac066b73d4e84f8846287d605543f769ac53524f4,26906887,2026-09-11T17:59:29+00:00
B.22,dato_crudo,data/raw/inegi_denue_2026_05/05_2026/denue_00_71_csv.zip,b251bcf0adb8f645870298c29e51e1ab2fb465e13630b00c50d933a681e71288,6743965,2026-09-11T17:59:38+00:00
B.22,dato_crudo,data/raw/inegi_denue_2026_05/05_2026/denue_00_72_1_csv.zip,909dd5c7d4447f2905c890ec1336f65e10ad5ca47467d89276236b48c8701b49,49342606,2026-09-11T18:00:21+00:00
B.22,dato_crudo,data/raw/inegi_denue_2026_05/05_2026/denue_00_72_2_csv.zip,cf12fc06171e06726427db15fd9e29fa0cfb44b9b984edf48fb382a69fcce441,26143420,2026-09-11T18:01:06+00:00
B.22,dato_crudo,data/raw/inegi_denue_2026_05/05_2026/denue_00_81_1_csv.zip,eb3a50e1b7f47f819c9e2ed9e04257b05041aeb70619a9648d0cb4de5414468f,50180217,2026-09-11T18:02:23+00:00
B.22,dato_crudo,data/raw/inegi_denue_2026_05/05_2026/denue_00_81_2_csv.zip,0e6d1b10b0ceb0ef43740967229bf21fc1953119e9300dedbbef350b13eb7b02,39382296,2026-09-11T18:03:25+00:00
B.22,dato_crudo,data/raw/inegi_denue_2026_05/05_2026/denue_00_93_csv.zip,b4cc4c83941073710cf1c406505cdf668d2fc40eb3a212955266d13ff2e0d319,6765070,2026-09-11T18:03:32+00:00
B.22,dato_crudo,data/raw/mexico_geojson_legacy/objects/7de22266d11293117321/mexicoHigh.json,7de22266d11293117321ea0aba07b610900e06626e1fffc74ffef96b751e33dc,184555,2026-08-31T22:21:20+00:00
B.22,datos_usados,reportes/20260917T224253050408Z_corrida/datos_usados/b_22_datos_usados.csv,928c9e1772254c21c48761598e549826930169b0af9aa8d133820d7467879942,1982,2026-09-17T22:48:19+00:00
B.22,texto_generado,build/text/b_22.md,a85a3bcaa900d1de6f6dbec595311658579f55b89d2546697d07668980170f79,431,2026-09-17T22:48:19+00:00
B.22,texto_copia_corrida,reportes/20260917T224253050408Z_corrida/textos/b_22_parrafo.md,a85a3bcaa900d1de6f6dbec595311658579f55b89d2546697d07668980170f79,431,2026-09-17T22:48:19+00:00
B.22,grafica,build/figures/B/figura_b_22.png,c6eaa703691e299947fe7d7b551b4ed99b09e8752c57fe386afe6b3b5fb08eb1,320084,2026-09-17T22:48:20+00:00
B.22,metadatos,build/metadata/b_22.json,124669d818beebacbd939499cf25e0874f0f3e0a10e073d5ddd6432b2b5ad19d,708,2026-09-17T22:48:20+00:00
B.23,dato_crudo,data/raw/crt_bit_todo_2025_q2/objects/f75ce7de02249b11d35b/CRT_BIT_TODO.zip,f75ce7de02249b11d35bed3399f7f06558f9e7a18cc9b320180acbe96027d284,1188168847,2026-09-09T22:17:06+00:00
B.23,datos_usados,reportes/20260917T224253050408Z_corrida/datos_usados/b_23_datos_usados.csv,f66cfc65b4975701add43bdf516d1f5da051fb7d253dfa7a0d524343b4a62ba7,805,2026-09-17T22:48:27+00:00
B.23,texto_generado,build/text/b_23.md,6226a1cb4c71273fbe4f934bcaa0e3f982be83fa3b35a94f24722b1b710427ab,257,2026-09-17T22:48:27+00:00
B.23,texto_copia_corrida,reportes/20260917T224253050408Z_corrida/textos/b_23_parrafo.md,6226a1cb4c71273fbe4f934bcaa0e3f982be83fa3b35a94f24722b1b710427ab,257,2026-09-17T22:48:27+00:00
B.23,grafica,build/figures/B/figura_b_23.png,dcd57d2e4ca3f61a4d9346686496de893f65b88c2c387aac6bf1543078865b57,201107,2026-09-17T22:48:28+00:00
B.23,metadatos,build/metadata/b_23.json,871a6e8cf87b91d9ae2915a10e54e7222f940fa20992b6406927e56cbbe1ed23,585,2026-09-17T22:48:28+00:00
B.24,dato_crudo,data/raw/crt_bit_todo_2025_q2/objects/f75ce7de02249b11d35b/CRT_BIT_TODO.zip,f75ce7de02249b11d35bed3399f7f06558f9e7a18cc9b320180acbe96027d284,1188168847,2026-09-09T22:17:06+00:00
B.24,datos_usados,reportes/20260917T224253050408Z_corrida/datos_usados/b_24_datos_usados.csv,3c9d22b3e766b088120ac7f0d84aad773a860aff6ec36399f7b2169d20b167d9,493,2026-09-17T22:48:29+00:00
B.24,texto_generado,build/text/b_24.md,2e6b2594d077d7dad8eac0d76ce737e1204df6bf9e7d74a80416c24b7d52391f,133,2026-09-17T22:48:29+00:00
B.24,texto_copia_corrida,reportes/20260917T224253050408Z_corrida/textos/b_24_parrafo.md,2e6b2594d077d7dad8eac0d76ce737e1204df6bf9e7d74a80416c24b7d52391f,133,2026-09-17T22:48:29+00:00
B.24,grafica,build/figures/B/figura_b_24.png,ee9ca68ff27f9eb7a3dbc6d7458685fa2b066898db105cade1266244141bfd62,184109,2026-09-17T22:48:30+00:00
B.24,metadatos,build/metadata/b_24.json,fb376476fc6e43f7276b3a783463d722f11014a71cb07b9914f6fc97ba86ebc4,573,2026-09-17T22:48:30+00:00
B.25,dato_crudo,data/raw/crt_bit_todo_2025_q2/objects/f75ce7de02249b11d35b/CRT_BIT_TODO.zip,f75ce7de02249b11d35bed3399f7f06558f9e7a18cc9b320180acbe96027d284,1188168847,2026-09-09T22:17:06+00:00
B.25,datos_usados,reportes/20260917T224253050408Z_corrida/datos_usados/b_25_datos_usados.csv,07edd8bc3b4887e830d12f7ba77e84f22c51a9415311a979cda59cac3978f593,123,2026-09-17T22:48:31+00:00
B.25,texto_generado,build/text/b_25.md,db7ac5354d33df1fc71413ff8382f346e686b0b7446e1703f040f90bb5e6758f,152,2026-09-17T22:48:31+00:00
B.25,texto_copia_corrida,reportes/20260917T224253050408Z_corrida/textos/b_25_parrafo.md,db7ac5354d33df1fc71413ff8382f346e686b0b7446e1703f040f90bb5e6758f,152,2026-09-17T22:48:31+00:00
B.25,grafica,build/figures/B/figura_b_25.png,7c4da37ce09425562394f69aa2aa5dc743433f9ba3c2413fb1c7784a521779a2,111534,2026-09-17T22:48:31+00:00
B.25,metadatos,build/metadata/b_25.json,590379d9ec83eef37122c0b1f60d7dddd66881f56a39f9ec5da30d3e8e6d9cf8,573,2026-09-17T22:48:31+00:00
C.1,dato_crudo,data/raw/crt_bit_dist_espectro_actual/objects/9b8c957e596ec2bf97209e9819b25cfe3798130c77c35e01a7d51694c6e94466/TD_DIST_ESPECTRO_VA.csv,9b8c957e596ec2bf97209e9819b25cfe3798130c77c35e01a7d51694c6e94466,408,2026-09-11T22:50:21+00:00
C.1,datos_usados,reportes/20260917T224253050408Z_corrida/datos_usados/c_1_datos_usados.csv,1938cd822e193f847dc22509ae1ec1556be841a07552de7a9a2a44cf62593761,255,2026-09-17T22:48:31+00:00
C.1,texto_generado,build/text/c_1.md,d1c078960f4e07abd0289e6adbaad86b43ad115282bff1699a2e8451d7d20818,156,2026-09-17T22:48:32+00:00
C.1,texto_copia_corrida,reportes/20260917T224253050408Z_corrida/textos/c_1_parrafo.md,d1c078960f4e07abd0289e6adbaad86b43ad115282bff1699a2e8451d7d20818,156,2026-09-17T22:48:32+00:00
C.1,grafica,build/figures/C/figura_c_1.png,e85712da786ff693bde0174a5a473268599f77c952b78414d61c6e40d9f041be,142817,2026-09-17T22:48:32+00:00
C.1,metadatos,build/metadata/c_1.json,ac49197e6ff35071cb6035b02004c521a295c60277e9139b19406ea05e840deb,560,2026-09-17T22:48:32+00:00
C.2,dato_crudo,data/raw/crt_bit_espectro_banda_actual/objects/49913e821c907df8423fed40edafa1bb4b182b22cc2451f76a578e1b503df692/TD_ESPECTRO_BANDA_VA.csv,49913e821c907df8423fed40edafa1bb4b182b22cc2451f76a578e1b503df692,170,2026-09-11T22:50:23+00:00
C.2,dato_crudo,data/raw/crt_bit_dist_espectro_actual/objects/9b8c957e596ec2bf97209e9819b25cfe3798130c77c35e01a7d51694c6e94466/TD_DIST_ESPECTRO_VA.csv,9b8c957e596ec2bf97209e9819b25cfe3798130c77c35e01a7d51694c6e94466,408,2026-09-11T22:50:21+00:00
C.2,datos_usados,reportes/20260917T224253050408Z_corrida/datos_usados/c_2_datos_usados.csv,33d4dfaa78989054408b154565a7a27a5a384ebbdf19331a3eefbc514f206d28,526,2026-09-17T22:48:32+00:00
C.2,texto_generado,build/text/c_2.md,dd0366669a68507877c38506a1e898eba0046028f14fc3b83f17c72803f02fc6,149,2026-09-17T22:48:32+00:00
C.2,texto_copia_corrida,reportes/20260917T224253050408Z_corrida/textos/c_2_parrafo.md,dd0366669a68507877c38506a1e898eba0046028f14fc3b83f17c72803f02fc6,149,2026-09-17T22:48:32+00:00
C.2,grafica,build/figures/C/figura_c_2.png,b5d59c83b99ec9d1d9d526f986ced6a15568913ffd9bde6b5bb612ec5240d446,118690,2026-09-17T22:48:32+00:00
C.2,metadatos,build/metadata/c_2.json,66bb6f49edf461401065f21669981777e8d678ca48ff2d7f645310159ce3dac1,585,2026-09-17T22:48:32+00:00
C.3,dato_crudo,data/raw/inegi_endutih_2025/objects/65d219261b3890ee12eaf95cdd1185f6b7d52eefd7e698ffd335b604364fd508/conjunto_de_datos_endutih_2025_csv.zip,65d219261b3890ee12eaf95cdd1185f6b7d52eefd7e698ffd335b604364fd508,8197337,2026-09-10T12:04:22+00:00
C.3,datos_usados,reportes/20260917T224253050408Z_corrida/datos_usados/c_3_datos_usados.csv,b8b38f9ade7515944b8509f729dcd871e58044d589c7ed6b4c5525abf7e684a2,412,2026-09-17T22:48:33+00:00
C.3,texto_generado,build/text/c_3.md,b2f5141a8d619a4ef872250fa07bd1eccaa0feaa316909ac90077f1b0b8f8585,160,2026-09-17T22:48:33+00:00
C.3,texto_copia_corrida,reportes/20260917T224253050408Z_corrida/textos/c_3_parrafo.md,b2f5141a8d619a4ef872250fa07bd1eccaa0feaa316909ac90077f1b0b8f8585,160,2026-09-17T22:48:33+00:00
C.3,grafica,build/figures/C/figura_c_3.png,9d5dbb40fd732624b471e008fce8fd5bb13d7c11b6c867b88d6f8d4b0c2289d7,127255,2026-09-17T22:48:33+00:00
C.3,metadatos,build/metadata/c_3.json,067f881012068f190d76cb2f4bc8b14899e84499f641e80ea749d0a6cd99793b,566,2026-09-17T22:48:33+00:00
C.4,dato_crudo,data/raw/inegi_endutih_2025/objects/65d219261b3890ee12eaf95cdd1185f6b7d52eefd7e698ffd335b604364fd508/conjunto_de_datos_endutih_2025_csv.zip,65d219261b3890ee12eaf95cdd1185f6b7d52eefd7e698ffd335b604364fd508,8197337,2026-09-10T12:04:22+00:00
C.4,datos_usados,reportes/20260917T224253050408Z_corrida/datos_usados/c_4_datos_usados.csv,b8b38f9ade7515944b8509f729dcd871e58044d589c7ed6b4c5525abf7e684a2,412,2026-09-17T22:48:33+00:00
C.4,texto_generado,build/text/c_4.md,acd019e705b5c067b052000b49647f8cda1f7c0e971e9d66a7e09d4d1b588375,225,2026-09-17T22:48:33+00:00
C.4,texto_copia_corrida,reportes/20260917T224253050408Z_corrida/textos/c_4_parrafo.md,acd019e705b5c067b052000b49647f8cda1f7c0e971e9d66a7e09d4d1b588375,225,2026-09-17T22:48:33+00:00
C.4,grafica,build/figures/C/figura_c_4.png,0f2d13676daceccb322a92f58a2ab738dd57ce9fdb3c7612f4a11daace1bf512,239150,2026-09-17T22:48:34+00:00
C.4,metadatos,build/metadata/c_4.json,39d0879c5c5e09aa64cb44b5ee4e3b600b4ab18899787b641098bbda86c83e58,587,2026-09-17T22:48:34+00:00
C.5,dato_crudo,data/raw/crt_bit_todo_2025_q2/objects/f75ce7de02249b11d35b/CRT_BIT_TODO.zip,f75ce7de02249b11d35bed3399f7f06558f9e7a18cc9b320180acbe96027d284,1188168847,2026-09-09T22:17:06+00:00
C.5,datos_usados,reportes/20260917T224253050408Z_corrida/datos_usados/c_5_datos_usados.csv,13fe0bd360e28ed38c743816732bc5cb6d5a01a1dd2e0841fbcd4d1c8f0f45ca,1768,2026-09-17T22:48:35+00:00
C.5,texto_generado,build/text/c_5.md,81fec9488131eff7fce011cfab7cbbc83e4dd59780d3c8cd09de7fa541632cf1,73,2026-09-17T22:48:35+00:00
C.5,texto_copia_corrida,reportes/20260917T224253050408Z_corrida/textos/c_5_parrafo.md,81fec9488131eff7fce011cfab7cbbc83e4dd59780d3c8cd09de7fa541632cf1,73,2026-09-17T22:48:35+00:00
C.5,grafica,build/figures/C/figura_c_5.png,4f2508eabe1ded7a1b9b9cd0f0813c457102e9c86e64cd289e00dbb67cec3a1e,259117,2026-09-17T22:48:36+00:00
C.5,metadatos,build/metadata/c_5.json,26389dc481e15f413af5d8381556deef1ce9ef335055ce340db54dcca363336f,559,2026-09-17T22:48:36+00:00
C.6,dato_crudo,data/raw/crt_bit_todo_2025_q2/objects/f75ce7de02249b11d35b/CRT_BIT_TODO.zip,f75ce7de02249b11d35bed3399f7f06558f9e7a18cc9b320180acbe96027d284,1188168847,2026-09-09T22:17:06+00:00
C.6,datos_usados,reportes/20260917T224253050408Z_corrida/datos_usados/c_6_datos_usados.csv,f3e64e79700ed18304d149b3f51dfdeaf92d2ba8c0187177ccf1b68e64d8c4d8,400,2026-09-17T22:48:37+00:00
C.6,texto_generado,build/text/c_6.md,3e64cb5d51e21a7989fa69aec6cc9752bc7fecfc298248a5ac09987068beb64f,85,2026-09-17T22:48:37+00:00
C.6,texto_copia_corrida,reportes/20260917T224253050408Z_corrida/textos/c_6_parrafo.md,3e64cb5d51e21a7989fa69aec6cc9752bc7fecfc298248a5ac09987068beb64f,85,2026-09-17T22:48:37+00:00
C.6,grafica,build/figures/C/figura_c_6.png,cf51b0ebf02ea98b1e7c7e29830f46df341393b1cb705068db95b2e9a2ef67c5,213692,2026-09-17T22:48:37+00:00
C.6,metadatos,build/metadata/c_6.json,8e0a0e0ca8e817afd15e512e238fb5cde2442416278d3080c1342c441fb04019,569,2026-09-17T22:48:37+00:00
C.7,dato_crudo,data/raw/crt_bit_todo_2025_q2/objects/f75ce7de02249b11d35b/CRT_BIT_TODO.zip,f75ce7de02249b11d35bed3399f7f06558f9e7a18cc9b320180acbe96027d284,1188168847,2026-09-09T22:17:06+00:00
C.7,dato_crudo,data/raw/mexico_geojson_legacy/objects/7de22266d11293117321/mexicoHigh.json,7de22266d11293117321ea0aba07b610900e06626e1fffc74ffef96b751e33dc,184555,2026-08-31T22:21:20+00:00
C.7,datos_usados,reportes/20260917T224253050408Z_corrida/datos_usados/c_7_datos_usados.csv,65073d4c4bfeb7a94e95b1cdefb229cf30c25851a9b2c558232534961471630c,647,2026-09-17T22:48:39+00:00
C.7,texto_generado,build/text/c_7.md,557320e1ebb1d3459dc8037a17194833e4941c1e84baaf7f0cae6782f9dff9b1,91,2026-09-17T22:48:39+00:00
C.7,texto_copia_corrida,reportes/20260917T224253050408Z_corrida/textos/c_7_parrafo.md,557320e1ebb1d3459dc8037a17194833e4941c1e84baaf7f0cae6782f9dff9b1,91,2026-09-17T22:48:39+00:00
C.7,grafica,build/figures/C/figura_c_7.png,440ac40c0dc64608446305470cc8e9ac5eca5be78f5d7e13e90767310e7afdc7,305055,2026-09-17T22:48:39+00:00
C.7,metadatos,build/metadata/c_7.json,695cffcf009de4aa028ec3f41d93aaebef0ccc6ef918e3539e3a20204cc7b3df,592,2026-09-17T22:48:39+00:00
C.8,dato_crudo,data/raw/crt_bit_todo_2025_q2/objects/f75ce7de02249b11d35b/CRT_BIT_TODO.zip,f75ce7de02249b11d35bed3399f7f06558f9e7a18cc9b320180acbe96027d284,1188168847,2026-09-09T22:17:06+00:00
C.8,datos_usados,reportes/20260917T224253050408Z_corrida/datos_usados/c_8_datos_usados.csv,54b28f9e7f3e1c958c868dc5015b02de6713cbd3b35259810a604947292d55d2,579,2026-09-17T22:48:40+00:00
C.8,texto_generado,build/text/c_8.md,ec62cfd164f909b82bf8ee1b7dbf54a315bd7e1cc2ebcf978a8209bcc4b06717,74,2026-09-17T22:48:40+00:00
C.8,texto_copia_corrida,reportes/20260917T224253050408Z_corrida/textos/c_8_parrafo.md,ec62cfd164f909b82bf8ee1b7dbf54a315bd7e1cc2ebcf978a8209bcc4b06717,74,2026-09-17T22:48:40+00:00
C.8,grafica,build/figures/C/figura_c_8.png,84a1126fd03b1793daafa7ac1a2085e898d95103ffcf48e4d211f0ec5d4a69e4,150013,2026-09-17T22:48:41+00:00
C.8,metadatos,build/metadata/c_8.json,8649e1bd46901389154067a26bc1441a868ca1f6ade5d9dee5669bdc21c7aaa1,554,2026-09-17T22:48:41+00:00
C.9,dato_crudo,data/raw/crt_bit_todo_2025_q2/objects/f75ce7de02249b11d35b/CRT_BIT_TODO.zip,f75ce7de02249b11d35bed3399f7f06558f9e7a18cc9b320180acbe96027d284,1188168847,2026-09-09T22:17:06+00:00
C.9,datos_usados,reportes/20260917T224253050408Z_corrida/datos_usados/c_9_datos_usados.csv,014b484c6f8c5bd24b6105f1a21c5246a31e9c34db35b2953759c3c740c72e72,447,2026-09-17T22:48:42+00:00
C.9,texto_generado,build/text/c_9.md,068764f517431a5446a4cc5be23555972d19a4f46107524210b854ecefccdb2f,78,2026-09-17T22:48:42+00:00
C.9,texto_copia_corrida,reportes/20260917T224253050408Z_corrida/textos/c_9_parrafo.md,068764f517431a5446a4cc5be23555972d19a4f46107524210b854ecefccdb2f,78,2026-09-17T22:48:42+00:00
C.9,grafica,build/figures/C/figura_c_9.png,f6bebc8db9fb1fcde38d9d60ba69c80415d2f0d00ed6e255dda6f83ca78012f2,223837,2026-09-17T22:48:43+00:00
C.9,metadatos,build/metadata/c_9.json,09e7ea0d4defbc9ec78a18c83138a82aa281e991aa7a819f834fea0664e7c45b,563,2026-09-17T22:48:43+00:00
C.10,dato_crudo,data/raw/crt_bit_todo_2025_q2/objects/f75ce7de02249b11d35b/CRT_BIT_TODO.zip,f75ce7de02249b11d35bed3399f7f06558f9e7a18cc9b320180acbe96027d284,1188168847,2026-09-09T22:17:06+00:00
C.10,datos_usados,reportes/20260917T224253050408Z_corrida/datos_usados/c_10_datos_usados.csv,a1e17e959c6f900886d7aff0eb5c005cb0eccb2bf18c4f238bd2f7a375576f51,169,2026-09-17T22:48:44+00:00
C.10,texto_generado,build/text/c_10.md,1e4eb8ab7d59a06430e4f28f9423fbb8bfc7a4f6a8609885d5401a94e6ac36a8,58,2026-09-17T22:48:44+00:00
C.10,texto_copia_corrida,reportes/20260917T224253050408Z_corrida/textos/c_10_parrafo.md,1e4eb8ab7d59a06430e4f28f9423fbb8bfc7a4f6a8609885d5401a94e6ac36a8,58,2026-09-17T22:48:44+00:00
C.10,grafica,build/figures/C/figura_c_10.png,28635f77fb4d2580e8724eef305ce61a2775b6a9fa59ae51b035b2209b356f05,116926,2026-09-17T22:48:44+00:00
C.10,metadatos,build/metadata/c_10.json,e9c618ed85ae72183b9cdb1090b72c423c7920aa103e44545886c881664fb1c6,567,2026-09-17T22:48:44+00:00
C.11,dato_crudo,data/raw/crt_bit_todo_2025_q2/objects/f75ce7de02249b11d35b/CRT_BIT_TODO.zip,f75ce7de02249b11d35bed3399f7f06558f9e7a18cc9b320180acbe96027d284,1188168847,2026-09-09T22:17:06+00:00
C.11,datos_usados,reportes/20260917T224253050408Z_corrida/datos_usados/c_11_datos_usados.csv,66502ab1e359c4f05c2d1da27e880c3b1c414a95c3e016d6f2eab0e911a7b418,888,2026-09-17T22:48:45+00:00
C.11,texto_generado,build/text/c_11.md,7244ad75202e1ff2f254b61b3063830ddf686f15e33409f4d8211200e28f8aaa,94,2026-09-17T22:48:45+00:00
C.11,texto_copia_corrida,reportes/20260917T224253050408Z_corrida/textos/c_11_parrafo.md,7244ad75202e1ff2f254b61b3063830ddf686f15e33409f4d8211200e28f8aaa,94,2026-09-17T22:48:45+00:00
C.11,grafica,build/figures/C/figura_c_11.png,8d406de4972f694129359e0884a0484218e7dfcd0cac2f968818d120a44dc5d3,208598,2026-09-17T22:48:46+00:00
C.11,metadatos,build/metadata/c_11.json,94cf7fda0b6e954ddd7c35517f3513fd194a610450df5e79fb24c20e7549f3f2,570,2026-09-17T22:48:46+00:00
C.12,dato_crudo,data/raw/crt_bit_todo_2025_q2/objects/f75ce7de02249b11d35b/CRT_BIT_TODO.zip,f75ce7de02249b11d35bed3399f7f06558f9e7a18cc9b320180acbe96027d284,1188168847,2026-09-09T22:17:06+00:00
C.12,datos_usados,reportes/20260917T224253050408Z_corrida/datos_usados/c_12_datos_usados.csv,9edefa45a0b33d82694c6cf2d55db46da0cbf4ce5922ac4d96574fd611d89f67,187,2026-09-17T22:48:47+00:00
C.12,texto_generado,build/text/c_12.md,b3c6ad96d7b32e305236951c686d6843e2c1c7aa707d910c8e17f76901ad6bbb,96,2026-09-17T22:48:47+00:00
C.12,texto_copia_corrida,reportes/20260917T224253050408Z_corrida/textos/c_12_parrafo.md,b3c6ad96d7b32e305236951c686d6843e2c1c7aa707d910c8e17f76901ad6bbb,96,2026-09-17T22:48:47+00:00
C.12,grafica,build/figures/C/figura_c_12.png,e7336ae80a6ff8c1d82320f18876b9cea82e63c4cb7829caaaf271914ab0c2f8,173028,2026-09-17T22:48:47+00:00
C.12,metadatos,build/metadata/c_12.json,18f2d7e9347e3775e00743f9b46bfabb2b0ef2e85f2663b2c1d9f504b8b5f5f1,580,2026-09-17T22:48:47+00:00
C.13,dato_crudo,data/raw/crt_bit_todo_2025_q2/objects/f75ce7de02249b11d35b/CRT_BIT_TODO.zip,f75ce7de02249b11d35bed3399f7f06558f9e7a18cc9b320180acbe96027d284,1188168847,2026-09-09T22:17:06+00:00
C.13,dato_crudo,data/raw/mexico_geojson_legacy/objects/7de22266d11293117321/mexicoHigh.json,7de22266d11293117321ea0aba07b610900e06626e1fffc74ffef96b751e33dc,184555,2026-08-31T22:21:20+00:00
C.13,datos_usados,reportes/20260917T224253050408Z_corrida/datos_usados/c_13_datos_usados.csv,28f95abc0b2743633cffba1954c0c46802f26be5169ef5234446f2b191a811f8,640,2026-09-17T22:48:49+00:00
C.13,texto_generado,build/text/c_13.md,ee638be0d5847f7dd345b4658ff23bf68a7da92f07bcc98187b66457124264cb,85,2026-09-17T22:48:49+00:00
C.13,texto_copia_corrida,reportes/20260917T224253050408Z_corrida/textos/c_13_parrafo.md,ee638be0d5847f7dd345b4658ff23bf68a7da92f07bcc98187b66457124264cb,85,2026-09-17T22:48:49+00:00
C.13,grafica,build/figures/C/figura_c_13.png,95785fe4af4c2bd4246468f63156db458385af76629ba52084581a18b4d27a7f,311414,2026-09-17T22:48:49+00:00
C.13,metadatos,build/metadata/c_13.json,335350fbd5b0884caaec21143ac37542d71a685166a9951010777aca729d1cfc,603,2026-09-17T22:48:49+00:00
C.14,dato_crudo,data/raw/crt_bit_todo_2025_q2/objects/f75ce7de02249b11d35b/CRT_BIT_TODO.zip,f75ce7de02249b11d35bed3399f7f06558f9e7a18cc9b320180acbe96027d284,1188168847,2026-09-09T22:17:06+00:00
C.14,datos_usados,reportes/20260917T224253050408Z_corrida/datos_usados/c_14_datos_usados.csv,bf7ef73353a86fd361131af7de962787eb30e68e8fe11d1e5d22bf1c097054ac,1483,2026-09-17T22:48:50+00:00
C.14,texto_generado,build/text/c_14.md,0febbe187790ced0df207457c2cf009d7e5c0eacb4c977f72a5a416fa611b956,85,2026-09-17T22:48:50+00:00
C.14,texto_copia_corrida,reportes/20260917T224253050408Z_corrida/textos/c_14_parrafo.md,0febbe187790ced0df207457c2cf009d7e5c0eacb4c977f72a5a416fa611b956,85,2026-09-17T22:48:50+00:00
C.14,grafica,build/figures/C/figura_c_14.png,107c95e987c81100b0999b046bec184849299ea38592c2f1c176cdec5ba47ce9,163769,2026-09-17T22:48:51+00:00
C.14,metadatos,build/metadata/c_14.json,ab278e19193578a03d4a35046accf96a68364dcb5facc632023fa6867dbb2dd0,573,2026-09-17T22:48:51+00:00
C.15,dato_crudo,data/raw/crt_bit_todo_2025_q2/objects/f75ce7de02249b11d35b/CRT_BIT_TODO.zip,f75ce7de02249b11d35bed3399f7f06558f9e7a18cc9b320180acbe96027d284,1188168847,2026-09-09T22:17:06+00:00
C.15,datos_usados,reportes/20260917T224253050408Z_corrida/datos_usados/c_15_datos_usados.csv,b6f1f8b21d342dbdc6559b292389335f803c66f0c993f1464d4117368fd0ef5c,490,2026-09-17T22:48:52+00:00
C.15,texto_generado,build/text/c_15.md,e283a9630ba3df6cc598373e084e88e5aa3d4fa1a1e5200217132270617611ca,90,2026-09-17T22:48:52+00:00
C.15,texto_copia_corrida,reportes/20260917T224253050408Z_corrida/textos/c_15_parrafo.md,e283a9630ba3df6cc598373e084e88e5aa3d4fa1a1e5200217132270617611ca,90,2026-09-17T22:48:52+00:00
C.15,grafica,build/figures/C/figura_c_15.png,92aefa2e2c6aee07dada0b38256d5837d92edccc4e78fe5eeda05fd0b69f96f3,228972,2026-09-17T22:48:53+00:00
C.15,metadatos,build/metadata/c_15.json,8345284945d40e3cf56fb369d213b531d4c114551eb66291727fc7effe157e1b,574,2026-09-17T22:48:53+00:00
C.16,dato_crudo,data/raw/crt_bit_todo_2025_q2/objects/f75ce7de02249b11d35b/CRT_BIT_TODO.zip,f75ce7de02249b11d35bed3399f7f06558f9e7a18cc9b320180acbe96027d284,1188168847,2026-09-09T22:17:06+00:00
C.16,datos_usados,reportes/20260917T224253050408Z_corrida/datos_usados/c_16_datos_usados.csv,331d1a3c1a632e089bc5654ab7877c18526148825c2d3b98b6d7794e1892cc5a,145,2026-09-17T22:48:54+00:00
C.16,texto_generado,build/text/c_16.md,47b4e1c6f0d754215b49091df7ee8fdb8b559424f69ecd3ffe970efe0c604501,86,2026-09-17T22:48:54+00:00
C.16,texto_copia_corrida,reportes/20260917T224253050408Z_corrida/textos/c_16_parrafo.md,47b4e1c6f0d754215b49091df7ee8fdb8b559424f69ecd3ffe970efe0c604501,86,2026-09-17T22:48:54+00:00
C.16,grafica,build/figures/C/figura_c_16.png,3b470392edfb85faf885f2b1546bd214cfd6381e5a399f92843e7f6b1382e7a6,119793,2026-09-17T22:48:54+00:00
C.16,metadatos,build/metadata/c_16.json,8634059c95e55d879dc3e1be77f9f07c15bb6231b92e2cc829277b901af5eb7e,574,2026-09-17T22:48:54+00:00
D.1,dato_crudo,data/raw/inegi_endutih_2023_tabulado_hnal110/objects/e11b73a1d8423fd659c8beb6df4e64f70f6bb5d41d14cb4c94f2f10defb28da5/2023_hnal110.xlsx,e11b73a1d8423fd659c8beb6df4e64f70f6bb5d41d14cb4c94f2f10defb28da5,90502,2026-09-17T16:47:21+00:00
D.1,dato_crudo,data/raw/inegi_endutih_2023_tabulado_hnal130/objects/6986e1ecc7ca436ef8bd33fc739bec6831db82ab110d0030eb08de1f95f9cd28/2023_hnal130.xlsx,6986e1ecc7ca436ef8bd33fc739bec6831db82ab110d0030eb08de1f95f9cd28,89283,2026-09-17T16:47:21+00:00
D.1,dato_crudo,data/raw/inegi_endutih_2023_tabulado_hnal111/objects/3d2da9480e050720f2a479919454be52df8fad0e87eb6535ed62739e73c7919a/2023_hnal111.xlsx,3d2da9480e050720f2a479919454be52df8fad0e87eb6535ed62739e73c7919a,86041,2026-09-17T16:47:21+00:00
D.1,dato_crudo,data/raw/inegi_endutih_2023_reference/objects/e3f5bdb2346423085c71/conjunto_de_datos_endutih_2023_csv.zip,e3f5bdb2346423085c717f1749b5a0be32b60601355925f0ad3e2efaf5e307d3,10523041,2026-09-15T19:31:14+00:00
D.1,dato_crudo,data/raw/inegi_endutih_2024_reference/objects/d29393ac2737d8301e6d/conjunto_de_datos_endutih_2024_csv.zip,d29393ac2737d8301e6d60893206d45e46cd7d87c796bf2aa561d22f5bc9ae86,8670951,2026-09-15T19:31:27+00:00
D.1,dato_crudo,data/raw/inegi_endutih_2025/objects/65d219261b3890ee12eaf95cdd1185f6b7d52eefd7e698ffd335b604364fd508/conjunto_de_datos_endutih_2025_csv.zip,65d219261b3890ee12eaf95cdd1185f6b7d52eefd7e698ffd335b604364fd508,8197337,2026-09-10T12:04:22+00:00
D.1,datos_usados,reportes/20260917T224253050408Z_corrida/datos_usados/d_1_datos_usados.csv,d1819b8e8570cb55b3e535e3cb624bbc9bc0b6cf5deaf29d114ce5e1b1e07fed,5535,2026-09-17T22:48:55+00:00
D.1,datos_usados,reportes/20260917T224253050408Z_corrida/datos_usados/d_1_validacion_microdatos_2023.csv,a418a7f1c8d5d5362b6a37669f2d3f71fcdc403c90922e174861f9054f54c839,561,2026-09-17T22:48:55+00:00
D.1,texto_generado,build/text/d_1.md,980261f322d15a4b3245e245c65c846d828aab9d6661645611fba1af314e9e33,119,2026-09-17T22:48:56+00:00
D.1,texto_copia_corrida,reportes/20260917T224253050408Z_corrida/textos/d_1_parrafo.md,980261f322d15a4b3245e245c65c846d828aab9d6661645611fba1af314e9e33,119,2026-09-17T22:48:56+00:00
D.1,grafica,build/figures/D/figura_d_1.png,47271d78b8fedae71e7c96a121b0425af021137b3260b62933ff61ad63e82076,429767,2026-09-17T22:48:56+00:00
D.1,metadatos,build/metadata/d_1.json,3874a0cede80c957b0cd2ab63eac22a8fa0c228b29ce9dff2ca67fbe19dd45d9,593,2026-09-17T22:48:56+00:00
D.2,dato_crudo,data/raw/inegi_endutih_2025/objects/65d219261b3890ee12eaf95cdd1185f6b7d52eefd7e698ffd335b604364fd508/conjunto_de_datos_endutih_2025_csv.zip,65d219261b3890ee12eaf95cdd1185f6b7d52eefd7e698ffd335b604364fd508,8197337,2026-09-10T12:04:22+00:00
D.2,datos_usados,reportes/20260917T224253050408Z_corrida/datos_usados/d_2_datos_usados.csv,20a0705d27c7690922cc6f8fcd797bc78dbb96f2f666901fa09b20aa316d753d,478,2026-09-17T22:48:57+00:00
D.2,texto_generado,build/text/d_2.md,326ebc3574d0d2f81740ae625fdea244e39792cf57bd9d8da4563e8babee1d52,184,2026-09-17T22:48:57+00:00
D.2,texto_copia_corrida,reportes/20260917T224253050408Z_corrida/textos/d_2_parrafo.md,326ebc3574d0d2f81740ae625fdea244e39792cf57bd9d8da4563e8babee1d52,184,2026-09-17T22:48:57+00:00
D.2,grafica,build/figures/D/figura_d_2.png,028490a933522942fb2f09b2f994493486d2fdd6d015e48b95915ecfe9ed261f,146097,2026-09-17T22:48:57+00:00
D.2,metadatos,build/metadata/d_2.json,13d98edf268edc25678d079157832f39de2dddb3f0105929cd4735e7f8b809f6,547,2026-09-17T22:48:57+00:00
D.3,dato_crudo,data/raw/inegi_endutih_2025/objects/65d219261b3890ee12eaf95cdd1185f6b7d52eefd7e698ffd335b604364fd508/conjunto_de_datos_endutih_2025_csv.zip,65d219261b3890ee12eaf95cdd1185f6b7d52eefd7e698ffd335b604364fd508,8197337,2026-09-10T12:04:22+00:00
D.3,datos_usados,reportes/20260917T224253050408Z_corrida/datos_usados/d_3_datos_usados.csv,7b9b38d5b758a177714835da4f18be0e4c99adfe6f4bde29a466f9cbd710e5a4,398,2026-09-17T22:48:58+00:00
D.3,texto_generado,build/text/d_3.md,e64968b393b242314eb99f59f2562243d9dbcd57e8ff578f1345379c08401ce5,188,2026-09-17T22:48:58+00:00
D.3,texto_copia_corrida,reportes/20260917T224253050408Z_corrida/textos/d_3_parrafo.md,e64968b393b242314eb99f59f2562243d9dbcd57e8ff578f1345379c08401ce5,188,2026-09-17T22:48:58+00:00
D.3,grafica,build/figures/D/figura_d_3.png,6d985634fb0478a5917448f237ac9a412b2e61b940cfc67ae97eac551806ad44,99946,2026-09-17T22:48:58+00:00
D.3,metadatos,build/metadata/d_3.json,a6d1b9d4fb6053359a752faba148f6050f57f5436accf56da0691539e1d4a08f,552,2026-09-17T22:48:58+00:00
D.4,dato_crudo,data/raw/inegi_endutih_2025/objects/65d219261b3890ee12eaf95cdd1185f6b7d52eefd7e698ffd335b604364fd508/conjunto_de_datos_endutih_2025_csv.zip,65d219261b3890ee12eaf95cdd1185f6b7d52eefd7e698ffd335b604364fd508,8197337,2026-09-10T12:04:22+00:00
D.4,datos_usados,reportes/20260917T224253050408Z_corrida/datos_usados/d_4_datos_usados.csv,4726ec3540a3f1b688e965dc1917f8123d2bbb61579bea2e4211c9a300874f08,849,2026-09-17T22:48:59+00:00
D.4,texto_generado,build/text/d_4.md,c477655812a7ca05d1b391bb50f68f684fe246adb09c1834599bc9a8d5a52736,176,2026-09-17T22:48:59+00:00
D.4,texto_copia_corrida,reportes/20260917T224253050408Z_corrida/textos/d_4_parrafo.md,c477655812a7ca05d1b391bb50f68f684fe246adb09c1834599bc9a8d5a52736,176,2026-09-17T22:48:59+00:00
D.4,grafica,build/figures/D/figura_d_4.png,ff1ef2f33f43e85ceefe10b6ab2f55d42dbce3834465326438828c50dd34a4c6,151360,2026-09-17T22:48:59+00:00
D.4,metadatos,build/metadata/d_4.json,1d63f0516b67f53bf6dcb4c07c3be062657553300b4a0a3efa5c277eaeed52d5,555,2026-09-17T22:48:59+00:00
D.5,dato_crudo,data/raw/ift_ecsi_2024_base/objects/8ec6a40e86c5e04989518e09b198977d5347838eb2197afe72382254b3cba18e/baseconfianzadigital.csv,8ec6a40e86c5e04989518e09b198977d5347838eb2197afe72382254b3cba18e,6194080,2026-09-14T22:56:12+00:00
D.5,datos_usados,reportes/20260917T224253050408Z_corrida/datos_usados/d_5_datos_usados.csv,356d900937a1bc1b59323409c75a743da62e85c70a5662eee92a81d874a20c1b,457,2026-09-17T22:48:59+00:00
D.5,texto_generado,build/text/d_5.md,fe17c7463c8378ec1c839f6f4c38a778c6cc177cf0ed06da9025c2d82e8b28a7,62,2026-09-17T22:48:59+00:00
D.5,texto_copia_corrida,reportes/20260917T224253050408Z_corrida/textos/d_5_parrafo.md,fe17c7463c8378ec1c839f6f4c38a778c6cc177cf0ed06da9025c2d82e8b28a7,62,2026-09-17T22:48:59+00:00
D.5,grafica,build/figures/D/figura_d_5.png,f3645e666195dad6e3c6330a2c69f3ed5cd813f7a8a39f6ec20ade668ed96798,141385,2026-09-17T22:48:59+00:00
D.5,metadatos,build/metadata/d_5.json,de14bf66f0d1f0e58f5a5ba8ac9f6a529c1dc6ccf7f7fb43a904af2c5fdbe2c3,575,2026-09-17T22:48:59+00:00
D.6,dato_crudo,data/raw/ift_ecsi_2024_base/objects/8ec6a40e86c5e04989518e09b198977d5347838eb2197afe72382254b3cba18e/baseconfianzadigital.csv,8ec6a40e86c5e04989518e09b198977d5347838eb2197afe72382254b3cba18e,6194080,2026-09-14T22:56:12+00:00
D.6,datos_usados,reportes/20260917T224253050408Z_corrida/datos_usados/d_6_datos_usados.csv,caa9da4174c7054366324d84f8614c0bf447bbfc3a5848aeb5ab8d17dc145f68,816,2026-09-17T22:49:00+00:00
D.6,texto_generado,build/text/d_6.md,c56d1604037208fab6b4a64b5d996af0900971dd5d7db19b7cc5e1102fb37b9d,72,2026-09-17T22:49:00+00:00
D.6,texto_copia_corrida,reportes/20260917T224253050408Z_corrida/textos/d_6_parrafo.md,c56d1604037208fab6b4a64b5d996af0900971dd5d7db19b7cc5e1102fb37b9d,72,2026-09-17T22:49:00+00:00
D.6,grafica,build/figures/D/figura_d_6.png,b54b20d86b7dfd7aeab2b89e437e967b53823f74ed236dde60c3dfc9ac524588,155245,2026-09-17T22:49:00+00:00
D.6,metadatos,build/metadata/d_6.json,9f772de3bd79a05041e162e5584bda672e69f5ce67dd3a433b8b2ea587f8242b,544,2026-09-17T22:49:00+00:00
D.7,dato_crudo,data/raw/ift_ecsi_2024_base/objects/8ec6a40e86c5e04989518e09b198977d5347838eb2197afe72382254b3cba18e/baseconfianzadigital.csv,8ec6a40e86c5e04989518e09b198977d5347838eb2197afe72382254b3cba18e,6194080,2026-09-14T22:56:12+00:00
D.7,datos_usados,reportes/20260917T224253050408Z_corrida/datos_usados/d_7_datos_usados.csv,b15a39aec9bf7f9013075d90f5dbe910069f2ba9dee3c264e5b401e8463c4261,1343,2026-09-17T22:49:00+00:00
D.7,texto_generado,build/text/d_7.md,15b8b1019451a6463c5240e14e70dea482f1b550fd8c3abb12ec1ccc5636aac9,67,2026-09-17T22:49:00+00:00
D.7,texto_copia_corrida,reportes/20260917T224253050408Z_corrida/textos/d_7_parrafo.md,15b8b1019451a6463c5240e14e70dea482f1b550fd8c3abb12ec1ccc5636aac9,67,2026-09-17T22:49:00+00:00
D.7,grafica,build/figures/D/figura_d_7.png,753bc3a66b56921a74018d4cb9d7ec7a6e3778c467d50b1f5e319c3f6f6b778c,164515,2026-09-17T22:49:01+00:00
D.7,metadatos,build/metadata/d_7.json,8ba6ee7e03a7affb6c4cc5ad91ae58affe80d5b60486c855015ebea772c21686,553,2026-09-17T22:49:01+00:00
D.8,dato_crudo,data/raw/ift_ecsi_2024_base/objects/8ec6a40e86c5e04989518e09b198977d5347838eb2197afe72382254b3cba18e/baseconfianzadigital.csv,8ec6a40e86c5e04989518e09b198977d5347838eb2197afe72382254b3cba18e,6194080,2026-09-14T22:56:12+00:00
D.8,datos_usados,reportes/20260917T224253050408Z_corrida/datos_usados/d_8_datos_usados.csv,6243a831bf50e799d459148328e0518fbe3fcfd2d4074736466790d043a9026e,207,2026-09-17T22:49:01+00:00
D.8,texto_generado,build/text/d_8.md,e3e5a425feda234527d335e1446665e68a0beb6c097316428bce3d52012c0475,47,2026-09-17T22:49:01+00:00
D.8,texto_copia_corrida,reportes/20260917T224253050408Z_corrida/textos/d_8_parrafo.md,e3e5a425feda234527d335e1446665e68a0beb6c097316428bce3d52012c0475,47,2026-09-17T22:49:01+00:00
D.8,grafica,build/figures/D/figura_d_8.png,9087e0c1fd3c5c924e42bf0711da870c0b4b5a31bf4a481716c59ed28e925618,118779,2026-09-17T22:49:01+00:00
D.8,metadatos,build/metadata/d_8.json,c91a2a62aeddee8395894e3989cdd7f6c81636ff2d80a59f9d7563435cfa1949,551,2026-09-17T22:49:01+00:00
D.9,dato_crudo,data/raw/ift_ecsi_2024_base/objects/8ec6a40e86c5e04989518e09b198977d5347838eb2197afe72382254b3cba18e/baseconfianzadigital.csv,8ec6a40e86c5e04989518e09b198977d5347838eb2197afe72382254b3cba18e,6194080,2026-09-14T22:56:12+00:00
D.9,datos_usados,reportes/20260917T224253050408Z_corrida/datos_usados/d_9_datos_usados.csv,aff63e85d9c9a42308bf5c905bcbfd11cdcaaf97ec1e54d8f7f496b9dfef9f9e,1152,2026-09-17T22:49:01+00:00
D.9,texto_generado,build/text/d_9.md,f01204a9c59dec87bc2b25892f6679c2b49179c2ee339b492afc9803b3b04d42,59,2026-09-17T22:49:01+00:00
D.9,texto_copia_corrida,reportes/20260917T224253050408Z_corrida/textos/d_9_parrafo.md,f01204a9c59dec87bc2b25892f6679c2b49179c2ee339b492afc9803b3b04d42,59,2026-09-17T22:49:01+00:00
D.9,grafica,build/figures/D/figura_d_9.png,d525fe17fa15679be4a78595d064aa83a79792e75e02f679b126b655f41fb7fa,171035,2026-09-17T22:49:02+00:00
D.9,metadatos,build/metadata/d_9.json,dc410149f289ce127d73fe8d558694bb7f2eee52d19a290fc8dd926cc2b970f9,576,2026-09-17T22:49:02+00:00
D.10,dato_crudo,data/raw/ift_ecsi_2024_base/objects/8ec6a40e86c5e04989518e09b198977d5347838eb2197afe72382254b3cba18e/baseconfianzadigital.csv,8ec6a40e86c5e04989518e09b198977d5347838eb2197afe72382254b3cba18e,6194080,2026-09-14T22:56:12+00:00
D.10,datos_usados,reportes/20260917T224253050408Z_corrida/datos_usados/d_10_datos_usados.csv,43e052be90c1058df466f19a3ff8d9ce36f2c1e3d6efa2cdd5d4d00ea7a55701,1143,2026-09-17T22:49:02+00:00
D.10,texto_generado,build/text/d_10.md,310a8e05e3fd569511162edb460334a6ba8656db89fa96d40b29ff55693a369e,59,2026-09-17T22:49:02+00:00
D.10,texto_copia_corrida,reportes/20260917T224253050408Z_corrida/textos/d_10_parrafo.md,310a8e05e3fd569511162edb460334a6ba8656db89fa96d40b29ff55693a369e,59,2026-09-17T22:49:02+00:00
D.10,grafica,build/figures/D/figura_d_10.png,b28e0169081396d15f039c2ad2b07c85c1a32370743d1ccb4bc0f947b5b21b3f,167278,2026-09-17T22:49:02+00:00
D.10,metadatos,build/metadata/d_10.json,2eee34b8d1f9ad8b0b9652e74b80f3265a361ec3a7c7aa976d1c4a13a16fe34f,574,2026-09-17T22:49:02+00:00
D.11,dato_crudo,data/raw/ift_ecsi_2024_base/objects/8ec6a40e86c5e04989518e09b198977d5347838eb2197afe72382254b3cba18e/baseconfianzadigital.csv,8ec6a40e86c5e04989518e09b198977d5347838eb2197afe72382254b3cba18e,6194080,2026-09-14T22:56:12+00:00
D.11,datos_usados,reportes/20260917T224253050408Z_corrida/datos_usados/d_11_datos_usados.csv,58662c318bcc10b1c6b33bee6f05d2da79d4f0455eecce966807f4fceebc9122,599,2026-09-17T22:49:02+00:00
D.11,texto_generado,build/text/d_11.md,24987c32eb406987b5af2e22f9bab6e2337ac80d4f965738ba784adfb32b1794,56,2026-09-17T22:49:03+00:00
D.11,texto_copia_corrida,reportes/20260917T224253050408Z_corrida/textos/d_11_parrafo.md,24987c32eb406987b5af2e22f9bab6e2337ac80d4f965738ba784adfb32b1794,56,2026-09-17T22:49:03+00:00
D.11,grafica,build/figures/D/figura_d_11.png,e12372d16bda7f63f69acb4b00f872d479b81c12a14849c627430bd0bbf4b286,149849,2026-09-17T22:49:03+00:00
D.11,metadatos,build/metadata/d_11.json,d22f65afcce44b905566f5222676a6948b0d530278bd56d23503f2d76b906973,582,2026-09-17T22:49:03+00:00
E.1,dato_crudo,data/raw/ift_tercera_encuesta_usuarios_2023_base/objects/21d45976f4f1dede6c3b/bd3erencuesta2023.zip,21d45976f4f1dede6c3b883ac9a7d2a3fed0b8ab3d64f9b41c1e0641ad639d43,16211058,2026-09-15T19:28:34+00:00
E.1,dato_crudo,data/raw/ift_segunda_encuesta_usuarios_2025/objects/cf75332641d2ff2321e0/basesdedatossegundaencuesta2025.zip,cf75332641d2ff2321e06504dc077372c4f3082808e59c44fe5046275f707119,38230965,2026-09-15T19:29:01+00:00
E.1,datos_usados,reportes/20260917T224253050408Z_corrida/datos_usados/e_1_datos_usados.csv,497e05d3b5596865c233900fe994e34c5223e115f219e182e28430525a8c03b3,191,2026-09-17T22:50:17+00:00
E.1,datos_usados,reportes/20260917T224253050408Z_corrida/datos_usados/e_1_validacion_historica.csv,1e79b1bf3bfadc8aa65cff2405518dac812915e265ab5a4e750d469f3a79eb6f,191,2026-09-17T22:50:17+00:00
E.1,texto_generado,build/text/e_1.md,17355172c9975d6bde1fd650d60e2d4cfea62a27f3ad9dbb51d031777fc8f5cb,115,2026-09-17T22:50:17+00:00
E.1,texto_copia_corrida,reportes/20260917T224253050408Z_corrida/textos/e_1_parrafo.md,17355172c9975d6bde1fd650d60e2d4cfea62a27f3ad9dbb51d031777fc8f5cb,115,2026-09-17T22:50:17+00:00
E.1,grafica,build/figures/E/figura_e_1.png,86c4715669b591144345867c015328ad41d5da40406e59f375c539f3ce86ce7e,102717,2026-09-17T22:50:17+00:00
E.1,metadatos,build/metadata/e_1.json,6d7c017ce8d73dc9b2262609d93d41695adf3f47eac4b2610492f91c8481e16d,567,2026-09-17T22:50:17+00:00
E.2,dato_crudo,data/raw/ift_estudio_ia_chatgpt_2023/objects/2dc6ebb00006cc65241c/estudiodeiaychatgpt2023_0.pdf,2dc6ebb00006cc65241c6fc2ee8819aca65f8edcfb5f832a9f1082fd7cb653a3,74308930,2026-09-15T19:29:55+00:00
E.2,datos_usados,reportes/20260917T224253050408Z_corrida/datos_usados/e_2_datos_usados.csv,65dbcb0caa2bde69c127a79e5b318642303a145af77c8080235c5042ced33697,1053,2026-09-17T22:50:17+00:00
E.2,texto_generado,build/text/e_2.md,16fedb6135c322f279e4523df4fd32be2d1247af9b17e487d11ca2a10e2ff082,144,2026-09-17T22:50:17+00:00
E.2,texto_copia_corrida,reportes/20260917T224253050408Z_corrida/textos/e_2_parrafo.md,16fedb6135c322f279e4523df4fd32be2d1247af9b17e487d11ca2a10e2ff082,144,2026-09-17T22:50:17+00:00
E.2,grafica,build/figures/E/figura_e_2.png,4151725d364baa8f59495f0b79378cbab163b961e7e8dde90d57d0df8d95222b,246892,2026-09-17T22:50:18+00:00
E.2,metadatos,build/metadata/e_2.json,209be3381b5e3f99b35f480a65f972736028ee0325d81992fbc9264a8111ec77,561,2026-09-17T22:50:18+00:00
E.3,dato_crudo,data/raw/ift_mipymes_2022_base/objects/8cdcfb71839a05ac1597a1899a2eef7dfdd91f29cb19545c346878df279daa3f/bd4taencuesta2022.zip,8cdcfb71839a05ac1597a1899a2eef7dfdd91f29cb19545c346878df279daa3f,2263587,2026-09-15T15:46:57+00:00
E.3,dato_crudo,data/raw/ift_mipymes_2023_base/objects/e9f318c2f6a57c9dd73f91b80678c2daecfb54f85d65288e268b67c994c39324/bd4taencuesta2023.zip,e9f318c2f6a57c9dd73f91b80678c2daecfb54f85d65288e268b67c994c39324,3443995,2026-09-15T15:47:02+00:00
E.3,dato_crudo,data/raw/ift_mipymes_2024_base/objects/831c2b6c2a0f549abec6/basededatoscuartaencuesta2024mipymes.zip,831c2b6c2a0f549abec65144ed6268c4cbf6223bdb76cb8a98a9d5e159230467,3941975,2026-09-15T19:30:06+00:00
E.3,datos_usados,reportes/20260917T224253050408Z_corrida/datos_usados/e_3_datos_usados.csv,bcbdf614929c1094074eb4b450cd40f643e98df8866119bfd70ff7d00f4f5cfe,587,2026-09-17T22:50:33+00:00
E.3,texto_generado,build/text/e_3.md,a63fb76ec05746b6899985cfbe18b5cceb4cbe98aa6aaca347d483ec57cd4e2e,82,2026-09-17T22:50:33+00:00
E.3,texto_copia_corrida,reportes/20260917T224253050408Z_corrida/textos/e_3_parrafo.md,a63fb76ec05746b6899985cfbe18b5cceb4cbe98aa6aaca347d483ec57cd4e2e,82,2026-09-17T22:50:33+00:00
E.3,grafica,build/figures/E/figura_e_3.png,a6739037e1843c8a141ed2226d2b926e4029a83d968e9eb23ab21472f2bc9ed6,126895,2026-09-17T22:50:33+00:00
E.3,metadatos,build/metadata/e_3.json,4bd2d1f8daaa7490e3a883fe9be7d34dfef3a366119ff62385b553f8ab2c2e17,567,2026-09-17T22:50:33+00:00
E.4,dato_crudo,data/raw/ift_mipymes_2023_base/objects/e9f318c2f6a57c9dd73f91b80678c2daecfb54f85d65288e268b67c994c39324/bd4taencuesta2023.zip,e9f318c2f6a57c9dd73f91b80678c2daecfb54f85d65288e268b67c994c39324,3443995,2026-09-15T15:47:02+00:00
E.4,dato_crudo,data/raw/ift_mipymes_2024_base/objects/831c2b6c2a0f549abec6/basededatoscuartaencuesta2024mipymes.zip,831c2b6c2a0f549abec65144ed6268c4cbf6223bdb76cb8a98a9d5e159230467,3941975,2026-09-15T19:30:06+00:00
E.4,datos_usados,reportes/20260917T224253050408Z_corrida/datos_usados/e_4_datos_usados.csv,59597fa8491ec223d694378c1ce0305e99443e3973d2cfc078e17a1908efda36,1602,2026-09-17T22:50:45+00:00
E.4,texto_generado,build/text/e_4.md,8854cc05fd131c56681791ee0d965ff3d6c400bd44ed0f414a81bdafe7d2280e,76,2026-09-17T22:50:45+00:00
E.4,texto_copia_corrida,reportes/20260917T224253050408Z_corrida/textos/e_4_parrafo.md,8854cc05fd131c56681791ee0d965ff3d6c400bd44ed0f414a81bdafe7d2280e,76,2026-09-17T22:50:45+00:00
E.4,grafica,build/figures/E/figura_e_4.png,c721f2bfb8782b541c325b4d11c347edad0f077335bf46449869977fa301c209,152865,2026-09-17T22:50:45+00:00
E.4,metadatos,build/metadata/e_4.json,8593d1fdcdee5574632e7d91a957643e7018e2df2d2e7a2930f45f4dfb8b1fe1,560,2026-09-17T22:50:45+00:00
E.5,dato_crudo,data/raw/ift_mipymes_2023_base/objects/e9f318c2f6a57c9dd73f91b80678c2daecfb54f85d65288e268b67c994c39324/bd4taencuesta2023.zip,e9f318c2f6a57c9dd73f91b80678c2daecfb54f85d65288e268b67c994c39324,3443995,2026-09-15T15:47:02+00:00
E.5,dato_crudo,data/raw/ift_mipymes_2024_base/objects/831c2b6c2a0f549abec6/basededatoscuartaencuesta2024mipymes.zip,831c2b6c2a0f549abec65144ed6268c4cbf6223bdb76cb8a98a9d5e159230467,3941975,2026-09-15T19:30:06+00:00
E.5,datos_usados,reportes/20260917T224253050408Z_corrida/datos_usados/e_5_datos_usados.csv,864a4e9ef01eb45ffe5a677c07336951e93556c5f3afcd22b2cbaca875055f55,3674,2026-09-17T22:50:57+00:00
E.5,texto_generado,build/text/e_5.md,44d848da9ec7e89eba3fd304eb118169f16fd5b40b5ea143926bfc2c8c19676f,103,2026-09-17T22:50:58+00:00
E.5,texto_copia_corrida,reportes/20260917T224253050408Z_corrida/textos/e_5_parrafo.md,44d848da9ec7e89eba3fd304eb118169f16fd5b40b5ea143926bfc2c8c19676f,103,2026-09-17T22:50:58+00:00
E.5,grafica,build/figures/E/figura_e_5.png,a2cf3305313a580394451a815b00b593a7a3316a4fdd95fc9dff687368adf0af,173747,2026-09-17T22:50:58+00:00
E.5,metadatos,build/metadata/e_5.json,0405a4ce5210e58c93c2d940d94ff0d805aee85f889c966f594b630d86402f86,561,2026-09-17T22:50:58+00:00
E.6,dato_crudo,data/raw/ift_mipymes_2024_base/objects/831c2b6c2a0f549abec6/basededatoscuartaencuesta2024mipymes.zip,831c2b6c2a0f549abec65144ed6268c4cbf6223bdb76cb8a98a9d5e159230467,3941975,2026-09-15T19:30:06+00:00
E.6,datos_usados,reportes/20260917T224253050408Z_corrida/datos_usados/e_6_datos_usados.csv,25f7f4f1c903180cc15105cdca43545c46c19aa17ab8f2ffb1480393da1f4959,1018,2026-09-17T22:51:04+00:00
E.6,texto_generado,build/text/e_6.md,db5b84b154a2446cdbf47d2e533a76894000b04930305bd65d4529233f3066d8,72,2026-09-17T22:51:04+00:00
E.6,texto_copia_corrida,reportes/20260917T224253050408Z_corrida/textos/e_6_parrafo.md,db5b84b154a2446cdbf47d2e533a76894000b04930305bd65d4529233f3066d8,72,2026-09-17T22:51:04+00:00
E.6,grafica,build/figures/E/figura_e_6.png,126d05afe40d3859bdda554088fd828562671d2c319ce779db1289816ade3f00,171684,2026-09-17T22:51:05+00:00
E.6,metadatos,build/metadata/e_6.json,f795f1d68c18a894e99050f3b7cc5082a6b1ea183c040cf305deee1eea5a8a7e,544,2026-09-17T22:51:05+00:00
E.7,dato_crudo,data/raw/ift_mipymes_2023_base/objects/e9f318c2f6a57c9dd73f91b80678c2daecfb54f85d65288e268b67c994c39324/bd4taencuesta2023.zip,e9f318c2f6a57c9dd73f91b80678c2daecfb54f85d65288e268b67c994c39324,3443995,2026-09-15T15:47:02+00:00
E.7,dato_crudo,data/raw/ift_mipymes_2024_base/objects/831c2b6c2a0f549abec6/basededatoscuartaencuesta2024mipymes.zip,831c2b6c2a0f549abec65144ed6268c4cbf6223bdb76cb8a98a9d5e159230467,3941975,2026-09-15T19:30:06+00:00
E.7,datos_usados,reportes/20260917T224253050408Z_corrida/datos_usados/e_7_datos_usados.csv,ba8658da25ea2b855f9b863b992c6712d34b2c49788633b8d70f041cac5e3b8a,2915,2026-09-17T22:51:17+00:00
E.7,texto_generado,build/text/e_7.md,ce731505cf138ce7c786bd499c1f24285f872b0ceb4657ee520c455f95ba176c,96,2026-09-17T22:51:17+00:00
E.7,texto_copia_corrida,reportes/20260917T224253050408Z_corrida/textos/e_7_parrafo.md,ce731505cf138ce7c786bd499c1f24285f872b0ceb4657ee520c455f95ba176c,96,2026-09-17T22:51:17+00:00
E.7,grafica,build/figures/E/figura_e_7.png,740c47ef7867a81da6706ae1cc74d47cbd98adf510b71db5b11ae8bcb9e48efe,209755,2026-09-17T22:51:17+00:00
E.7,metadatos,build/metadata/e_7.json,b40b2912bcda807a2b0269746bc12c4fc73a13e4c395333eb1f61a1307557071,540,2026-09-17T22:51:17+00:00
E.8,dato_crudo,data/raw/ift_mipymes_2023_base/objects/e9f318c2f6a57c9dd73f91b80678c2daecfb54f85d65288e268b67c994c39324/bd4taencuesta2023.zip,e9f318c2f6a57c9dd73f91b80678c2daecfb54f85d65288e268b67c994c39324,3443995,2026-09-15T15:47:02+00:00
E.8,dato_crudo,data/raw/ift_mipymes_2024_base/objects/831c2b6c2a0f549abec6/basededatoscuartaencuesta2024mipymes.zip,831c2b6c2a0f549abec65144ed6268c4cbf6223bdb76cb8a98a9d5e159230467,3941975,2026-09-15T19:30:06+00:00
E.8,datos_usados,reportes/20260917T224253050408Z_corrida/datos_usados/e_8_datos_usados.csv,1d848d45b5d5ad2161936bb0582d4effbe3a41290b7241a80f9f855f0ee099c6,1079,2026-09-17T22:51:29+00:00
E.8,texto_generado,build/text/e_8.md,39823bdbded5d37414f9b0ccff813ace0c455b3f14d1d2102feb5e43eb614390,89,2026-09-17T22:51:29+00:00
E.8,texto_copia_corrida,reportes/20260917T224253050408Z_corrida/textos/e_8_parrafo.md,39823bdbded5d37414f9b0ccff813ace0c455b3f14d1d2102feb5e43eb614390,89,2026-09-17T22:51:29+00:00
E.8,grafica,build/figures/E/figura_e_8.png,192e5d9d8521b2910175886c2322a03259c95e7b3c02cf08100efe3a746eceaa,194616,2026-09-17T22:51:29+00:00
E.8,metadatos,build/metadata/e_8.json,2642a594d03666ab0c1fe6268c01a2202dabbd780b561655f788e58391210caa,548,2026-09-17T22:51:29+00:00
E.9,dato_crudo,data/raw/ift_mipymes_impexp_2022_base/objects/2405c1df64b0b325e39f53f5d34633b8fd692d0a7d926d760c08a32e31e8f7a4/bdmipymesimpexp2022.zip,2405c1df64b0b325e39f53f5d34633b8fd692d0a7d926d760c08a32e31e8f7a4,754730,2026-09-15T16:04:45+00:00
E.9,datos_usados,reportes/20260917T224253050408Z_corrida/datos_usados/e_9_datos_usados.csv,a6235393711c2bd7dd2606506f67ace08c4181e9a155990aec231e32f830af01,274,2026-09-17T22:51:31+00:00
E.9,texto_generado,build/text/e_9.md,571c3a01b89b9c78d54f44ecd9956a0b247762026d67390bc19fb05460fdf64b,137,2026-09-17T22:51:31+00:00
E.9,texto_copia_corrida,reportes/20260917T224253050408Z_corrida/textos/e_9_parrafo.md,571c3a01b89b9c78d54f44ecd9956a0b247762026d67390bc19fb05460fdf64b,137,2026-09-17T22:51:31+00:00
E.9,grafica,build/figures/E/figura_e_9.png,a97dab93997916a21cc0aa9defba73666225ad6f743d47fc5249b9650db970c4,134969,2026-09-17T22:51:31+00:00
E.9,metadatos,build/metadata/e_9.json,ec1eb8cad0941c353d3ae7cee12ef53ec915506ae7afaae594be3caec9043488,589,2026-09-17T22:51:31+00:00
F.1.1,dato_crudo,data/raw/inegi_endutih_2023_reference/objects/e3f5bdb2346423085c71/conjunto_de_datos_endutih_2023_csv.zip,e3f5bdb2346423085c717f1749b5a0be32b60601355925f0ad3e2efaf5e307d3,10523041,2026-09-15T19:31:14+00:00
F.1.1,dato_crudo,data/raw/inegi_endutih_2025/objects/65d219261b3890ee12eaf95cdd1185f6b7d52eefd7e698ffd335b604364fd508/conjunto_de_datos_endutih_2025_csv.zip,65d219261b3890ee12eaf95cdd1185f6b7d52eefd7e698ffd335b604364fd508,8197337,2026-09-10T12:04:22+00:00
F.1.1,datos_usados,reportes/20260917T224253050408Z_corrida/datos_usados/f_1_1_datos_usados.csv,ee653ad9b1174ecc58b00875c20f150044f93aa8e5c7910196e1c6cc1fc9d4f4,2029,2026-09-17T22:51:32+00:00
F.1.1,texto_generado,build/text/f_1_1.md,8f5dafe8bb796f762c8678ad0d07cf0230baa819a335ab682b3f71f4ea81cb13,218,2026-09-17T22:51:32+00:00
F.1.1,texto_copia_corrida,reportes/20260917T224253050408Z_corrida/textos/f_1_1_parrafo.md,8f5dafe8bb796f762c8678ad0d07cf0230baa819a335ab682b3f71f4ea81cb13,218,2026-09-17T22:51:32+00:00
F.1.1,grafica,build/figures/F/figura_f_1_1.png,deb5f16ac9675b380b289f893fd84774f2f7c686c28a83f4f92134bf898936b0,263489,2026-09-17T22:51:32+00:00
F.1.1,metadatos,build/metadata/f_1_1.json,6da1b4d98c3bb2e789cf2ca3f6de38e97cf54c60f91d28849248fec8cc23fc9c,803,2026-09-17T22:51:32+00:00
F.1.2,dato_crudo,data/raw/inegi_endutih_2023_reference/objects/e3f5bdb2346423085c71/conjunto_de_datos_endutih_2023_csv.zip,e3f5bdb2346423085c717f1749b5a0be32b60601355925f0ad3e2efaf5e307d3,10523041,2026-09-15T19:31:14+00:00
F.1.2,dato_crudo,data/raw/inegi_endutih_2025/objects/65d219261b3890ee12eaf95cdd1185f6b7d52eefd7e698ffd335b604364fd508/conjunto_de_datos_endutih_2025_csv.zip,65d219261b3890ee12eaf95cdd1185f6b7d52eefd7e698ffd335b604364fd508,8197337,2026-09-10T12:04:22+00:00
F.1.2,datos_usados,reportes/20260917T224253050408Z_corrida/datos_usados/f_1_2_datos_usados.csv,c26fed4e6069bb1f467d399e978ef0da8e1375a15f8aa2e9a879a3a9f637a8c4,2659,2026-09-17T22:51:33+00:00
F.1.2,texto_generado,build/text/f_1_2.md,167381a935aa1b1fec160c62b4cf735caf21f8a928641779df86a4ad912aea32,228,2026-09-17T22:51:33+00:00
F.1.2,texto_copia_corrida,reportes/20260917T224253050408Z_corrida/textos/f_1_2_parrafo.md,167381a935aa1b1fec160c62b4cf735caf21f8a928641779df86a4ad912aea32,228,2026-09-17T22:51:33+00:00
F.1.2,grafica,build/figures/F/figura_f_1_2.png,c1bf65ce6bc0eb788dbb4097293b7562afa9bbc2d720d708d86cf93fdbe8f311,283736,2026-09-17T22:51:33+00:00
F.1.2,metadatos,build/metadata/f_1_2.json,d6cf045e1c7a56f57df8fdfdc9c4e3f04b839a28d0a34a58c05f406887065e9a,776,2026-09-17T22:51:33+00:00
F.1.3,dato_crudo,data/raw/inegi_endutih_2023_reference/objects/e3f5bdb2346423085c71/conjunto_de_datos_endutih_2023_csv.zip,e3f5bdb2346423085c717f1749b5a0be32b60601355925f0ad3e2efaf5e307d3,10523041,2026-09-15T19:31:14+00:00
F.1.3,dato_crudo,data/raw/inegi_endutih_2024_reference/objects/d29393ac2737d8301e6d/conjunto_de_datos_endutih_2024_csv.zip,d29393ac2737d8301e6d60893206d45e46cd7d87c796bf2aa561d22f5bc9ae86,8670951,2026-09-15T19:31:27+00:00
F.1.3,dato_crudo,data/raw/inegi_endutih_2025/objects/65d219261b3890ee12eaf95cdd1185f6b7d52eefd7e698ffd335b604364fd508/conjunto_de_datos_endutih_2025_csv.zip,65d219261b3890ee12eaf95cdd1185f6b7d52eefd7e698ffd335b604364fd508,8197337,2026-09-10T12:04:22+00:00
F.1.3,datos_usados,reportes/20260917T224253050408Z_corrida/datos_usados/f_1_3_datos_usados.csv,caec6b0a7c4f489a423ee313c7a09a1fdfa3a0c90f85088898f49e2089e14b21,2114,2026-09-17T22:51:34+00:00
F.1.3,texto_generado,build/text/f_1_3.md,61ccfc29a82081f4b29de923e53a790b239f9cd5681a792c188250616ed632ec,227,2026-09-17T22:51:34+00:00
F.1.3,texto_copia_corrida,reportes/20260917T224253050408Z_corrida/textos/f_1_3_parrafo.md,61ccfc29a82081f4b29de923e53a790b239f9cd5681a792c188250616ed632ec,227,2026-09-17T22:51:34+00:00
F.1.3,grafica,build/figures/F/figura_f_1_3.png,81886d49f624a887a1dba2583b8847a6794f1a037ccdc99702991576a1bf9bf5,279630,2026-09-17T22:51:35+00:00
F.1.3,metadatos,build/metadata/f_1_3.json,bb5a851b025779484d60bfbac3fba9f6644c4f91ebb0c162139d91529a50feb6,934,2026-09-17T22:51:35+00:00
F.1.4,dato_crudo,data/raw/inegi_endutih_2023_reference/objects/e3f5bdb2346423085c71/conjunto_de_datos_endutih_2023_csv.zip,e3f5bdb2346423085c717f1749b5a0be32b60601355925f0ad3e2efaf5e307d3,10523041,2026-09-15T19:31:14+00:00
F.1.4,dato_crudo,data/raw/inegi_endutih_2025/objects/65d219261b3890ee12eaf95cdd1185f6b7d52eefd7e698ffd335b604364fd508/conjunto_de_datos_endutih_2025_csv.zip,65d219261b3890ee12eaf95cdd1185f6b7d52eefd7e698ffd335b604364fd508,8197337,2026-09-10T12:04:22+00:00
F.1.4,datos_usados,reportes/20260917T224253050408Z_corrida/datos_usados/f_1_4_datos_usados.csv,07f1bb47d3b75ba61160828ee63cab1b5c2f4f7c7bad407bb011066f1f4bc8f7,1926,2026-09-17T22:51:36+00:00
F.1.4,texto_generado,build/text/f_1_4.md,b8877132c24794065af03c7711f423738b25029c53c6a0affd31adfc38a8db13,203,2026-09-17T22:51:36+00:00
F.1.4,texto_copia_corrida,reportes/20260917T224253050408Z_corrida/textos/f_1_4_parrafo.md,b8877132c24794065af03c7711f423738b25029c53c6a0affd31adfc38a8db13,203,2026-09-17T22:51:36+00:00
F.1.4,grafica,build/figures/F/figura_f_1_4.png,62c3e7268e03571cc13af4b5a8de31e3446bb4f917f1c7c25b38ca96643f0d0a,246296,2026-09-17T22:51:36+00:00
F.1.4,metadatos,build/metadata/f_1_4.json,9d15ff2b11a8f2679fa84e6170b61a79865333ffa730b0b0cd5eb2ddf905f9a4,720,2026-09-17T22:51:36+00:00
F.2,dato_crudo,data/raw/inegi_enoe_a2/enoe_2024_trim2_csv.zip,13922f8902f587939145e0302ec8e6e5fa9fb0df4207229f7447deaaab96e285,31773308,2026-08-31T22:23:40+00:00
F.2,dato_crudo,data/raw/inegi_enoe_a2/enoe_2026_trim2_csv.zip,020811fa989a3e4e3e0daae39b32df6bb055f3ca59653b76ecc454f9b231d91e,35213597,2026-09-09T20:26:26+00:00
F.2,datos_usados,reportes/20260917T224253050408Z_corrida/datos_usados/f_2_datos_usados.csv,2d07bdc0928267c24774594ae45e6ad1cf7e78ee4279720d365c4e34718ba00d,240,2026-09-17T22:51:48+00:00
F.2,texto_generado,build/text/f_2.md,3ad704f25814246652748398a00487edae68d0b9a38cdc500a1b11ecc4a3a6dd,163,2026-09-17T22:51:48+00:00
F.2,texto_copia_corrida,reportes/20260917T224253050408Z_corrida/textos/f_2_parrafo.md,3ad704f25814246652748398a00487edae68d0b9a38cdc500a1b11ecc4a3a6dd,163,2026-09-17T22:51:48+00:00
F.2,grafica,build/figures/F/figura_f_2.png,484d309bbfc1b46fc37fbbee6f56f3ca73773527b97ce48c9cf7becb257a0b4b,180620,2026-09-17T22:51:48+00:00
F.2,metadatos,build/metadata/f_2.json,fc7ff0204cfb19cf3cf459b83bf7bce864b8b2b93736ae1bd31a61941cbd2b06,656,2026-09-17T22:51:48+00:00
F.3,dato_crudo,data/raw/inegi_mociba_2024_reference/objects/105e2e266134be538d33b5685e24bd41247eec5156f27b11ada7a3bb50f0a7ab/mociba2024_bd_csv.zip,105e2e266134be538d33b5685e24bd41247eec5156f27b11ada7a3bb50f0a7ab,1500882,2026-09-14T22:09:07+00:00
F.3,dato_crudo,data/raw/inegi_mociba_2025/objects/bc700919a67ae2ced10abdda770cc2262414a8a70d4f510f3c2cd0a67ef3a39d/mociba2025_bd_csv.zip,bc700919a67ae2ced10abdda770cc2262414a8a70d4f510f3c2cd0a67ef3a39d,1541603,2026-09-14T22:09:09+00:00
F.3,datos_usados,reportes/20260917T224253050408Z_corrida/datos_usados/f_3_datos_usados.csv,0758e19b03f1d49b2506061a6dcf72f1e91fbccb164a6d1a17bc9421d066f072,1513,2026-09-17T22:51:50+00:00
F.3,texto_generado,build/text/f_3.md,e485f2c228a57ec8ec9578ad23136524a9867bd9d62fdd8cffd6005ad3da5836,150,2026-09-17T22:51:50+00:00
F.3,texto_copia_corrida,reportes/20260917T224253050408Z_corrida/textos/f_3_parrafo.md,e485f2c228a57ec8ec9578ad23136524a9867bd9d62fdd8cffd6005ad3da5836,150,2026-09-17T22:51:50+00:00
F.3,grafica,build/figures/F/figura_f_3.png,cc203210b625d120ce9e412a107aae723dc9b00255e0e279a7337a1422a8da9c,231323,2026-09-17T22:51:50+00:00
F.3,metadatos,build/metadata/f_3.json,f97e0d0eab6e649162db5214fd4b6bad5c631bc0f2c782944beae68c62d92fe2,628,2026-09-17T22:51:50+00:00
F.4,dato_crudo,data/raw/inegi_mociba_2024_reference/objects/105e2e266134be538d33b5685e24bd41247eec5156f27b11ada7a3bb50f0a7ab/mociba2024_bd_csv.zip,105e2e266134be538d33b5685e24bd41247eec5156f27b11ada7a3bb50f0a7ab,1500882,2026-09-14T22:09:07+00:00
F.4,dato_crudo,data/raw/inegi_mociba_2025/objects/bc700919a67ae2ced10abdda770cc2262414a8a70d4f510f3c2cd0a67ef3a39d/mociba2025_bd_csv.zip,bc700919a67ae2ced10abdda770cc2262414a8a70d4f510f3c2cd0a67ef3a39d,1541603,2026-09-14T22:09:09+00:00
F.4,datos_usados,reportes/20260917T224253050408Z_corrida/datos_usados/f_4_datos_usados.csv,d101c368f5d3537c1a8b13342a53f4be63d131a2bf331b8a17c6491a02058e8a,1879,2026-09-17T22:51:51+00:00
F.4,texto_generado,build/text/f_4.md,bf46fc2ae73f6592222f9a4935d79a0ece34326297dabad8e982a95a325afbcc,121,2026-09-17T22:51:51+00:00
F.4,texto_copia_corrida,reportes/20260917T224253050408Z_corrida/textos/f_4_parrafo.md,bf46fc2ae73f6592222f9a4935d79a0ece34326297dabad8e982a95a325afbcc,121,2026-09-17T22:51:51+00:00
F.4,grafica,build/figures/F/figura_f_4.png,586f91b8a5c695435715adfa1ce092782633836231f16a804a97bd35337be3e7,222263,2026-09-17T22:51:52+00:00
F.4,metadatos,build/metadata/f_4.json,5556b9fba6b8f9d7497f014c52e7ebab2d3cd3bca312f88dd4bcf9040f56ff69,635,2026-09-17T22:51:52+00:00
F.5,dato_crudo,data/raw/inegi_mociba_2024_reference/objects/105e2e266134be538d33b5685e24bd41247eec5156f27b11ada7a3bb50f0a7ab/mociba2024_bd_csv.zip,105e2e266134be538d33b5685e24bd41247eec5156f27b11ada7a3bb50f0a7ab,1500882,2026-09-14T22:09:07+00:00
F.5,dato_crudo,data/raw/inegi_mociba_2025/objects/bc700919a67ae2ced10abdda770cc2262414a8a70d4f510f3c2cd0a67ef3a39d/mociba2025_bd_csv.zip,bc700919a67ae2ced10abdda770cc2262414a8a70d4f510f3c2cd0a67ef3a39d,1541603,2026-09-14T22:09:09+00:00
F.5,datos_usados,reportes/20260917T224253050408Z_corrida/datos_usados/f_5_datos_usados.csv,478a4e69e088cd35c715536e462ee94bc5d958af0a0cd7c2a3cd2ad8368be8e3,407,2026-09-17T22:51:53+00:00
F.5,texto_generado,build/text/f_5.md,1ccba3f9c9fbf608cb4b02e78630ba973e1c04935fc3a706dd28e3c60492e24a,147,2026-09-17T22:51:53+00:00
F.5,texto_copia_corrida,reportes/20260917T224253050408Z_corrida/textos/f_5_parrafo.md,1ccba3f9c9fbf608cb4b02e78630ba973e1c04935fc3a706dd28e3c60492e24a,147,2026-09-17T22:51:53+00:00
F.5,grafica,build/figures/F/figura_f_5.png,f025de01f2ebfbaef06dae42e887b1388bd5e441ecee6eff088f21cf1d03ca2f,142530,2026-09-17T22:51:53+00:00
F.5,metadatos,build/metadata/f_5.json,378e52e9f25af276e09946e90fd8fcd8b0cc2e3d3d45206a8b56d90297b6328c,610,2026-09-17T22:51:53+00:00
F.6,dato_crudo,data/raw/inegi_mociba_2024_reference/objects/105e2e266134be538d33b5685e24bd41247eec5156f27b11ada7a3bb50f0a7ab/mociba2024_bd_csv.zip,105e2e266134be538d33b5685e24bd41247eec5156f27b11ada7a3bb50f0a7ab,1500882,2026-09-14T22:09:07+00:00
F.6,dato_crudo,data/raw/inegi_mociba_2025/objects/bc700919a67ae2ced10abdda770cc2262414a8a70d4f510f3c2cd0a67ef3a39d/mociba2025_bd_csv.zip,bc700919a67ae2ced10abdda770cc2262414a8a70d4f510f3c2cd0a67ef3a39d,1541603,2026-09-14T22:09:09+00:00
F.6,datos_usados,reportes/20260917T224253050408Z_corrida/datos_usados/f_6_datos_usados.csv,2c4bc09029d4ca5b014147e293480d57b82f888fa5c76fb95cdd20bd690f3bd9,1075,2026-09-17T22:51:55+00:00
F.6,texto_generado,build/text/f_6.md,605e46a66877307bc5db69421246e009c46efb289f634a2c5bb515014f5503ec,164,2026-09-17T22:51:55+00:00
F.6,texto_copia_corrida,reportes/20260917T224253050408Z_corrida/textos/f_6_parrafo.md,605e46a66877307bc5db69421246e009c46efb289f634a2c5bb515014f5503ec,164,2026-09-17T22:51:55+00:00
F.6,grafica,build/figures/F/figura_f_6.png,b5b41e8e26c09cb78be618d6dfed0c9b1bec06fd90b1ebb092c019c84e8fd90f,202561,2026-09-17T22:51:55+00:00
F.6,metadatos,build/metadata/f_6.json,afa26ed6250e9028358f09b72761ba96a8d54f4b345056282cede73334543955,607,2026-09-17T22:51:55+00:00
F.7,dato_crudo,data/raw/inegi_mociba_2024_reference/objects/105e2e266134be538d33b5685e24bd41247eec5156f27b11ada7a3bb50f0a7ab/mociba2024_bd_csv.zip,105e2e266134be538d33b5685e24bd41247eec5156f27b11ada7a3bb50f0a7ab,1500882,2026-09-14T22:09:07+00:00
F.7,dato_crudo,data/raw/inegi_mociba_2025/objects/bc700919a67ae2ced10abdda770cc2262414a8a70d4f510f3c2cd0a67ef3a39d/mociba2025_bd_csv.zip,bc700919a67ae2ced10abdda770cc2262414a8a70d4f510f3c2cd0a67ef3a39d,1541603,2026-09-14T22:09:09+00:00
F.7,datos_usados,reportes/20260917T224253050408Z_corrida/datos_usados/f_7_datos_usados.csv,4af95d7204c3024b696bf43f17600f0366446528aebdf0463b6835c657e79f9c,812,2026-09-17T22:51:56+00:00
F.7,texto_generado,build/text/f_7.md,afbb59000404e9d34b66bd01d7be70d679fb6dd59e7eb492e0952ff4dba5ab55,161,2026-09-17T22:51:56+00:00
F.7,texto_copia_corrida,reportes/20260917T224253050408Z_corrida/textos/f_7_parrafo.md,afbb59000404e9d34b66bd01d7be70d679fb6dd59e7eb492e0952ff4dba5ab55,161,2026-09-17T22:51:56+00:00
F.7,grafica,build/figures/F/figura_f_7.png,b41e42f47901a5fff5c38fa264971b1b0b5299e97fdae67c00ac8a603347d8cb,156625,2026-09-17T22:51:57+00:00
F.7,metadatos,build/metadata/f_7.json,4a58877ba8f98742025e281da7857d4e756643df37c0d598d4a50fe64fb8fd55,609,2026-09-17T22:51:57+00:00
F.8,dato_crudo,data/raw/inegi_mociba_2024_reference/objects/105e2e266134be538d33b5685e24bd41247eec5156f27b11ada7a3bb50f0a7ab/mociba2024_bd_csv.zip,105e2e266134be538d33b5685e24bd41247eec5156f27b11ada7a3bb50f0a7ab,1500882,2026-09-14T22:09:07+00:00
F.8,dato_crudo,data/raw/inegi_mociba_2025/objects/bc700919a67ae2ced10abdda770cc2262414a8a70d4f510f3c2cd0a67ef3a39d/mociba2025_bd_csv.zip,bc700919a67ae2ced10abdda770cc2262414a8a70d4f510f3c2cd0a67ef3a39d,1541603,2026-09-14T22:09:09+00:00
F.8,datos_usados,reportes/20260917T224253050408Z_corrida/datos_usados/f_8_datos_usados.csv,2a31b3052de2c76b9c52a1687440532a9b4e1c0ba4300566291cb32051d13171,630,2026-09-17T22:51:58+00:00
F.8,texto_generado,build/text/f_8.md,87ae7ebb70bbcca61911b552b7d4b1f1f34648e52f42e83a7512b0af71f6e12a,92,2026-09-17T22:51:58+00:00
F.8,texto_copia_corrida,reportes/20260917T224253050408Z_corrida/textos/f_8_parrafo.md,87ae7ebb70bbcca61911b552b7d4b1f1f34648e52f42e83a7512b0af71f6e12a,92,2026-09-17T22:51:58+00:00
F.8,grafica,build/figures/F/figura_f_8.png,47a13545c5e567d7683ff98dfab895d64142dbdf06a7ce292e74330a5abfe192,149067,2026-09-17T22:51:58+00:00
F.8,metadatos,build/metadata/f_8.json,ec8abdcc565651ac7e07ac8cd8e0008ca3e0f9c302d54a01bd22f5bdb7fa4ac1,604,2026-09-17T22:51:58+00:00
F.9,dato_crudo,data/raw/inegi_mociba_2024_reference/objects/105e2e266134be538d33b5685e24bd41247eec5156f27b11ada7a3bb50f0a7ab/mociba2024_bd_csv.zip,105e2e266134be538d33b5685e24bd41247eec5156f27b11ada7a3bb50f0a7ab,1500882,2026-09-14T22:09:07+00:00
F.9,dato_crudo,data/raw/inegi_mociba_2025/objects/bc700919a67ae2ced10abdda770cc2262414a8a70d4f510f3c2cd0a67ef3a39d/mociba2025_bd_csv.zip,bc700919a67ae2ced10abdda770cc2262414a8a70d4f510f3c2cd0a67ef3a39d,1541603,2026-09-14T22:09:09+00:00
F.9,datos_usados,reportes/20260917T224253050408Z_corrida/datos_usados/f_9_datos_usados.csv,b58a460f4c81317bf11f86a2c65c83863aafc14df3f6e558e256f8816aa2fb51,840,2026-09-17T22:52:00+00:00
F.9,texto_generado,build/text/f_9.md,c17000f4432e2c1bea6323a309d16bbe926a1eff702d783d30974f123ad97f76,90,2026-09-17T22:52:00+00:00
F.9,texto_copia_corrida,reportes/20260917T224253050408Z_corrida/textos/f_9_parrafo.md,c17000f4432e2c1bea6323a309d16bbe926a1eff702d783d30974f123ad97f76,90,2026-09-17T22:52:00+00:00
F.9,grafica,build/figures/F/figura_f_9.png,7637fdf7148075424accf29c62170fc6d227e8617d5a7300d63e66d72bd2645c,166564,2026-09-17T22:52:00+00:00
F.9,metadatos,build/metadata/f_9.json,63d60b35ced1cd6001f75800b8033c496b5d6700b0ac984b3512af1b1452866d,587,2026-09-17T22:52:00+00:00
F.10,dato_crudo,data/raw/ift_tercera_encuesta_usuarios_2023_base/objects/21d45976f4f1dede6c3b/bd3erencuesta2023.zip,21d45976f4f1dede6c3b883ac9a7d2a3fed0b8ab3d64f9b41c1e0641ad639d43,16211058,2026-09-15T19:28:34+00:00
F.10,datos_usados,reportes/20260917T224253050408Z_corrida/datos_usados/f_10_datos_usados.csv,6c29f80ecb631d64c192110ac803906cdfc743bdea0406fe22c7d9746353d7a5,413,2026-09-17T22:52:17+00:00
F.10,texto_generado,build/text/f_10.md,8a4d6bffc25a4a67781c9ef1a252df53810f22cc6c11f91bf0be30106014b691,79,2026-09-17T22:52:17+00:00
F.10,texto_copia_corrida,reportes/20260917T224253050408Z_corrida/textos/f_10_parrafo.md,8a4d6bffc25a4a67781c9ef1a252df53810f22cc6c11f91bf0be30106014b691,79,2026-09-17T22:52:17+00:00
F.10,grafica,build/figures/F/figura_f_10.png,375cf70073274e12c926b21d5d61e5e042d0ac509f497d9e3452972bec65d6ac,220135,2026-09-17T22:52:17+00:00
F.10,metadatos,build/metadata/f_10.json,6906f487eb37c72022cb4bc0916cfe27e0889bf62280f796c8cf39f709f10ebd,571,2026-09-17T22:52:17+00:00
F.11,dato_crudo,data/raw/ift_tercera_encuesta_usuarios_2023_base/objects/21d45976f4f1dede6c3b/bd3erencuesta2023.zip,21d45976f4f1dede6c3b883ac9a7d2a3fed0b8ab3d64f9b41c1e0641ad639d43,16211058,2026-09-15T19:28:34+00:00
F.11,datos_usados,reportes/20260917T224253050408Z_corrida/datos_usados/f_11_datos_usados.csv,52a6db83f740356c9f9ec4ec6122d4a34d7418073b019ba4d817853d94c7606a,590,2026-09-17T22:52:34+00:00
F.11,texto_generado,build/text/f_11.md,10eca4600130a51f13e04a084b92b569f48f4cd454caa66899b78dd841b48744,105,2026-09-17T22:52:34+00:00
F.11,texto_copia_corrida,reportes/20260917T224253050408Z_corrida/textos/f_11_parrafo.md,10eca4600130a51f13e04a084b92b569f48f4cd454caa66899b78dd841b48744,105,2026-09-17T22:52:34+00:00
F.11,grafica,build/figures/F/figura_f_11.png,4c9d829c0418700d46f5c24ef90798f0c75014c43de013c27469ff563a474165,202740,2026-09-17T22:52:34+00:00
F.11,metadatos,build/metadata/f_11.json,ee0a7bfda9234b51a96f92891c371003aef6d1c5ee9dae54d77b1cfca058dbd9,580,2026-09-17T22:52:34+00:00
F.12,dato_crudo,data/raw/ift_tercera_encuesta_usuarios_2023_base/objects/21d45976f4f1dede6c3b/bd3erencuesta2023.zip,21d45976f4f1dede6c3b883ac9a7d2a3fed0b8ab3d64f9b41c1e0641ad639d43,16211058,2026-09-15T19:28:34+00:00
F.12,datos_usados,reportes/20260917T224253050408Z_corrida/datos_usados/f_12_datos_usados.csv,38ddba0ba934fcc5897cd1894a662459e8d5fa06fd544eb2fc000d2ad4050992,322,2026-09-17T22:52:40+00:00
F.12,texto_generado,build/text/f_12.md,924de42ca70b348f70827d6428726c8935a1e0ac9c4ca98479e8c71e9c69a095,79,2026-09-17T22:52:40+00:00
F.12,texto_copia_corrida,reportes/20260917T224253050408Z_corrida/textos/f_12_parrafo.md,924de42ca70b348f70827d6428726c8935a1e0ac9c4ca98479e8c71e9c69a095,79,2026-09-17T22:52:40+00:00
F.12,grafica,build/figures/F/figura_f_12.png,229ab4fc22eac3d8be075e1791e5cfe28e0271764f8f82c71534c76bb19629cd,139226,2026-09-17T22:52:40+00:00
F.12,metadatos,build/metadata/f_12.json,9180db7e2d2875229f67ce284705ad96195fbf82bd2773ec0ae61b84b0db35f1,573,2026-09-17T22:52:40+00:00
F.13,dato_crudo,data/raw/ift_tercera_encuesta_usuarios_2023_base/objects/21d45976f4f1dede6c3b/bd3erencuesta2023.zip,21d45976f4f1dede6c3b883ac9a7d2a3fed0b8ab3d64f9b41c1e0641ad639d43,16211058,2026-09-15T19:28:34+00:00
F.13,datos_usados,reportes/20260917T224253050408Z_corrida/datos_usados/f_13_datos_usados.csv,e8234c136ad3dc7c2ebf3eb1c0e6c974b5303ce32369556d661c844f5884e475,464,2026-09-17T22:52:46+00:00
F.13,texto_generado,build/text/f_13.md,91816e18974ea8f7ba7e45fd31729bc4d427038ef7f7ee28b5284ae6a7291f7f,93,2026-09-17T22:52:47+00:00
F.13,texto_copia_corrida,reportes/20260917T224253050408Z_corrida/textos/f_13_parrafo.md,91816e18974ea8f7ba7e45fd31729bc4d427038ef7f7ee28b5284ae6a7291f7f,93,2026-09-17T22:52:47+00:00
F.13,grafica,build/figures/F/figura_f_13.png,e3947e929ce2a80e2af727ea91a9ebbe42c2e185fba49a0ae2021373bd3890ac,180730,2026-09-17T22:52:47+00:00
F.13,metadatos,build/metadata/f_13.json,4dcad891bd1d7e250bc70ed051ac2f0dd9512cc6c594cdd49659ef23720fc674,578,2026-09-17T22:52:47+00:00
F.14,dato_crudo,data/raw/ift_tercera_encuesta_usuarios_2023_pdf/objects/14f1a7450198552b9e65/3erencuesta2023.pdf,14f1a7450198552b9e65e3a0114d63644be6dc30aaba05794669197bf0a29716,8412858,2026-09-15T19:32:53+00:00
F.14,datos_usados,reportes/20260917T224253050408Z_corrida/datos_usados/f_14_datos_usados.csv,659070d317ece9c30faf26c81200f084416fe7c120f461487b2d58a34a0cf78a,790,2026-09-17T22:52:47+00:00
F.14,texto_generado,build/text/f_14.md,d4ed4b535edcecfa659fe479a97410efce2f90dc740fb3e50ec95f1e6de5f4ee,157,2026-09-17T22:52:47+00:00
F.14,texto_copia_corrida,reportes/20260917T224253050408Z_corrida/textos/f_14_parrafo.md,d4ed4b535edcecfa659fe479a97410efce2f90dc740fb3e50ec95f1e6de5f4ee,157,2026-09-17T22:52:47+00:00
F.14,grafica,build/figures/F/figura_f_14.png,db1338d3b58ad29eef15b68746c3d755e77f4f73a92f1e33aa1b8b5c09cee292,244827,2026-09-17T22:52:47+00:00
F.14,metadatos,build/metadata/f_14.json,e840fe4f594ed8625cf814bf9cff66b1c8424b42e552b8dffa0e133a6fd86ba9,566,2026-09-17T22:52:47+00:00
F.15,dato_crudo,data/raw/ift_tercera_encuesta_usuarios_2023_base/objects/21d45976f4f1dede6c3b/bd3erencuesta2023.zip,21d45976f4f1dede6c3b883ac9a7d2a3fed0b8ab3d64f9b41c1e0641ad639d43,16211058,2026-09-15T19:28:34+00:00
F.15,datos_usados,reportes/20260917T224253050408Z_corrida/datos_usados/f_15_datos_usados.csv,db23dd6d80d921818c1a52a6817a9b4cc8a9bee3e45ef8f6d3ace0eaf4782778,980,2026-09-17T22:53:04+00:00
F.15,texto_generado,build/text/f_15.md,86eb1896d64b77a83bd029f782038d88548ed133a36e2cf9c0a336cd111f5111,87,2026-09-17T22:53:04+00:00
F.15,texto_copia_corrida,reportes/20260917T224253050408Z_corrida/textos/f_15_parrafo.md,86eb1896d64b77a83bd029f782038d88548ed133a36e2cf9c0a336cd111f5111,87,2026-09-17T22:53:04+00:00
F.15,grafica,build/figures/F/figura_f_15.png,7f3058827a44480a99411e25b468c7eeeb8f348119447710a81f29fdeced7b68,253663,2026-09-17T22:53:04+00:00
F.15,metadatos,build/metadata/f_15.json,f67418d72b7973df04cb40c1a2874b9b4bf88feedc6b36b1f4a0512dde34c6a5,574,2026-09-17T22:53:05+00:00
F.16,dato_crudo,data/raw/ift_tercera_encuesta_usuarios_2023_base/objects/21d45976f4f1dede6c3b/bd3erencuesta2023.zip,21d45976f4f1dede6c3b883ac9a7d2a3fed0b8ab3d64f9b41c1e0641ad639d43,16211058,2026-09-15T19:28:34+00:00
F.16,datos_usados,reportes/20260917T224253050408Z_corrida/datos_usados/f_16_datos_usados.csv,b6cc457e7b375022a05f24210f77853d411583aef1c53a838b1c0a8c1caacfa9,826,2026-09-17T22:53:21+00:00
F.16,texto_generado,build/text/f_16.md,b3bd3554aed1ab6d6dfeb07bca604fe2909e2e175022d5bbf0d54bbf255151cb,93,2026-09-17T22:53:21+00:00
F.16,texto_copia_corrida,reportes/20260917T224253050408Z_corrida/textos/f_16_parrafo.md,b3bd3554aed1ab6d6dfeb07bca604fe2909e2e175022d5bbf0d54bbf255151cb,93,2026-09-17T22:53:21+00:00
F.16,grafica,build/figures/F/figura_f_16.png,59e234d787e30ad8d29ac7e7925b1077b30d143fa5398fe5d36c58329baed9fc,225316,2026-09-17T22:53:21+00:00
F.16,metadatos,build/metadata/f_16.json,ceda00e58fe6c540c9fb65581b218499a0e4682871acc9f4cc96137b7c1e11ed,565,2026-09-17T22:53:21+00:00
G.1,dato_crudo,data/raw/crt_bit_srs_estaciones_entidad_actual/objects/65cddb6808c4def872ed5e95d8ce61f2e1b9b9f8ed367aa6e56c0e76cb8e61f5/SRS_Estaciones_Entidad.csv,65cddb6808c4def872ed5e95d8ce61f2e1b9b9f8ed367aa6e56c0e76cb8e61f5,46628,2026-09-15T21:34:31+00:00
G.1,dato_crudo,data/raw/crt_bit_str_catalogo_distintivos_actual/objects/e53945496ce5eb2e523787222bcacc9da973893c872e8b065354d501547fbdfa/STR_Catalogo_Distintivos.csv,e53945496ce5eb2e523787222bcacc9da973893c872e8b065354d501547fbdfa,792020,2026-09-15T21:34:32+00:00
G.1,datos_usados,reportes/20260917T224253050408Z_corrida/datos_usados/g_1_datos_usados.csv,691333308fac175a0c3e001ca36270a521e88721d136658a53841e3ce5c77545,1051,2026-09-17T22:53:21+00:00
G.1,datos_usados,reportes/20260917T224253050408Z_corrida/datos_usados/g_1_control_anuario_2024.csv,237c3b2d86e2d02c4c0f7a528de1df8df4845bbf663b8236c8393b4525c0845f,568,2026-09-17T22:53:21+00:00
G.1,texto_generado,build/text/g_1.md,fbcceb5a38b3c16794220dc091b8daaa843a65c629a3bc9022f8385a91627d01,210,2026-09-17T22:53:22+00:00
G.1,texto_copia_corrida,reportes/20260917T224253050408Z_corrida/textos/g_1_parrafo.md,fbcceb5a38b3c16794220dc091b8daaa843a65c629a3bc9022f8385a91627d01,210,2026-09-17T22:53:22+00:00
G.1,grafica,build/figures/G/figura_g_1.png,dca25b20c14b6ea7007fa4eb9ca8b95a0b0523c8ba6be5fa560742288ce008bd,109246,2026-09-17T22:53:22+00:00
G.1,metadatos,build/metadata/g_1.json,364fd4bdd4a792673bcab12b7e3c62c1700a9966e400066bea43307358b171a6,559,2026-09-17T22:53:22+00:00
