figure_id,role,path,sha256,bytes,modified_at
A.1,dato_crudo,data/raw/inegi_pibt_2026_q2/objects/65a7899d4106e94ddb0612919ea45f7ce356910693a6c74526994e3eb11a5dee/PIBT_2.xlsx,65a7899d4106e94ddb0612919ea45f7ce356910693a6c74526994e3eb11a5dee,1904922,2026-09-09T19:37:36+00:00
A.1,datos_usados,reportes/20260917T180723614619Z_corrida/datos_usados/a_1_datos_usados.csv,aa9e803b540ec50e7c13d6cf77e9d280efd77a6d5cd9b33ac39db2ceb3ce5856,5223,2026-09-17T18:07:28+00:00
A.1,texto_generado,build/text/a_1.md,288b366a5b151e472ecd215c8386424ffd94d6dd1be8395b7cdd970fbaab2ff4,256,2026-09-17T18:07:28+00:00
A.1,texto_copia_corrida,reportes/20260917T180723614619Z_corrida/textos/a_1_parrafo.md,288b366a5b151e472ecd215c8386424ffd94d6dd1be8395b7cdd970fbaab2ff4,256,2026-09-17T18:07:28+00:00
A.1,grafica,build/figures/A/figura_a_1.png,bb0dab006252f93455765023f500b88630ac4a9b5b761c0476121a9367510911,314623,2026-09-17T18:07:29+00:00
A.1,metadatos,build/metadata/a_1.json,cdcff9b3c4cd720e531185bd3dc0d1e2892e81d8828f7e868bd09aa7f1aaf7b1,1012,2026-09-17T18:07:29+00:00
A.2,dato_crudo,data/raw/inegi_enoe_a2/2013trim2_csv.zip,09eabb5860d15b41a557665eef4595c8d715a2f21810358ff7fb6d2cd96ed20d,22309101,2026-08-31T22:23:33+00:00
A.2,dato_crudo,data/raw/inegi_enoe_a2/2013trim4_csv.zip,03ab1d021dbde5feea36ab0948ba3f35a64df095dc44563f1ae6da74a1c4a0e3,23582172,2026-08-31T22:23:33+00:00
A.2,dato_crudo,data/raw/inegi_enoe_a2/2014trim2_csv.zip,926c1715c868d409de594130d81bf9fbee8f1e93959c6b3959e99bf27d79e11f,22768706,2026-08-31T22:23:33+00:00
A.2,dato_crudo,data/raw/inegi_enoe_a2/2014trim4_csv.zip,8bb2e85bee8f8e3d52aa7b9ad3903cff6e28c8503d4c97656c3c0ec87d85f8ed,22725037,2026-08-31T22:23:34+00:00
A.2,dato_crudo,data/raw/inegi_enoe_a2/2015trim2_csv.zip,d2a70a2a452e617859da22db7fd2c78d8a0f841ec150b8f94cd08e221edf27ca,22782627,2026-08-31T22:23:34+00:00
A.2,dato_crudo,data/raw/inegi_enoe_a2/2015trim4_csv.zip,8bbf3dd5a2887c7b1e52e5afbf6fbc3c69b9090b84e5bc2b4b4fe754e2acd008,22782131,2026-08-31T22:23:35+00:00
A.2,dato_crudo,data/raw/inegi_enoe_a2/2016trim2_csv.zip,4aa9a8e2083378fa60aa965a2236bc81ca1a011c1a80cfb5907c462dc3f5a56f,26779138,2026-08-31T22:23:35+00:00
A.2,dato_crudo,data/raw/inegi_enoe_a2/2016trim4_csv.zip,f5846e8416dbbdb0a907b3f2321e9607083a269878657225fd3c82c708465500,26466686,2026-08-31T22:23:35+00:00
A.2,dato_crudo,data/raw/inegi_enoe_a2/2017trim2_csv.zip,bd58ed29a986e3f8b3642e6e6aa8ea7dbf7277116888cd60f799b562fd545066,27024159,2026-08-31T22:23:36+00:00
A.2,dato_crudo,data/raw/inegi_enoe_a2/2017trim4_csv.zip,af96a2420779c1cdf82b49bb7ddd5b489771bb791938db9b799da6f8b43d3be4,26664215,2026-08-31T22:23:36+00:00
A.2,dato_crudo,data/raw/inegi_enoe_a2/2018trim2_csv.zip,2ca4002f7209b029a470caa3174353a2766ca9fc1f4e1ea3c87a063d1218c00f,26835694,2026-08-31T22:23:37+00:00
A.2,dato_crudo,data/raw/inegi_enoe_a2/2018trim4_csv.zip,9259fcb81747ebfad7fbbd75b9dc9a65825142bc10366c447f645489b3383774,26724182,2026-08-31T22:23:37+00:00
A.2,dato_crudo,data/raw/inegi_enoe_a2/2019trim2_csv.zip,721bf45739241179cca3685c42e65a0270cbe02019602571ee79cc1a157a8d36,28592043,2026-08-31T22:23:38+00:00
A.2,dato_crudo,data/raw/inegi_enoe_a2/2019trim4_csv.zip,d91658be67f515a26f501fc130731e866b7c77c992ed91471217074f4f18ad58,28058037,2026-08-31T22:23:38+00:00
A.2,dato_crudo,data/raw/inegi_enoe_a2/2020trim1_csv.zip,8f24f571dee610e9ab147c7f2a01ac2770fef016cd13d8428160550b833b176b,27350239,2026-08-31T22:23:39+00:00
A.2,dato_crudo,data/raw/inegi_enoe_a2/enoe_n_2020_trim4_csv.zip,5d6ce8a6dcc2cace4a1e6e5cbaf9d9c61ad7bbbfa3217ecc9cd2184e2093f6f3,23007909,2026-08-31T22:23:42+00:00
A.2,dato_crudo,data/raw/inegi_enoe_a2/enoe_n_2021_trim2_csv.zip,a9bfb1f1291217714fd27a0dc5d30ee39064ad99f637867808d445294a25b96b,23887444,2026-08-31T22:23:42+00:00
A.2,dato_crudo,data/raw/inegi_enoe_a2/enoe_n_2021_trim4_csv.zip,1baabe0098ce5b1bdeeb4bba8eebe2d4b51eedae3745bc48dad1cd199b736a9b,27117836,2026-08-31T22:23:42+00:00
A.2,dato_crudo,data/raw/inegi_enoe_a2/enoe_n_2022_trim2_csv.zip,19e194fbdcc70549db19b718c6581ec2fadce883e9683369424bf758f76b705a,30537564,2026-08-31T22:23:43+00:00
A.2,dato_crudo,data/raw/inegi_enoe_a2/enoe_n_2022_trim4_csv.zip,1c22244fcd4a9f11625fa3cdb68d8c10f5143ba84c076b4e99a61ba822687e5d,29670618,2026-08-31T22:23:43+00:00
A.2,dato_crudo,data/raw/inegi_enoe_a2/enoe_2023_trim2_csv.zip,e2035d3a3e3d0789ee10fac875c792c5833fc90f7e1ccb9345e0690dd8c40eb5,39500761,2026-08-31T22:23:39+00:00
A.2,dato_crudo,data/raw/inegi_enoe_a2/enoe_2023_trim4_csv.zip,24f15e1ab8ad942b479b32f491b9e2d8b640ac3c8e79dbea02e74baa78ae9d2e,40681812,2026-08-31T22:23:40+00:00
A.2,dato_crudo,data/raw/inegi_enoe_a2/enoe_2024_trim2_csv.zip,13922f8902f587939145e0302ec8e6e5fa9fb0df4207229f7447deaaab96e285,31773308,2026-08-31T22:23:40+00:00
A.2,dato_crudo,data/raw/inegi_enoe_a2/enoe_2024_trim4_csv.zip,817f28d20a43fa4fed08195e62df58bf320b31c323a3049fe09b5194a1677305,43410469,2026-08-31T22:23:41+00:00
A.2,dato_crudo,data/raw/inegi_enoe_a2/enoe_2025_trim2_csv.zip,291db61afcc472a0933d2bebf46720cfd024df8912dc899d541d8109bd406722,38752236,2026-09-09T20:24:43+00:00
A.2,dato_crudo,data/raw/inegi_enoe_a2/enoe_2025_trim4_csv.zip,e675b41bde4fb3c183a0abd067738109c6aaf30ed314bc9fc548669fb8a1565d,43383478,2026-09-09T20:25:37+00:00
A.2,dato_crudo,data/raw/inegi_enoe_a2/enoe_2026_trim2_csv.zip,020811fa989a3e4e3e0daae39b32df6bb055f3ca59653b76ecc454f9b231d91e,35213597,2026-09-09T20:26:26+00:00
A.2,datos_usados,reportes/20260917T180723614619Z_corrida/datos_usados/a_2_datos_usados.csv,5f6e4eb3371483d13914734f5746b5a584d0c477cfaaee99196163752d6b1fc2,2457,2026-09-17T18:10:17+00:00
A.2,texto_generado,build/text/a_2.md,746d06fcdb92a400d1b7c527d06e5ac2914d079a10ef9bff0b7f152c24424b91,323,2026-09-17T18:10:17+00:00
A.2,texto_copia_corrida,reportes/20260917T180723614619Z_corrida/textos/a_2_parrafo.md,746d06fcdb92a400d1b7c527d06e5ac2914d079a10ef9bff0b7f152c24424b91,323,2026-09-17T18:10:17+00:00
A.2,grafica,build/figures/A/figura_a_2.png,c328b08900c3c541e79b2311cb2b0338f257c0c41b90196055659531b38bc4ba,320284,2026-09-17T18:10:17+00:00
A.2,metadatos,build/metadata/a_2.json,53ba33547ed252e602015a2f319d16bd064fe153f3ec926df7b02582e9efa7a7,745,2026-09-17T18:10:17+00:00
A.3,dato_crudo,data/raw/inegi_inpc_dynamic/objects/f883f3859247e8509bae82527a1ac108bbff457a48e3f31ac56a3d43b3e9131c/inpc_ipcom_hasta_2024.csv,f883f3859247e8509bae82527a1ac108bbff457a48e3f31ac56a3d43b3e9131c,49405,2026-09-09T21:53:26+00:00
A.3,dato_crudo,data/raw/inegi_inpc_current_2026_07_reference/objects/5d75d854deb25a0e901d/conjunto_de_datos_inpc_indicador_mensual_csv.zip,5d75d854deb25a0e901def5adb4430eadb44cc253ff86bf39734efc9185144c1,34591,2026-09-09T21:53:59+00:00
A.3,datos_usados,reportes/20260917T180723614619Z_corrida/datos_usados/a_3_datos_usados.csv,281d85a83a3f8218b2ee6281592c1089f43cc2743d7d39cecb19e9514bb516d5,993,2026-09-17T18:10:17+00:00
A.3,texto_generado,build/text/a_3.md,75d97c5e37fb1635b0b295c3f2db1e24e26910f97fdf3ed650aa776829e4d76a,359,2026-09-17T18:10:17+00:00
A.3,texto_copia_corrida,reportes/20260917T180723614619Z_corrida/textos/a_3_parrafo.md,75d97c5e37fb1635b0b295c3f2db1e24e26910f97fdf3ed650aa776829e4d76a,359,2026-09-17T18:10:17+00:00
A.3,grafica,build/figures/A/figura_a_3.png,5aa9466be614a685d3925c887b833fb4dabcb229267a9cf50030f3844e7799ef,275931,2026-09-17T18:10:18+00:00
A.3,metadatos,build/metadata/a_3.json,60fd1c2b11b9bb010f749e5c44b4e6605500e203952db37c51986b65c1d69070,735,2026-09-17T18:10:18+00:00
A.4,dato_crudo,data/raw/crt_bit_todo_2025_q2/objects/f75ce7de02249b11d35b/CRT_BIT_TODO.zip,f75ce7de02249b11d35bed3399f7f06558f9e7a18cc9b320180acbe96027d284,1188168847,2026-09-09T22:17:06+00:00
A.4,datos_usados,reportes/20260917T180723614619Z_corrida/datos_usados/a_4_datos_usados.csv,a1195e2c828976231f9d5fab16f891b2a08e1af8e66b75270c63b6fcc2c362fd,2318,2026-09-17T18:10:19+00:00
A.4,texto_generado,build/text/a_4.md,1c3e79138d398a348061cbdf72bfa651ef5d5db65d4b3eb54d13f2795b662b28,250,2026-09-17T18:10:19+00:00
A.4,texto_copia_corrida,reportes/20260917T180723614619Z_corrida/textos/a_4_parrafo.md,1c3e79138d398a348061cbdf72bfa651ef5d5db65d4b3eb54d13f2795b662b28,250,2026-09-17T18:10:19+00:00
A.4,grafica,build/figures/A/figura_a_4.png,10876dcb98343a569607a7723fbb8d42c40b37b9a7b80f7f5bbe0f8735c48f88,240068,2026-09-17T18:10:19+00:00
A.4,metadatos,build/metadata/a_4.json,1b23fa3e60e256737c99ffe5a8bf86ff000e0410959e6302a4ac0849e291cf73,821,2026-09-17T18:10:19+00:00
A.5,dato_crudo_manual,data/manual/A.5/2026_2T_Flujos_TI_AC_3.xlsx,b455e2d8b4b2a6e7631f46a9f736266c73fc5af2440a075103a1d0348595706a,547284,2026-09-08T19:22:33+00:00
A.5,dato_crudo_manual,data/manual/A.5/Datos_originales_y_actualizacion__1_.xlsx,f6e7c157e5a417e40756cce4ff605b04c67e6673ad3390cc07d66e1e782d6586,175785,2026-09-08T19:22:30+00:00
A.5,datos_usados,reportes/20260917T180723614619Z_corrida/datos_usados/a_5_datos_usados.csv,f1823caf7c8c555a4643251e6673ab56b489077fd75bab76974e5f64d46d70c9,1212,2026-09-17T18:10:34+00:00
A.5,texto_generado,build/text/a_5.md,69a313ca73d7b5b8e0ee282a023c9d8aae59be55a66724ce241da1dcaeaefef6,349,2026-09-17T18:10:34+00:00
A.5,texto_copia_corrida,reportes/20260917T180723614619Z_corrida/textos/a_5_parrafo.md,69a313ca73d7b5b8e0ee282a023c9d8aae59be55a66724ce241da1dcaeaefef6,349,2026-09-17T18:10:34+00:00
A.5,grafica,build/figures/A/figura_a_5.png,c441bfa5ab43e8ae596fa6dc97f2e0e00d5be0c5bbf46cc8ebadc518c3ea3836,217187,2026-09-17T18:10:35+00:00
A.5,metadatos,build/metadata/a_5.json,b11c317f288940c4757dbe051489f789cd8054972de19d834698aaed7697e2af,822,2026-09-17T18:10:35+00:00
A.6,dato_crudo,data/raw/crt_bit_todo_2025_q2/objects/f75ce7de02249b11d35b/CRT_BIT_TODO.zip,f75ce7de02249b11d35bed3399f7f06558f9e7a18cc9b320180acbe96027d284,1188168847,2026-09-09T22:17:06+00:00
A.6,datos_usados,reportes/20260917T180723614619Z_corrida/datos_usados/a_6_datos_usados.csv,c33ac633f13f9027e16635d412d2cecdff69340b7d75a780bd4bf89e262c9ce8,2228,2026-09-17T18:10:36+00:00
A.6,texto_generado,build/text/a_6.md,7c48b5901d7af4e90d56f5244ee98937332d17605725d1e34e171aaa53341064,332,2026-09-17T18:10:36+00:00
A.6,texto_copia_corrida,reportes/20260917T180723614619Z_corrida/textos/a_6_parrafo.md,7c48b5901d7af4e90d56f5244ee98937332d17605725d1e34e171aaa53341064,332,2026-09-17T18:10:36+00:00
A.6,grafica,build/figures/A/figura_a_6.png,499f7e155ffb3da698d4efa6f65f09be892b9bb072d153881644933bf8c4e4f9,280872,2026-09-17T18:10:36+00:00
A.6,metadatos,build/metadata/a_6.json,f15f8e6ac8578f05b4ddcaa91ec1c0d55ca448a2ebc869c4fa570a8b19b9765c,966,2026-09-17T18:10:36+00:00
A.7,dato_crudo,data/raw/inegi_enigh_2024/objects/7cbf18fee02c58849356e5495fb851ae4d0330743e34d26e35973f9ad5a1155d/enigh_2024_ns_csv.zip,7cbf18fee02c58849356e5495fb851ae4d0330743e34d26e35973f9ad5a1155d,103139139,2026-09-10T05:33:41+00:00
A.7,datos_usados,reportes/20260917T180723614619Z_corrida/datos_usados/a_7_datos_usados.csv,491c69a0a832f308e8731998339aa0705dedf35230647d6fb8667a4fc844a546,355,2026-09-17T18:10:51+00:00
A.7,texto_generado,build/text/a_7.md,30ed709cdefbca469967e8af352cdf193abb87906ff95b4ecd48210266a279e2,166,2026-09-17T18:10:51+00:00
A.7,texto_copia_corrida,reportes/20260917T180723614619Z_corrida/textos/a_7_parrafo.md,30ed709cdefbca469967e8af352cdf193abb87906ff95b4ecd48210266a279e2,166,2026-09-17T18:10:51+00:00
A.7,grafica,build/figures/A/figura_a_7.png,ea08e9dfb1cda3b34c766ccb66a33ae23468bb16d244a55c84d3067649c5f5d2,154187,2026-09-17T18:10:52+00:00
A.7,metadatos,build/metadata/a_7.json,647d910cb1bb41b7a96e79f8e3c6c1e1a980a1596c04701d1bfdcda4647f8a3b,641,2026-09-17T18:10:52+00:00
A.8,dato_crudo,data/raw/inegi_enigh_2024/objects/7cbf18fee02c58849356e5495fb851ae4d0330743e34d26e35973f9ad5a1155d/enigh_2024_ns_csv.zip,7cbf18fee02c58849356e5495fb851ae4d0330743e34d26e35973f9ad5a1155d,103139139,2026-09-10T05:33:41+00:00
A.8,datos_usados,reportes/20260917T180723614619Z_corrida/datos_usados/a_8_datos_usados.csv,1ababb8e3e5094b5ad09020ca8f33adc92e24b6a43d2f062b3ce213ba499973f,441,2026-09-17T18:11:06+00:00
A.8,texto_generado,build/text/a_8.md,c9e9bf755859dc326b488265c89a2674f92fc1166003a76159c9c2451ede5675,234,2026-09-17T18:11:06+00:00
A.8,texto_copia_corrida,reportes/20260917T180723614619Z_corrida/textos/a_8_parrafo.md,c9e9bf755859dc326b488265c89a2674f92fc1166003a76159c9c2451ede5675,234,2026-09-17T18:11:06+00:00
A.8,grafica,build/figures/A/figura_a_8.png,b9d4ca92c267caabddeaa6f21515e2bd5072f7478e1432ccf0ae17600a5b42aa,216800,2026-09-17T18:11:07+00:00
A.8,metadatos,build/metadata/a_8.json,3bf68e38a40d63c8db21765610691430a66ab073954914a304d3b62d203bf09c,670,2026-09-17T18:11:07+00:00
A.9,dato_crudo,data/raw/inegi_enigh_2024/objects/7cbf18fee02c58849356e5495fb851ae4d0330743e34d26e35973f9ad5a1155d/enigh_2024_ns_csv.zip,7cbf18fee02c58849356e5495fb851ae4d0330743e34d26e35973f9ad5a1155d,103139139,2026-09-10T05:33:41+00:00
A.9,datos_usados,reportes/20260917T180723614619Z_corrida/datos_usados/a_9_datos_usados.csv,01443fb4b97f6f9e8f7af752bfa87d4c9fa9bf46f32459e488ea73e74b2dcf2a,357,2026-09-17T18:11:21+00:00
A.9,texto_generado,build/text/a_9.md,0fffcfb5ab4429b7e45b714a28e1d10f027c614a71f5bb7fdc43fad48154fbd2,138,2026-09-17T18:11:21+00:00
A.9,texto_copia_corrida,reportes/20260917T180723614619Z_corrida/textos/a_9_parrafo.md,0fffcfb5ab4429b7e45b714a28e1d10f027c614a71f5bb7fdc43fad48154fbd2,138,2026-09-17T18:11:21+00:00
A.9,grafica,build/figures/A/figura_a_9.png,98ffb9f8623b55fdec13a032582354c1a9ea6a53ebc777714b566f835bfc0e6d,152501,2026-09-17T18:11:22+00:00
A.9,metadatos,build/metadata/a_9.json,a2f5993afcc05e1c84b7945df2a026701296d200f12256d569261e43777d8a81,644,2026-09-17T18:11:22+00:00
A.10,dato_crudo,data/raw/inegi_enigh_2024/objects/7cbf18fee02c58849356e5495fb851ae4d0330743e34d26e35973f9ad5a1155d/enigh_2024_ns_csv.zip,7cbf18fee02c58849356e5495fb851ae4d0330743e34d26e35973f9ad5a1155d,103139139,2026-09-10T05:33:41+00:00
A.10,datos_usados,reportes/20260917T180723614619Z_corrida/datos_usados/a_10_datos_usados.csv,90d6ea6126f3273345a075ac5408bd6909cebf07337cf681f43e584beb6ef8e9,440,2026-09-17T18:11:37+00:00
A.10,texto_generado,build/text/a_10.md,7026aa2c99b0fe19a59caad3c234c8c04e54a6a83db838ec3bc31467ba92b09f,237,2026-09-17T18:11:37+00:00
A.10,texto_copia_corrida,reportes/20260917T180723614619Z_corrida/textos/a_10_parrafo.md,7026aa2c99b0fe19a59caad3c234c8c04e54a6a83db838ec3bc31467ba92b09f,237,2026-09-17T18:11:37+00:00
A.10,grafica,build/figures/A/figura_a_10.png,63007cf60ed2e718954fb5e5e4cdf9b6aa1103882eab328aa893b47a165bca2a,225780,2026-09-17T18:11:37+00:00
A.10,metadatos,build/metadata/a_10.json,aab532261d40eb005657b89849f93b9b778ffac376bfd4cea8911b83a666cd5b,677,2026-09-17T18:11:37+00:00
B.1,dato_crudo,data/raw/inegi_endutih_2025/objects/65d219261b3890ee12eaf95cdd1185f6b7d52eefd7e698ffd335b604364fd508/conjunto_de_datos_endutih_2025_csv.zip,65d219261b3890ee12eaf95cdd1185f6b7d52eefd7e698ffd335b604364fd508,8197337,2026-09-10T12:04:22+00:00
B.1,datos_usados,reportes/20260917T180723614619Z_corrida/datos_usados/b_1_datos_usados.csv,39eec44bcf50d134c4c1ea52562864984011fb0ffca31ae260f6fee84a00f9f5,761,2026-09-17T18:11:38+00:00
B.1,texto_generado,build/text/b_1.md,a0e6dfdedc3c7c651221b210c8d0c49e97c6f36ebfca669f3903ff3bac1a07d4,148,2026-09-17T18:11:38+00:00
B.1,texto_copia_corrida,reportes/20260917T180723614619Z_corrida/textos/b_1_parrafo.md,a0e6dfdedc3c7c651221b210c8d0c49e97c6f36ebfca669f3903ff3bac1a07d4,148,2026-09-17T18:11:38+00:00
B.1,grafica,build/figures/B/figura_b_1.png,5c28adf48249b054fbc9049455f9908f918061b6ff643df3de0691e84ad32a12,246702,2026-09-17T18:11:38+00:00
B.1,metadatos,build/metadata/b_1.json,68e7892e6aed0fa0f7c0ad6c28a1f114b37cca01721f7df56a87d9ac7f7aae7b,644,2026-09-17T18:11:38+00:00
B.2,dato_crudo,data/raw/inegi_endutih_2025/objects/65d219261b3890ee12eaf95cdd1185f6b7d52eefd7e698ffd335b604364fd508/conjunto_de_datos_endutih_2025_csv.zip,65d219261b3890ee12eaf95cdd1185f6b7d52eefd7e698ffd335b604364fd508,8197337,2026-09-10T12:04:22+00:00
B.2,datos_usados,reportes/20260917T180723614619Z_corrida/datos_usados/b_2_datos_usados.csv,40ac2e0dbcd328c148f281707acca58965c864d4e2d3d84bcdd13649a65bd635,676,2026-09-17T18:11:38+00:00
B.2,texto_generado,build/text/b_2.md,d6b9d3c998510f2732d0d21abac8b1f71118296ab728cc9a774434b16272c252,149,2026-09-17T18:11:38+00:00
B.2,texto_copia_corrida,reportes/20260917T180723614619Z_corrida/textos/b_2_parrafo.md,d6b9d3c998510f2732d0d21abac8b1f71118296ab728cc9a774434b16272c252,149,2026-09-17T18:11:38+00:00
B.2,grafica,build/figures/B/figura_b_2.png,85b51cb25192cde29a8e5891099717d033a2309659f42b587370df8e388109f1,223455,2026-09-17T18:11:39+00:00
B.2,metadatos,build/metadata/b_2.json,28e0b2025eef9b802d2c44051c0656e59f9f40f14c61eb4c2783547b0ffdd9b6,648,2026-09-17T18:11:39+00:00
B.3,dato_crudo,data/raw/inegi_endutih_2025/objects/65d219261b3890ee12eaf95cdd1185f6b7d52eefd7e698ffd335b604364fd508/conjunto_de_datos_endutih_2025_csv.zip,65d219261b3890ee12eaf95cdd1185f6b7d52eefd7e698ffd335b604364fd508,8197337,2026-09-10T12:04:22+00:00
B.3,datos_usados,reportes/20260917T180723614619Z_corrida/datos_usados/b_3_datos_usados.csv,c2e24ca43cde5f817aa7100ddd20afed13049617b606e98b35b94515b67400ae,683,2026-09-17T18:11:39+00:00
B.3,texto_generado,build/text/b_3.md,6ce1228bd275ccda0b835abb30a97cffd0a9a0dede54df3bc6a7954c40c8e28b,153,2026-09-17T18:11:39+00:00
B.3,texto_copia_corrida,reportes/20260917T180723614619Z_corrida/textos/b_3_parrafo.md,6ce1228bd275ccda0b835abb30a97cffd0a9a0dede54df3bc6a7954c40c8e28b,153,2026-09-17T18:11:39+00:00
B.3,grafica,build/figures/B/figura_b_3.png,6caaac399b21f9164909c64b6bae280df7b85bb212addeec067fb8c980240377,224562,2026-09-17T18:11:40+00:00
B.3,metadatos,build/metadata/b_3.json,a8224804a55d2ba9b0b5f343fb85d6133d3e941f63f041e2cfd0266021e333d3,648,2026-09-17T18:11:40+00:00
B.4,dato_crudo,data/raw/crt_bit_todo_2025_q2/objects/f75ce7de02249b11d35b/CRT_BIT_TODO.zip,f75ce7de02249b11d35bed3399f7f06558f9e7a18cc9b320180acbe96027d284,1188168847,2026-09-09T22:17:06+00:00
B.4,datos_usados,reportes/20260917T180723614619Z_corrida/datos_usados/b_4_datos_usados.csv,a5738bd65b0008cda335608c74fb765799e72f6cc526cf85eacdbe2af56e0ca8,444,2026-09-17T18:11:41+00:00
B.4,texto_generado,build/text/b_4.md,05e824be91e01b2265fd62b99de5b41ded06c38bca656ca68bae7d2c05d8cae1,123,2026-09-17T18:11:41+00:00
B.4,texto_copia_corrida,reportes/20260917T180723614619Z_corrida/textos/b_4_parrafo.md,05e824be91e01b2265fd62b99de5b41ded06c38bca656ca68bae7d2c05d8cae1,123,2026-09-17T18:11:41+00:00
B.4,grafica,build/figures/B/figura_b_4.png,49623dc5870077a0341a5b543066500b201aa889e00c14cf516562be42e95166,153117,2026-09-17T18:11:42+00:00
B.4,metadatos,build/metadata/b_4.json,cf17d1c3e6e772dd8a86a86e27f2f9a9ed77b3b4153ac1cc34220dd8470b2bd1,632,2026-09-17T18:11:42+00:00
B.5,dato_crudo,data/raw/crt_bit_todo_2025_q2/objects/f75ce7de02249b11d35b/CRT_BIT_TODO.zip,f75ce7de02249b11d35bed3399f7f06558f9e7a18cc9b320180acbe96027d284,1188168847,2026-09-09T22:17:06+00:00
B.5,datos_usados,reportes/20260917T180723614619Z_corrida/datos_usados/b_5_datos_usados.csv,eb712354116bfbd0e1d855c8ddb4a87b93b29f6143f91d50086bba1bd9ae4d22,509,2026-09-17T18:11:43+00:00
B.5,texto_generado,build/text/b_5.md,6b9fa2f46a1cd51048da401b45b968f2c1611cb3e8f510726556549765882bc7,136,2026-09-17T18:11:43+00:00
B.5,texto_copia_corrida,reportes/20260917T180723614619Z_corrida/textos/b_5_parrafo.md,6b9fa2f46a1cd51048da401b45b968f2c1611cb3e8f510726556549765882bc7,136,2026-09-17T18:11:43+00:00
B.5,grafica,build/figures/B/figura_b_5.png,df09ec0a65f2f35b96e08cf6b4f6e8d062a2eccfd497d284a8bfc5db6a0290a9,208653,2026-09-17T18:11:43+00:00
B.5,metadatos,build/metadata/b_5.json,23de7ad26f3076a6474d8a7c47c0d0430d4c86d8ee733a78d93d870d97fd3a9d,647,2026-09-17T18:11:43+00:00
B.6,dato_crudo,data/raw/crt_bit_todo_2025_q2/objects/f75ce7de02249b11d35b/CRT_BIT_TODO.zip,f75ce7de02249b11d35bed3399f7f06558f9e7a18cc9b320180acbe96027d284,1188168847,2026-09-09T22:17:06+00:00
B.6,dato_crudo,data/raw/mexico_geojson_legacy/objects/7de22266d11293117321/mexicoHigh.json,7de22266d11293117321ea0aba07b610900e06626e1fffc74ffef96b751e33dc,184555,2026-08-31T22:21:20+00:00
B.6,datos_usados,reportes/20260917T180723614619Z_corrida/datos_usados/b_6_datos_usados.csv,9e5eff63d51145bbafee9584c79349dd7cda48190a3ba6ed877290f77c38563f,617,2026-09-17T18:11:45+00:00
B.6,texto_generado,build/text/b_6.md,0614909d6a6ac00c9edce6af35b35c35e4587d901e309413ccd4b3567b2999b5,171,2026-09-17T18:11:45+00:00
B.6,texto_copia_corrida,reportes/20260917T180723614619Z_corrida/textos/b_6_parrafo.md,0614909d6a6ac00c9edce6af35b35c35e4587d901e309413ccd4b3567b2999b5,171,2026-09-17T18:11:45+00:00
B.6,grafica,build/figures/B/figura_b_6.png,8f5350feb549ca23a133eb5cf4c2f88dbc5e33915a03a5e6cad28fc60c590ede,301001,2026-09-17T18:11:45+00:00
B.6,metadatos,build/metadata/b_6.json,937df216b5d3b5121159e6904d96207a79dc1ebac1ebbe0149919e6cfc5c83b8,682,2026-09-17T18:11:45+00:00
B.7,dato_crudo,data/raw/crt_bit_todo_2025_q2/objects/f75ce7de02249b11d35b/CRT_BIT_TODO.zip,f75ce7de02249b11d35bed3399f7f06558f9e7a18cc9b320180acbe96027d284,1188168847,2026-09-09T22:17:06+00:00
B.7,dato_crudo,data/raw/mexico_geojson_legacy/objects/7de22266d11293117321/mexicoHigh.json,7de22266d11293117321ea0aba07b610900e06626e1fffc74ffef96b751e33dc,184555,2026-08-31T22:21:20+00:00
B.7,datos_usados,reportes/20260917T180723614619Z_corrida/datos_usados/b_7_datos_usados.csv,9f53f8a45a92b9941ba784ec998c643887fe696a283d7d68ef9ac9a517ba98b9,630,2026-09-17T18:11:46+00:00
B.7,texto_generado,build/text/b_7.md,2658905d443d622147bf1011bc1a80aae901492102443f52c1ab973d6809a80e,188,2026-09-17T18:11:46+00:00
B.7,texto_copia_corrida,reportes/20260917T180723614619Z_corrida/textos/b_7_parrafo.md,2658905d443d622147bf1011bc1a80aae901492102443f52c1ab973d6809a80e,188,2026-09-17T18:11:46+00:00
B.7,grafica,build/figures/B/figura_b_7.png,7a57d7b95269d244529df2b003744b1cc79cb3ee2e5add30751af0d0d2e652a9,301655,2026-09-17T18:11:46+00:00
B.7,metadatos,build/metadata/b_7.json,67c061a43d11a3edbd226333d4e0c51b36ce76abeafcf102aa553e864009bd32,699,2026-09-17T18:11:47+00:00
B.8,dato_crudo,data/raw/crt_bit_todo_2025_q2/objects/f75ce7de02249b11d35b/CRT_BIT_TODO.zip,f75ce7de02249b11d35bed3399f7f06558f9e7a18cc9b320180acbe96027d284,1188168847,2026-09-09T22:17:06+00:00
B.8,datos_usados,reportes/20260917T180723614619Z_corrida/datos_usados/b_8_datos_usados.csv,41999c1a102d2448c81cc3af181b0548f26e3599dcdb07077bb01bac495e217a,843,2026-09-17T18:11:48+00:00
B.8,texto_generado,build/text/b_8.md,ca89367d31a5d8e61240d16645940ceb2091cbb74ea2490d011bbae4e6954092,128,2026-09-17T18:11:48+00:00
B.8,texto_copia_corrida,reportes/20260917T180723614619Z_corrida/textos/b_8_parrafo.md,ca89367d31a5d8e61240d16645940ceb2091cbb74ea2490d011bbae4e6954092,128,2026-09-17T18:11:48+00:00
B.8,grafica,build/figures/B/figura_b_8.png,e87d69aa1d2f5d65756e31de80b8ad8326c747999c2f9e2bf41efe2e76682039,153505,2026-09-17T18:11:48+00:00
B.8,metadatos,build/metadata/b_8.json,ce5e9d45da28f9d0d5a4b05bb86ec2a9ac1d9ba56e0008c36f96f284e885bbb7,642,2026-09-17T18:11:48+00:00
B.9,dato_crudo,data/raw/crt_bit_todo_2025_q2/objects/f75ce7de02249b11d35b/CRT_BIT_TODO.zip,f75ce7de02249b11d35bed3399f7f06558f9e7a18cc9b320180acbe96027d284,1188168847,2026-09-09T22:17:06+00:00
B.9,datos_usados,reportes/20260917T180723614619Z_corrida/datos_usados/b_9_datos_usados.csv,5c9947ab861f350c7d9c197c33b5f5983dbb60b523591536f5c7183d21d3cfa7,668,2026-09-17T18:11:50+00:00
B.9,texto_generado,build/text/b_9.md,c9603988d2b7b8bf8483d0c7cd32a4f224f38b880ad33c3f33cecbb49527dde0,148,2026-09-17T18:11:50+00:00
B.9,texto_copia_corrida,reportes/20260917T180723614619Z_corrida/textos/b_9_parrafo.md,c9603988d2b7b8bf8483d0c7cd32a4f224f38b880ad33c3f33cecbb49527dde0,148,2026-09-17T18:11:50+00:00
B.9,grafica,build/figures/B/figura_b_9.png,8f960283480d844ea54f51dd1887582a877ae8ff7a15db781190beeb7f8d60df,245396,2026-09-17T18:11:50+00:00
B.9,metadatos,build/metadata/b_9.json,e0a513a840b6f4930451e2b03411f75f339ed80e46860b97c653edb336c52c74,644,2026-09-17T18:11:50+00:00
B.10,dato_crudo,data/raw/crt_bit_todo_2025_q2/objects/f75ce7de02249b11d35b/CRT_BIT_TODO.zip,f75ce7de02249b11d35bed3399f7f06558f9e7a18cc9b320180acbe96027d284,1188168847,2026-09-09T22:17:06+00:00
B.10,datos_usados,reportes/20260917T180723614619Z_corrida/datos_usados/b_10_datos_usados.csv,ee6e8f9707b4c3da18c1b1a25369d467cd4f7bd39d9e3de9448e0a8f4e192703,155,2026-09-17T18:11:52+00:00
B.10,texto_generado,build/text/b_10.md,cec5baecd7adcbbcbd11f622f3dafcc9e5b7fc4af0d18e8d158788f9721540c9,165,2026-09-17T18:11:52+00:00
B.10,texto_copia_corrida,reportes/20260917T180723614619Z_corrida/textos/b_10_parrafo.md,cec5baecd7adcbbcbd11f622f3dafcc9e5b7fc4af0d18e8d158788f9721540c9,165,2026-09-17T18:11:52+00:00
B.10,grafica,build/figures/B/figura_b_10.png,cc8b743f30d6d3e02552f7b64fb21d8d5cef37fc69de9a43929616c701b6dadd,111386,2026-09-17T18:11:52+00:00
B.10,metadatos,build/metadata/b_10.json,7864797195285e8d4fd2453a4612cbce931edf51171a76af59d026f2f28e86ed,651,2026-09-17T18:11:52+00:00
B.11,dato_crudo,data/raw/crt_bit_todo_2025_q2/objects/f75ce7de02249b11d35b/CRT_BIT_TODO.zip,f75ce7de02249b11d35bed3399f7f06558f9e7a18cc9b320180acbe96027d284,1188168847,2026-09-09T22:17:06+00:00
B.11,datos_usados,reportes/20260917T180723614619Z_corrida/datos_usados/b_11_datos_usados.csv,39c5de1fc2dbb326168aafa036820c87bcf68149e3982862620553f287f1af0d,380,2026-09-17T18:11:53+00:00
B.11,texto_generado,build/text/b_11.md,ca51368c8937dce11838ad0be28c40859119c50b81ccdabfb59831652fbd12e4,122,2026-09-17T18:11:53+00:00
B.11,texto_copia_corrida,reportes/20260917T180723614619Z_corrida/textos/b_11_parrafo.md,ca51368c8937dce11838ad0be28c40859119c50b81ccdabfb59831652fbd12e4,122,2026-09-17T18:11:53+00:00
B.11,grafica,build/figures/B/figura_b_11.png,cb9af3a26ed105bdc1ec25caf1e20c9e012cabcb430f3c990b4bb566c415c106,124641,2026-09-17T18:11:53+00:00
B.11,metadatos,build/metadata/b_11.json,c0a4a1e4c8aeef983802a810626401fd43dae0982da0b8e2c88556bd950edaa6,634,2026-09-17T18:11:53+00:00
B.12,dato_crudo,data/raw/crt_bit_todo_2025_q2/objects/f75ce7de02249b11d35b/CRT_BIT_TODO.zip,f75ce7de02249b11d35bed3399f7f06558f9e7a18cc9b320180acbe96027d284,1188168847,2026-09-09T22:17:06+00:00
B.12,datos_usados,reportes/20260917T180723614619Z_corrida/datos_usados/b_12_datos_usados.csv,e1f9fcd7c01ed6488ac931feb5bfca74f69e561f9d0bbd3309eb780ca6cb55a3,236,2026-09-17T18:11:55+00:00
B.12,texto_generado,build/text/b_12.md,a8f9ed9a512a7fe29563ecfa107dd573c87571e5e7f950e4c3d97148e4c01a6e,135,2026-09-17T18:11:55+00:00
B.12,texto_copia_corrida,reportes/20260917T180723614619Z_corrida/textos/b_12_parrafo.md,a8f9ed9a512a7fe29563ecfa107dd573c87571e5e7f950e4c3d97148e4c01a6e,135,2026-09-17T18:11:55+00:00
B.12,grafica,build/figures/B/figura_b_12.png,566910516e1030e9aadfd45391e90720aa9e8c98b5315bdeff885619515d0760,128507,2026-09-17T18:11:55+00:00
B.12,metadatos,build/metadata/b_12.json,b27690e8d96cde27e63aa866170fdfc9710386e808b7b36b1e621ba0ce2420e1,649,2026-09-17T18:11:55+00:00
B.13,dato_crudo,data/raw/crt_bit_todo_2025_q2/objects/f75ce7de02249b11d35b/CRT_BIT_TODO.zip,f75ce7de02249b11d35bed3399f7f06558f9e7a18cc9b320180acbe96027d284,1188168847,2026-09-09T22:17:06+00:00
B.13,dato_crudo,data/raw/inegi_endutih_2025/objects/65d219261b3890ee12eaf95cdd1185f6b7d52eefd7e698ffd335b604364fd508/conjunto_de_datos_endutih_2025_csv.zip,65d219261b3890ee12eaf95cdd1185f6b7d52eefd7e698ffd335b604364fd508,8197337,2026-09-10T12:04:22+00:00
B.13,dato_crudo,data/raw/mexico_geojson_legacy/objects/7de22266d11293117321/mexicoHigh.json,7de22266d11293117321ea0aba07b610900e06626e1fffc74ffef96b751e33dc,184555,2026-08-31T22:21:20+00:00
B.13,datos_usados,reportes/20260917T180723614619Z_corrida/datos_usados/b_13_datos_usados.csv,502ba1a4ecdff3e5c9b64f230af39048311ad7e9aae597b0d6104f6b0322c371,1659,2026-09-17T18:11:57+00:00
B.13,texto_generado,build/text/b_13.md,41793c0192864d0b928be6b44d501205572a34c71fa28b87658433253440efc5,179,2026-09-17T18:11:57+00:00
B.13,texto_copia_corrida,reportes/20260917T180723614619Z_corrida/textos/b_13_parrafo.md,41793c0192864d0b928be6b44d501205572a34c71fa28b87658433253440efc5,179,2026-09-17T18:11:57+00:00
B.13,grafica,build/figures/B/figura_b_13.png,af229c910307b9a31e2f43dbf6587f134f36adbff296a10e2c99dd15b6ec5434,302249,2026-09-17T18:11:57+00:00
B.13,metadatos,build/metadata/b_13.json,b0b4c6c811f663072b80d0bef05783045484c69c38fc9d96c1e4732f378f056b,687,2026-09-17T18:11:57+00:00
B.14,dato_crudo,data/raw/crt_bit_todo_2025_q2/objects/f75ce7de02249b11d35b/CRT_BIT_TODO.zip,f75ce7de02249b11d35bed3399f7f06558f9e7a18cc9b320180acbe96027d284,1188168847,2026-09-09T22:17:06+00:00
B.14,dato_crudo,data/raw/inegi_denue_2023_state_counts/denue_2023.csv,2ab9ec7b8e668ffb25466e32fe6008bf1304ab78251f91efd01fcc8b3ca93acc,604,2026-09-10T22:59:28+00:00
B.14,dato_crudo,data/raw/mexico_geojson_legacy/objects/7de22266d11293117321/mexicoHigh.json,7de22266d11293117321ea0aba07b610900e06626e1fffc74ffef96b751e33dc,184555,2026-08-31T22:21:20+00:00
B.14,datos_usados,reportes/20260917T180723614619Z_corrida/datos_usados/b_14_datos_usados.csv,78818c493eb15be853cefedd8706ad579eca05d03696be715a163d05718d10c7,1979,2026-09-17T18:11:59+00:00
B.14,texto_generado,build/text/b_14.md,bffc324eccd1794ee3a59367797bcf10af41803998c33c826f06e7ad6094036d,186,2026-09-17T18:11:59+00:00
B.14,texto_copia_corrida,reportes/20260917T180723614619Z_corrida/textos/b_14_parrafo.md,bffc324eccd1794ee3a59367797bcf10af41803998c33c826f06e7ad6094036d,186,2026-09-17T18:11:59+00:00
B.14,grafica,build/figures/B/figura_b_14.png,b4472daff62a1479efbfc3bb1b4c69ea06a9abcba3d350312d142cdca89c4340,296279,2026-09-17T18:11:59+00:00
B.14,metadatos,build/metadata/b_14.json,25ad0bda12feaca6a6c3d5e2bf268685a2589137e6d9f32ec864ce43aff010b8,703,2026-09-17T18:11:59+00:00
B.15,dato_crudo,data/raw/crt_bit_todo_2025_q2/objects/f75ce7de02249b11d35b/CRT_BIT_TODO.zip,f75ce7de02249b11d35bed3399f7f06558f9e7a18cc9b320180acbe96027d284,1188168847,2026-09-09T22:17:06+00:00
B.15,datos_usados,reportes/20260917T180723614619Z_corrida/datos_usados/b_15_datos_usados.csv,375e427aa2aa892ccd2fd3458774ceaab4d7a902fc48c9e7ec1355d097ab7a4e,1263,2026-09-17T18:12:01+00:00
B.15,texto_generado,build/text/b_15.md,66674e8672e1e5bc3624c82601f29dbf007778a07af8123da93f3d22d669f634,167,2026-09-17T18:12:01+00:00
B.15,texto_copia_corrida,reportes/20260917T180723614619Z_corrida/textos/b_15_parrafo.md,66674e8672e1e5bc3624c82601f29dbf007778a07af8123da93f3d22d669f634,167,2026-09-17T18:12:01+00:00
B.15,grafica,build/figures/B/figura_b_15.png,28bae668b595d1aefc0cc74b020eeaa72df9c119ede30325a6ed81abcfe2b75a,135253,2026-09-17T18:12:01+00:00
B.15,metadatos,build/metadata/b_15.json,6161bffb94fe415ec48695ebd274851e25535ce1524b891eaf33a485d3b8583b,675,2026-09-17T18:12:01+00:00
B.16,dato_crudo,data/raw/crt_bit_todo_2025_q2/objects/f75ce7de02249b11d35b/CRT_BIT_TODO.zip,f75ce7de02249b11d35bed3399f7f06558f9e7a18cc9b320180acbe96027d284,1188168847,2026-09-09T22:17:06+00:00
B.16,datos_usados,reportes/20260917T180723614619Z_corrida/datos_usados/b_16_datos_usados.csv,3c8739f78108442037ceba3087cf599461b43a8a5ee50eb7b6d0e0165005724a,772,2026-09-17T18:12:03+00:00
B.16,texto_generado,build/text/b_16.md,129fb88e47fb0c1e1b2f866d2e15e9ad798f1c438f289d2182fc1a7a4a22a323,186,2026-09-17T18:12:03+00:00
B.16,texto_copia_corrida,reportes/20260917T180723614619Z_corrida/textos/b_16_parrafo.md,129fb88e47fb0c1e1b2f866d2e15e9ad798f1c438f289d2182fc1a7a4a22a323,186,2026-09-17T18:12:03+00:00
B.16,grafica,build/figures/B/figura_b_16.png,e7e7819d6bb3ac296469aac015573112d7f323632072cd59d452680e75f894b6,250785,2026-09-17T18:12:04+00:00
B.16,metadatos,build/metadata/b_16.json,dc510ea3b42bd3f0aeb2feb015a1c15105770d04105eefcf8c88d08015b307c8,677,2026-09-17T18:12:04+00:00
B.17,dato_crudo,data/raw/crt_bit_todo_2025_q2/objects/f75ce7de02249b11d35b/CRT_BIT_TODO.zip,f75ce7de02249b11d35bed3399f7f06558f9e7a18cc9b320180acbe96027d284,1188168847,2026-09-09T22:17:06+00:00
B.17,datos_usados,reportes/20260917T180723614619Z_corrida/datos_usados/b_17_datos_usados.csv,98289230ad0fc4cd60ee2f7fade6497172a5931afbfd4af10b14e6a91d440c5f,717,2026-09-17T18:12:05+00:00
B.17,texto_generado,build/text/b_17.md,b97c166f3fafe65d4343acd3f8b80dc9a5fa70041e14c174c4a25995c320f773,147,2026-09-17T18:12:05+00:00
B.17,texto_copia_corrida,reportes/20260917T180723614619Z_corrida/textos/b_17_parrafo.md,b97c166f3fafe65d4343acd3f8b80dc9a5fa70041e14c174c4a25995c320f773,147,2026-09-17T18:12:05+00:00
B.17,grafica,build/figures/B/figura_b_17.png,e07592b87e8a25de87f61790a916a0c5aff48f6929922e75c1d7d4046d8f5083,176639,2026-09-17T18:12:05+00:00
B.17,metadatos,build/metadata/b_17.json,9279603e42bf0e25ecd08748b3909fff9075bf143b1153ae761170cdb9e401e5,647,2026-09-17T18:12:05+00:00
B.18,dato_crudo,data/raw/crt_bit_todo_2025_q2/objects/f75ce7de02249b11d35b/CRT_BIT_TODO.zip,f75ce7de02249b11d35bed3399f7f06558f9e7a18cc9b320180acbe96027d284,1188168847,2026-09-09T22:17:06+00:00
B.18,datos_usados,reportes/20260917T180723614619Z_corrida/datos_usados/b_18_datos_usados.csv,b73624ea7ad8c1597d127a55c1a39eca3f573bfd7ab0ec42f5f199e0761187f1,151,2026-09-17T18:12:07+00:00
B.18,texto_generado,build/text/b_18.md,89f52ccd696d990f69aa6d7fb3f79f871a3e76c56e3b3fee6b74bb674894d7b4,163,2026-09-17T18:12:07+00:00
B.18,texto_copia_corrida,reportes/20260917T180723614619Z_corrida/textos/b_18_parrafo.md,89f52ccd696d990f69aa6d7fb3f79f871a3e76c56e3b3fee6b74bb674894d7b4,163,2026-09-17T18:12:07+00:00
B.18,grafica,build/figures/B/figura_b_18.png,206560f8de31f446a831c7418840ca64857f378f9eb026b6fca98100eb3b920b,111243,2026-09-17T18:12:07+00:00
B.18,metadatos,build/metadata/b_18.json,24faabb61f5ac4c3162f35823ecf3bdf318e95f4cc5c9cc5b38173b2e9471580,649,2026-09-17T18:12:07+00:00
B.19,dato_crudo,data/raw/crt_bit_todo_2025_q2/objects/f75ce7de02249b11d35b/CRT_BIT_TODO.zip,f75ce7de02249b11d35bed3399f7f06558f9e7a18cc9b320180acbe96027d284,1188168847,2026-09-09T22:17:06+00:00
B.19,datos_usados,reportes/20260917T180723614619Z_corrida/datos_usados/b_19_datos_usados.csv,eb798e219e9f59ef4797412f0d2567c2cf5d7a24e4272de2cbd4d8b665d2e92a,466,2026-09-17T18:12:08+00:00
B.19,texto_generado,build/text/b_19.md,e0888468f170f716860eea669c2d9722b90836e6ec0f501dcfb40ce2be3944d7,132,2026-09-17T18:12:08+00:00
B.19,texto_copia_corrida,reportes/20260917T180723614619Z_corrida/textos/b_19_parrafo.md,e0888468f170f716860eea669c2d9722b90836e6ec0f501dcfb40ce2be3944d7,132,2026-09-17T18:12:08+00:00
B.19,grafica,build/figures/B/figura_b_19.png,f4bf30f652b50d27d037a6d652c0065aed69dc6a6d9e8042deb3fd9bf7559dd2,145411,2026-09-17T18:12:09+00:00
B.19,metadatos,build/metadata/b_19.json,ed3554921331d7366128056d088442fd255b4aee00050f9c63666a322703d185,644,2026-09-17T18:12:09+00:00
B.20,dato_crudo,data/raw/crt_bit_todo_2025_q2/objects/f75ce7de02249b11d35b/CRT_BIT_TODO.zip,f75ce7de02249b11d35bed3399f7f06558f9e7a18cc9b320180acbe96027d284,1188168847,2026-09-09T22:17:06+00:00
B.20,datos_usados,reportes/20260917T180723614619Z_corrida/datos_usados/b_20_datos_usados.csv,aa4afae0a1d58446efe7b92f82f31722690c75eeb718aa4f92be9a22bdb12c7a,264,2026-09-17T18:12:10+00:00
B.20,texto_generado,build/text/b_20.md,cfb875b3c246b7e76919df56ed39bd23d1e684ead0bd9d24150d7721ff8eae6e,145,2026-09-17T18:12:10+00:00
B.20,texto_copia_corrida,reportes/20260917T180723614619Z_corrida/textos/b_20_parrafo.md,cfb875b3c246b7e76919df56ed39bd23d1e684ead0bd9d24150d7721ff8eae6e,145,2026-09-17T18:12:10+00:00
B.20,grafica,build/figures/B/figura_b_20.png,78d6c7d1bd23b011a09bb06d8c101c4714999c5f39a73fc9cdc2ea28f3579360,158447,2026-09-17T18:12:11+00:00
B.20,metadatos,build/metadata/b_20.json,4e838f6e459d305bbca523c39802e02009210eeb90235caf7dbacbdf47f9e62e,659,2026-09-17T18:12:11+00:00
B.21,dato_crudo,data/raw/crt_bit_todo_2025_q2/objects/f75ce7de02249b11d35b/CRT_BIT_TODO.zip,f75ce7de02249b11d35bed3399f7f06558f9e7a18cc9b320180acbe96027d284,1188168847,2026-09-09T22:17:06+00:00
B.21,dato_crudo,data/raw/inegi_endutih_2025/objects/65d219261b3890ee12eaf95cdd1185f6b7d52eefd7e698ffd335b604364fd508/conjunto_de_datos_endutih_2025_csv.zip,65d219261b3890ee12eaf95cdd1185f6b7d52eefd7e698ffd335b604364fd508,8197337,2026-09-10T12:04:22+00:00
B.21,dato_crudo,data/raw/mexico_geojson_legacy/objects/7de22266d11293117321/mexicoHigh.json,7de22266d11293117321ea0aba07b610900e06626e1fffc74ffef96b751e33dc,184555,2026-08-31T22:21:20+00:00
B.21,datos_usados,reportes/20260917T180723614619Z_corrida/datos_usados/b_21_datos_usados.csv,380f0250380310227e90112ee047028e0a2b983069e86c0f01f362638a0c2e20,2243,2026-09-17T18:12:13+00:00
B.21,texto_generado,build/text/b_21.md,0e40084b876012d34ccacf7830cd601792c16533482d7507d297afb0bd72d36f,395,2026-09-17T18:12:13+00:00
B.21,texto_copia_corrida,reportes/20260917T180723614619Z_corrida/textos/b_21_parrafo.md,0e40084b876012d34ccacf7830cd601792c16533482d7507d297afb0bd72d36f,395,2026-09-17T18:12:13+00:00
B.21,grafica,build/figures/B/figura_b_21.png,8c3cc22f28dc49384e69b7774f3d15a768d0bc2c1510afbd48b3a2ff7732d74f,320982,2026-09-17T18:12:14+00:00
B.21,metadatos,build/metadata/b_21.json,503dbb0edf1178ac6fba45d5a7cd7cda9b46b8f5b81a917d0ed49a7857033db2,685,2026-09-17T18:12:14+00:00
B.22,dato_crudo,data/raw/crt_bit_todo_2025_q2/objects/f75ce7de02249b11d35b/CRT_BIT_TODO.zip,f75ce7de02249b11d35bed3399f7f06558f9e7a18cc9b320180acbe96027d284,1188168847,2026-09-09T22:17:06+00:00
B.22,dato_crudo,data/raw/inegi_denue_2026_05/05_2026/denue_00_11_csv.zip,28dcadcad30b377b4de2033b4aa557736529b478ab09e70165edb8763c8d6f34,1727378,2026-09-11T17:48:07+00:00
B.22,dato_crudo,data/raw/inegi_denue_2026_05/05_2026/denue_00_21_csv.zip,92769cb9f5aafcb4e11afe7c7224e3dde3a2c97c5585d4e6f13fc563c4c403f7,310010,2026-09-11T17:48:08+00:00
B.22,dato_crudo,data/raw/inegi_denue_2026_05/05_2026/denue_00_22_csv.zip,2f36bc617303b7eaa3fff11648f38a228bd4ad59a418eab9d616f62ebdd8a949,1178241,2026-09-11T17:48:09+00:00
B.22,dato_crudo,data/raw/inegi_denue_2026_05/05_2026/denue_00_23_csv.zip,8f93eb74daf8b832eb50d722fd2d5e33a53b9753bf8f51629f7007edacc348d3,2716967,2026-09-11T17:48:11+00:00
B.22,dato_crudo,data/raw/inegi_denue_2026_05/05_2026/denue_00_31-33_csv.zip,5ec504d9c761778e94a8cdb4401b9f4f91ef478ee656086c7ac2973ca37890cd,57607659,2026-09-11T17:49:53+00:00
B.22,dato_crudo,data/raw/inegi_denue_2026_05/05_2026/denue_00_43_csv.zip,0b57798429caccdce1e4c37f3242dd5f5b0ea33f4478a49a4051617fca4b0f55,18345491,2026-09-11T17:50:41+00:00
B.22,dato_crudo,data/raw/inegi_denue_2026_05/05_2026/denue_00_46111_csv.zip,3e2b9a82555fcffd3f733b54beaf98a111f993e3475e7839f731ab794a18cb03,59835497,2026-09-11T17:53:23+00:00
B.22,dato_crudo,data/raw/inegi_denue_2026_05/05_2026/denue_00_46112-46311_csv.zip,8f1375af5fe6d30bd0497a1896c46a5a300c81fe607e87034d45e4e43cadd7a4,53077017,2026-09-11T17:54:31+00:00
B.22,dato_crudo,data/raw/inegi_denue_2026_05/05_2026/denue_00_46321-46531_csv.zip,2f19e3e65ce370d9b4f638c20333ad319035b5136c5007d9d49104ef89a4db60,58209695,2026-09-11T17:56:15+00:00
B.22,dato_crudo,data/raw/inegi_denue_2026_05/05_2026/denue_00_46591-46911_csv.zip,dd37519ac10f46af6eda734a9b1ff4e0b5b9be7ecc8a00fc7e4d130f6b8b1fc7,60209960,2026-09-11T17:58:07+00:00
B.22,dato_crudo,data/raw/inegi_denue_2026_05/05_2026/denue_00_48-49_csv.zip,5dd2f6fd55a36cd44dd24b98b6e3c56c150540aed2845897932839c559c30edd,4910330,2026-09-11T17:58:12+00:00
B.22,dato_crudo,data/raw/inegi_denue_2026_05/05_2026/denue_00_51_csv.zip,3ff73da9f2136713669f3fe24df259b8bbc67f478c1b80cd427016aa1169d04a,2246906,2026-09-11T17:58:14+00:00
B.22,dato_crudo,data/raw/inegi_denue_2026_05/05_2026/denue_00_52_csv.zip,86012151652274f6aa0212c3211b8fb24717cac37882557ac85a287ba32bb774,4858222,2026-09-11T17:58:20+00:00
B.22,dato_crudo,data/raw/inegi_denue_2026_05/05_2026/denue_00_53_csv.zip,be00934435c3eb640362949f034a4535e520fd82b560914ce216025e326cce09,8258667,2026-09-11T17:58:28+00:00
B.22,dato_crudo,data/raw/inegi_denue_2026_05/05_2026/denue_00_54_csv.zip,bd4eb1dee2e36efa5a095e3e26eda90a4b484e9f221f226f1f6b7346f7b38bd3,11265411,2026-09-11T17:58:40+00:00
B.22,dato_crudo,data/raw/inegi_denue_2026_05/05_2026/denue_00_55_csv.zip,75c0036a724904e673b6661f99a3b1c1618cd17f0582a1c2bece9b538b622a04,58074,2026-09-11T17:58:40+00:00
B.22,dato_crudo,data/raw/inegi_denue_2026_05/05_2026/denue_00_56_csv.zip,37e296986db4f862090d009945b9959a98870a31ec670bf3dd39b2ffc4432403,6039386,2026-09-11T17:58:49+00:00
B.22,dato_crudo,data/raw/inegi_denue_2026_05/05_2026/denue_00_61_csv.zip,2a55d9158929affb24975318f2534a6a257e1a4ee3fcfa90c9ce4ace2e00e5ca,15571907,2026-09-11T17:58:59+00:00
B.22,dato_crudo,data/raw/inegi_denue_2026_05/05_2026/denue_00_62_csv.zip,c02d7ad5e2338af4eb3a3a7ac066b73d4e84f8846287d605543f769ac53524f4,26906887,2026-09-11T17:59:29+00:00
B.22,dato_crudo,data/raw/inegi_denue_2026_05/05_2026/denue_00_71_csv.zip,b251bcf0adb8f645870298c29e51e1ab2fb465e13630b00c50d933a681e71288,6743965,2026-09-11T17:59:38+00:00
B.22,dato_crudo,data/raw/inegi_denue_2026_05/05_2026/denue_00_72_1_csv.zip,909dd5c7d4447f2905c890ec1336f65e10ad5ca47467d89276236b48c8701b49,49342606,2026-09-11T18:00:21+00:00
B.22,dato_crudo,data/raw/inegi_denue_2026_05/05_2026/denue_00_72_2_csv.zip,cf12fc06171e06726427db15fd9e29fa0cfb44b9b984edf48fb382a69fcce441,26143420,2026-09-11T18:01:06+00:00
B.22,dato_crudo,data/raw/inegi_denue_2026_05/05_2026/denue_00_81_1_csv.zip,eb3a50e1b7f47f819c9e2ed9e04257b05041aeb70619a9648d0cb4de5414468f,50180217,2026-09-11T18:02:23+00:00
B.22,dato_crudo,data/raw/inegi_denue_2026_05/05_2026/denue_00_81_2_csv.zip,0e6d1b10b0ceb0ef43740967229bf21fc1953119e9300dedbbef350b13eb7b02,39382296,2026-09-11T18:03:25+00:00
B.22,dato_crudo,data/raw/inegi_denue_2026_05/05_2026/denue_00_93_csv.zip,b4cc4c83941073710cf1c406505cdf668d2fc40eb3a212955266d13ff2e0d319,6765070,2026-09-11T18:03:32+00:00
B.22,dato_crudo,data/raw/mexico_geojson_legacy/objects/7de22266d11293117321/mexicoHigh.json,7de22266d11293117321ea0aba07b610900e06626e1fffc74ffef96b751e33dc,184555,2026-08-31T22:21:20+00:00
B.22,datos_usados,reportes/20260917T180723614619Z_corrida/datos_usados/b_22_datos_usados.csv,928c9e1772254c21c48761598e549826930169b0af9aa8d133820d7467879942,1982,2026-09-17T18:12:59+00:00
B.22,texto_generado,build/text/b_22.md,a85a3bcaa900d1de6f6dbec595311658579f55b89d2546697d07668980170f79,431,2026-09-17T18:12:59+00:00
B.22,texto_copia_corrida,reportes/20260917T180723614619Z_corrida/textos/b_22_parrafo.md,a85a3bcaa900d1de6f6dbec595311658579f55b89d2546697d07668980170f79,431,2026-09-17T18:12:59+00:00
B.22,grafica,build/figures/B/figura_b_22.png,9e672fd2947a092baef034f31d5cff172054a559c4cb3a6937497fc31dcb9801,318778,2026-09-17T18:12:59+00:00
B.22,metadatos,build/metadata/b_22.json,004f0120dc05c5b3f02f2f7e8c14efa7bccd0d5304f703524dce0efcf65c9531,764,2026-09-17T18:12:59+00:00
B.23,dato_crudo,data/raw/crt_bit_todo_2025_q2/objects/f75ce7de02249b11d35b/CRT_BIT_TODO.zip,f75ce7de02249b11d35bed3399f7f06558f9e7a18cc9b320180acbe96027d284,1188168847,2026-09-09T22:17:06+00:00
B.23,datos_usados,reportes/20260917T180723614619Z_corrida/datos_usados/b_23_datos_usados.csv,f66cfc65b4975701add43bdf516d1f5da051fb7d253dfa7a0d524343b4a62ba7,805,2026-09-17T18:13:05+00:00
B.23,texto_generado,build/text/b_23.md,6226a1cb4c71273fbe4f934bcaa0e3f982be83fa3b35a94f24722b1b710427ab,257,2026-09-17T18:13:05+00:00
B.23,texto_copia_corrida,reportes/20260917T180723614619Z_corrida/textos/b_23_parrafo.md,6226a1cb4c71273fbe4f934bcaa0e3f982be83fa3b35a94f24722b1b710427ab,257,2026-09-17T18:13:05+00:00
B.23,grafica,build/figures/B/figura_b_23.png,4bd7788d0d6391b24e4b09426ca3ea489be760aa3c2eacef9d9621895fe01c76,211079,2026-09-17T18:13:06+00:00
B.23,metadatos,build/metadata/b_23.json,c587b52b2e4888bab9af9b9f428c93a9d7914db385e3876edec44a145f106776,641,2026-09-17T18:13:06+00:00
B.24,dato_crudo,data/raw/crt_bit_todo_2025_q2/objects/f75ce7de02249b11d35b/CRT_BIT_TODO.zip,f75ce7de02249b11d35bed3399f7f06558f9e7a18cc9b320180acbe96027d284,1188168847,2026-09-09T22:17:06+00:00
B.24,datos_usados,reportes/20260917T180723614619Z_corrida/datos_usados/b_24_datos_usados.csv,3c9d22b3e766b088120ac7f0d84aad773a860aff6ec36399f7b2169d20b167d9,493,2026-09-17T18:13:07+00:00
B.24,texto_generado,build/text/b_24.md,2e6b2594d077d7dad8eac0d76ce737e1204df6bf9e7d74a80416c24b7d52391f,133,2026-09-17T18:13:07+00:00
B.24,texto_copia_corrida,reportes/20260917T180723614619Z_corrida/textos/b_24_parrafo.md,2e6b2594d077d7dad8eac0d76ce737e1204df6bf9e7d74a80416c24b7d52391f,133,2026-09-17T18:13:07+00:00
B.24,grafica,build/figures/B/figura_b_24.png,3c58a2a41234648e1a75ee7d9aea722956dfbfe1f6f4d036ff27f68a019b195a,180068,2026-09-17T18:13:07+00:00
B.24,metadatos,build/metadata/b_24.json,91e562de64904557126e6a27f9297d6173db613cbc3698a6da6d8509a08e9ab8,629,2026-09-17T18:13:07+00:00
B.25,dato_crudo,data/raw/crt_bit_todo_2025_q2/objects/f75ce7de02249b11d35b/CRT_BIT_TODO.zip,f75ce7de02249b11d35bed3399f7f06558f9e7a18cc9b320180acbe96027d284,1188168847,2026-09-09T22:17:06+00:00
B.25,datos_usados,reportes/20260917T180723614619Z_corrida/datos_usados/b_25_datos_usados.csv,07edd8bc3b4887e830d12f7ba77e84f22c51a9415311a979cda59cac3978f593,123,2026-09-17T18:13:09+00:00
B.25,texto_generado,build/text/b_25.md,db7ac5354d33df1fc71413ff8382f346e686b0b7446e1703f040f90bb5e6758f,152,2026-09-17T18:13:09+00:00
B.25,texto_copia_corrida,reportes/20260917T180723614619Z_corrida/textos/b_25_parrafo.md,db7ac5354d33df1fc71413ff8382f346e686b0b7446e1703f040f90bb5e6758f,152,2026-09-17T18:13:09+00:00
B.25,grafica,build/figures/B/figura_b_25.png,456990d9fea16057e10068064031e241ea7fc4f7ec3eb2c065c9fb4082610cc7,110295,2026-09-17T18:13:09+00:00
B.25,metadatos,build/metadata/b_25.json,5f0409d6655889de4afdc5cbdbf7ec9f2f90100070bd11991788f9ba241d950b,629,2026-09-17T18:13:09+00:00
C.1,dato_crudo,data/raw/crt_bit_dist_espectro_actual/objects/9b8c957e596ec2bf97209e9819b25cfe3798130c77c35e01a7d51694c6e94466/TD_DIST_ESPECTRO_VA.csv,9b8c957e596ec2bf97209e9819b25cfe3798130c77c35e01a7d51694c6e94466,408,2026-09-11T22:50:21+00:00
C.1,datos_usados,reportes/20260917T180723614619Z_corrida/datos_usados/c_1_datos_usados.csv,1938cd822e193f847dc22509ae1ec1556be841a07552de7a9a2a44cf62593761,255,2026-09-17T18:13:09+00:00
C.1,texto_generado,build/text/c_1.md,d1c078960f4e07abd0289e6adbaad86b43ad115282bff1699a2e8451d7d20818,156,2026-09-17T18:13:09+00:00
C.1,texto_copia_corrida,reportes/20260917T180723614619Z_corrida/textos/c_1_parrafo.md,d1c078960f4e07abd0289e6adbaad86b43ad115282bff1699a2e8451d7d20818,156,2026-09-17T18:13:09+00:00
C.1,grafica,build/figures/C/figura_c_1.png,e09828ddd39f998340f2c9de5ac6163e229f503d4275910a54db33c1b50a28fc,140590,2026-09-17T18:13:09+00:00
C.1,metadatos,build/metadata/c_1.json,34318a70ada8bb3e838b47225b75138959a35a0079af8f9b27344e316a6b7444,616,2026-09-17T18:13:09+00:00
C.2,dato_crudo,data/raw/crt_bit_espectro_banda_actual/objects/49913e821c907df8423fed40edafa1bb4b182b22cc2451f76a578e1b503df692/TD_ESPECTRO_BANDA_VA.csv,49913e821c907df8423fed40edafa1bb4b182b22cc2451f76a578e1b503df692,170,2026-09-11T22:50:23+00:00
C.2,dato_crudo,data/raw/crt_bit_dist_espectro_actual/objects/9b8c957e596ec2bf97209e9819b25cfe3798130c77c35e01a7d51694c6e94466/TD_DIST_ESPECTRO_VA.csv,9b8c957e596ec2bf97209e9819b25cfe3798130c77c35e01a7d51694c6e94466,408,2026-09-11T22:50:21+00:00
C.2,datos_usados,reportes/20260917T180723614619Z_corrida/datos_usados/c_2_datos_usados.csv,33d4dfaa78989054408b154565a7a27a5a384ebbdf19331a3eefbc514f206d28,526,2026-09-17T18:13:09+00:00
C.2,texto_generado,build/text/c_2.md,dd0366669a68507877c38506a1e898eba0046028f14fc3b83f17c72803f02fc6,149,2026-09-17T18:13:10+00:00
C.2,texto_copia_corrida,reportes/20260917T180723614619Z_corrida/textos/c_2_parrafo.md,dd0366669a68507877c38506a1e898eba0046028f14fc3b83f17c72803f02fc6,149,2026-09-17T18:13:10+00:00
C.2,grafica,build/figures/C/figura_c_2.png,cd2100bfb8de5b22c5ce81a6cbc566fe3d165cd48b70eb343bc4d798f5eab5be,116695,2026-09-17T18:13:10+00:00
C.2,metadatos,build/metadata/c_2.json,32579787d9644a817bef4e6e249ef788bf32f68f26b1073fbe6276d9b8fc2731,641,2026-09-17T18:13:10+00:00
C.3,dato_crudo,data/raw/inegi_endutih_2025/objects/65d219261b3890ee12eaf95cdd1185f6b7d52eefd7e698ffd335b604364fd508/conjunto_de_datos_endutih_2025_csv.zip,65d219261b3890ee12eaf95cdd1185f6b7d52eefd7e698ffd335b604364fd508,8197337,2026-09-10T12:04:22+00:00
C.3,datos_usados,reportes/20260917T180723614619Z_corrida/datos_usados/c_3_datos_usados.csv,b8b38f9ade7515944b8509f729dcd871e58044d589c7ed6b4c5525abf7e684a2,412,2026-09-17T18:13:10+00:00
C.3,texto_generado,build/text/c_3.md,b2f5141a8d619a4ef872250fa07bd1eccaa0feaa316909ac90077f1b0b8f8585,160,2026-09-17T18:13:10+00:00
C.3,texto_copia_corrida,reportes/20260917T180723614619Z_corrida/textos/c_3_parrafo.md,b2f5141a8d619a4ef872250fa07bd1eccaa0feaa316909ac90077f1b0b8f8585,160,2026-09-17T18:13:10+00:00
C.3,grafica,build/figures/C/figura_c_3.png,feb895648df7f0900fce6ae962bc34f01aef369bba20c2482b06739e9e5731d1,120058,2026-09-17T18:13:11+00:00
C.3,metadatos,build/metadata/c_3.json,04424b3eed2cbb19fb8062ff8becf349e6d2bf392cb601082570f12f44720301,622,2026-09-17T18:13:11+00:00
C.4,dato_crudo,data/raw/inegi_endutih_2025/objects/65d219261b3890ee12eaf95cdd1185f6b7d52eefd7e698ffd335b604364fd508/conjunto_de_datos_endutih_2025_csv.zip,65d219261b3890ee12eaf95cdd1185f6b7d52eefd7e698ffd335b604364fd508,8197337,2026-09-10T12:04:22+00:00
C.4,datos_usados,reportes/20260917T180723614619Z_corrida/datos_usados/c_4_datos_usados.csv,b8b38f9ade7515944b8509f729dcd871e58044d589c7ed6b4c5525abf7e684a2,412,2026-09-17T18:13:11+00:00
C.4,texto_generado,build/text/c_4.md,acd019e705b5c067b052000b49647f8cda1f7c0e971e9d66a7e09d4d1b588375,225,2026-09-17T18:13:11+00:00
C.4,texto_copia_corrida,reportes/20260917T180723614619Z_corrida/textos/c_4_parrafo.md,acd019e705b5c067b052000b49647f8cda1f7c0e971e9d66a7e09d4d1b588375,225,2026-09-17T18:13:11+00:00
C.4,grafica,build/figures/C/figura_c_4.png,9b9547e755680bee4004229720cdb5e9b14343be53c6f71139c1163fb7f24e6a,221488,2026-09-17T18:13:11+00:00
C.4,metadatos,build/metadata/c_4.json,a119707639a6384143dada94b570e791cb756220420962456de20dd3c9435e43,643,2026-09-17T18:13:11+00:00
C.5,dato_crudo,data/raw/crt_bit_todo_2025_q2/objects/f75ce7de02249b11d35b/CRT_BIT_TODO.zip,f75ce7de02249b11d35bed3399f7f06558f9e7a18cc9b320180acbe96027d284,1188168847,2026-09-09T22:17:06+00:00
C.5,datos_usados,reportes/20260917T180723614619Z_corrida/datos_usados/c_5_datos_usados.csv,13fe0bd360e28ed38c743816732bc5cb6d5a01a1dd2e0841fbcd4d1c8f0f45ca,1768,2026-09-17T18:13:13+00:00
C.5,texto_generado,build/text/c_5.md,81fec9488131eff7fce011cfab7cbbc83e4dd59780d3c8cd09de7fa541632cf1,73,2026-09-17T18:13:13+00:00
C.5,texto_copia_corrida,reportes/20260917T180723614619Z_corrida/textos/c_5_parrafo.md,81fec9488131eff7fce011cfab7cbbc83e4dd59780d3c8cd09de7fa541632cf1,73,2026-09-17T18:13:13+00:00
C.5,grafica,build/figures/C/figura_c_5.png,f9225dde372d598cb217ece0608e6f30891b9b220e6318660ef1912365dea1bd,257999,2026-09-17T18:13:13+00:00
C.5,metadatos,build/metadata/c_5.json,d421c51132b9becdc3f2ec552f5d92bfd563602162c3aaa5644a1c413fec254e,615,2026-09-17T18:13:13+00:00
C.6,dato_crudo,data/raw/crt_bit_todo_2025_q2/objects/f75ce7de02249b11d35b/CRT_BIT_TODO.zip,f75ce7de02249b11d35bed3399f7f06558f9e7a18cc9b320180acbe96027d284,1188168847,2026-09-09T22:17:06+00:00
C.6,datos_usados,reportes/20260917T180723614619Z_corrida/datos_usados/c_6_datos_usados.csv,f3e64e79700ed18304d149b3f51dfdeaf92d2ba8c0187177ccf1b68e64d8c4d8,400,2026-09-17T18:13:14+00:00
C.6,texto_generado,build/text/c_6.md,3e64cb5d51e21a7989fa69aec6cc9752bc7fecfc298248a5ac09987068beb64f,85,2026-09-17T18:13:14+00:00
C.6,texto_copia_corrida,reportes/20260917T180723614619Z_corrida/textos/c_6_parrafo.md,3e64cb5d51e21a7989fa69aec6cc9752bc7fecfc298248a5ac09987068beb64f,85,2026-09-17T18:13:14+00:00
C.6,grafica,build/figures/C/figura_c_6.png,f55d5ae90efc81a3976828c0909ef8421ae00707d262ac9f934d4c35a84e5de7,209145,2026-09-17T18:13:15+00:00
C.6,metadatos,build/metadata/c_6.json,303936d524653dae3e1235cd4e045af270f29d2fbe9aeff3b5ca575022a93e72,625,2026-09-17T18:13:15+00:00
C.7,dato_crudo,data/raw/crt_bit_todo_2025_q2/objects/f75ce7de02249b11d35b/CRT_BIT_TODO.zip,f75ce7de02249b11d35bed3399f7f06558f9e7a18cc9b320180acbe96027d284,1188168847,2026-09-09T22:17:06+00:00
C.7,dato_crudo,data/raw/mexico_geojson_legacy/objects/7de22266d11293117321/mexicoHigh.json,7de22266d11293117321ea0aba07b610900e06626e1fffc74ffef96b751e33dc,184555,2026-08-31T22:21:20+00:00
C.7,datos_usados,reportes/20260917T180723614619Z_corrida/datos_usados/c_7_datos_usados.csv,65073d4c4bfeb7a94e95b1cdefb229cf30c25851a9b2c558232534961471630c,647,2026-09-17T18:13:16+00:00
C.7,texto_generado,build/text/c_7.md,557320e1ebb1d3459dc8037a17194833e4941c1e84baaf7f0cae6782f9dff9b1,91,2026-09-17T18:13:16+00:00
C.7,texto_copia_corrida,reportes/20260917T180723614619Z_corrida/textos/c_7_parrafo.md,557320e1ebb1d3459dc8037a17194833e4941c1e84baaf7f0cae6782f9dff9b1,91,2026-09-17T18:13:16+00:00
C.7,grafica,build/figures/C/figura_c_7.png,9c5f8a8debb44079efbfa71b33b27de0d8585239b76bb1e217343d38a7d28f82,303885,2026-09-17T18:13:16+00:00
C.7,metadatos,build/metadata/c_7.json,1470bae913d09c46a5c2784dc0c63547b21457af0710a9d95369b7efdbef6ee2,648,2026-09-17T18:13:16+00:00
C.8,dato_crudo,data/raw/crt_bit_todo_2025_q2/objects/f75ce7de02249b11d35b/CRT_BIT_TODO.zip,f75ce7de02249b11d35bed3399f7f06558f9e7a18cc9b320180acbe96027d284,1188168847,2026-09-09T22:17:06+00:00
C.8,datos_usados,reportes/20260917T180723614619Z_corrida/datos_usados/c_8_datos_usados.csv,54b28f9e7f3e1c958c868dc5015b02de6713cbd3b35259810a604947292d55d2,579,2026-09-17T18:13:18+00:00
C.8,texto_generado,build/text/c_8.md,ec62cfd164f909b82bf8ee1b7dbf54a315bd7e1cc2ebcf978a8209bcc4b06717,74,2026-09-17T18:13:18+00:00
C.8,texto_copia_corrida,reportes/20260917T180723614619Z_corrida/textos/c_8_parrafo.md,ec62cfd164f909b82bf8ee1b7dbf54a315bd7e1cc2ebcf978a8209bcc4b06717,74,2026-09-17T18:13:18+00:00
C.8,grafica,build/figures/C/figura_c_8.png,dbd473c653a13a3667c364b5543b1608990baab48b1e60764330e7a1f9e80cd3,214606,2026-09-17T18:13:18+00:00
C.8,metadatos,build/metadata/c_8.json,5d4d5be5f3a05089aa7e6f741a3a37e98df5c819e2627e91c9a63db13dea1a4b,610,2026-09-17T18:13:18+00:00
C.9,dato_crudo,data/raw/crt_bit_todo_2025_q2/objects/f75ce7de02249b11d35b/CRT_BIT_TODO.zip,f75ce7de02249b11d35bed3399f7f06558f9e7a18cc9b320180acbe96027d284,1188168847,2026-09-09T22:17:06+00:00
C.9,datos_usados,reportes/20260917T180723614619Z_corrida/datos_usados/c_9_datos_usados.csv,014b484c6f8c5bd24b6105f1a21c5246a31e9c34db35b2953759c3c740c72e72,447,2026-09-17T18:13:19+00:00
C.9,texto_generado,build/text/c_9.md,068764f517431a5446a4cc5be23555972d19a4f46107524210b854ecefccdb2f,78,2026-09-17T18:13:20+00:00
C.9,texto_copia_corrida,reportes/20260917T180723614619Z_corrida/textos/c_9_parrafo.md,068764f517431a5446a4cc5be23555972d19a4f46107524210b854ecefccdb2f,78,2026-09-17T18:13:20+00:00
C.9,grafica,build/figures/C/figura_c_9.png,fc9ee6acb0057029e03c8959023d6cb9adc99b31224c6f5f15c3196a0291f5b2,222666,2026-09-17T18:13:20+00:00
C.9,metadatos,build/metadata/c_9.json,949cd7d226912e0027302c90b96a2d382af0867cfd1c6170d705a0ab61ba5fa5,619,2026-09-17T18:13:20+00:00
C.10,dato_crudo,data/raw/crt_bit_todo_2025_q2/objects/f75ce7de02249b11d35b/CRT_BIT_TODO.zip,f75ce7de02249b11d35bed3399f7f06558f9e7a18cc9b320180acbe96027d284,1188168847,2026-09-09T22:17:06+00:00
C.10,datos_usados,reportes/20260917T180723614619Z_corrida/datos_usados/c_10_datos_usados.csv,a1e17e959c6f900886d7aff0eb5c005cb0eccb2bf18c4f238bd2f7a375576f51,169,2026-09-17T18:13:21+00:00
C.10,texto_generado,build/text/c_10.md,1e4eb8ab7d59a06430e4f28f9423fbb8bfc7a4f6a8609885d5401a94e6ac36a8,58,2026-09-17T18:13:21+00:00
C.10,texto_copia_corrida,reportes/20260917T180723614619Z_corrida/textos/c_10_parrafo.md,1e4eb8ab7d59a06430e4f28f9423fbb8bfc7a4f6a8609885d5401a94e6ac36a8,58,2026-09-17T18:13:21+00:00
C.10,grafica,build/figures/C/figura_c_10.png,12193e48e34feb35c6401894a4643d1906030b0278a21d0a363c2665e0219afc,115711,2026-09-17T18:13:22+00:00
C.10,metadatos,build/metadata/c_10.json,577b39752a09b8cb30319df8fc600cc89d1c9039d243f48259536439cb95c376,623,2026-09-17T18:13:22+00:00
C.11,dato_crudo,data/raw/crt_bit_todo_2025_q2/objects/f75ce7de02249b11d35b/CRT_BIT_TODO.zip,f75ce7de02249b11d35bed3399f7f06558f9e7a18cc9b320180acbe96027d284,1188168847,2026-09-09T22:17:06+00:00
C.11,datos_usados,reportes/20260917T180723614619Z_corrida/datos_usados/c_11_datos_usados.csv,66502ab1e359c4f05c2d1da27e880c3b1c414a95c3e016d6f2eab0e911a7b418,888,2026-09-17T18:13:23+00:00
C.11,texto_generado,build/text/c_11.md,7244ad75202e1ff2f254b61b3063830ddf686f15e33409f4d8211200e28f8aaa,94,2026-09-17T18:13:23+00:00
C.11,texto_copia_corrida,reportes/20260917T180723614619Z_corrida/textos/c_11_parrafo.md,7244ad75202e1ff2f254b61b3063830ddf686f15e33409f4d8211200e28f8aaa,94,2026-09-17T18:13:23+00:00
C.11,grafica,build/figures/C/figura_c_11.png,bc4c3aafc2b176e792a77d4871c93ccb5716bd8f5f90ed97c8852d369107fe64,207411,2026-09-17T18:13:23+00:00
C.11,metadatos,build/metadata/c_11.json,010f68c3aba25e61923d7e005443d4d58af886c1fba52b1cc60173780254b777,626,2026-09-17T18:13:23+00:00
C.12,dato_crudo,data/raw/crt_bit_todo_2025_q2/objects/f75ce7de02249b11d35b/CRT_BIT_TODO.zip,f75ce7de02249b11d35bed3399f7f06558f9e7a18cc9b320180acbe96027d284,1188168847,2026-09-09T22:17:06+00:00
C.12,datos_usados,reportes/20260917T180723614619Z_corrida/datos_usados/c_12_datos_usados.csv,9edefa45a0b33d82694c6cf2d55db46da0cbf4ce5922ac4d96574fd611d89f67,187,2026-09-17T18:13:25+00:00
C.12,texto_generado,build/text/c_12.md,b3c6ad96d7b32e305236951c686d6843e2c1c7aa707d910c8e17f76901ad6bbb,96,2026-09-17T18:13:25+00:00
C.12,texto_copia_corrida,reportes/20260917T180723614619Z_corrida/textos/c_12_parrafo.md,b3c6ad96d7b32e305236951c686d6843e2c1c7aa707d910c8e17f76901ad6bbb,96,2026-09-17T18:13:25+00:00
C.12,grafica,build/figures/C/figura_c_12.png,eda8e28343e8d4ee233366f61875d4314bf4f455d7517e6b07c7b2e9766234ea,165455,2026-09-17T18:13:25+00:00
C.12,metadatos,build/metadata/c_12.json,1b00a04c744dd93bcf08eda4cebd841144461c673c5209951cb45b4f32923cac,636,2026-09-17T18:13:25+00:00
C.13,dato_crudo,data/raw/crt_bit_todo_2025_q2/objects/f75ce7de02249b11d35b/CRT_BIT_TODO.zip,f75ce7de02249b11d35bed3399f7f06558f9e7a18cc9b320180acbe96027d284,1188168847,2026-09-09T22:17:06+00:00
C.13,dato_crudo,data/raw/mexico_geojson_legacy/objects/7de22266d11293117321/mexicoHigh.json,7de22266d11293117321ea0aba07b610900e06626e1fffc74ffef96b751e33dc,184555,2026-08-31T22:21:20+00:00
C.13,datos_usados,reportes/20260917T180723614619Z_corrida/datos_usados/c_13_datos_usados.csv,28f95abc0b2743633cffba1954c0c46802f26be5169ef5234446f2b191a811f8,640,2026-09-17T18:13:26+00:00
C.13,texto_generado,build/text/c_13.md,ee638be0d5847f7dd345b4658ff23bf68a7da92f07bcc98187b66457124264cb,85,2026-09-17T18:13:27+00:00
C.13,texto_copia_corrida,reportes/20260917T180723614619Z_corrida/textos/c_13_parrafo.md,ee638be0d5847f7dd345b4658ff23bf68a7da92f07bcc98187b66457124264cb,85,2026-09-17T18:13:27+00:00
C.13,grafica,build/figures/C/figura_c_13.png,f3e66df0b8f631c6e7f779a23cf3c8d0d3231544d1fbd9d76fbdd121c2e1f556,310243,2026-09-17T18:13:27+00:00
C.13,metadatos,build/metadata/c_13.json,8ffa787b89aa9b0bab3a4c2ca9e650377dc69f88f496e3fbf775686b4d9cc33d,659,2026-09-17T18:13:27+00:00
C.14,dato_crudo,data/raw/crt_bit_todo_2025_q2/objects/f75ce7de02249b11d35b/CRT_BIT_TODO.zip,f75ce7de02249b11d35bed3399f7f06558f9e7a18cc9b320180acbe96027d284,1188168847,2026-09-09T22:17:06+00:00
C.14,datos_usados,reportes/20260917T180723614619Z_corrida/datos_usados/c_14_datos_usados.csv,bf7ef73353a86fd361131af7de962787eb30e68e8fe11d1e5d22bf1c097054ac,1483,2026-09-17T18:13:28+00:00
C.14,texto_generado,build/text/c_14.md,0febbe187790ced0df207457c2cf009d7e5c0eacb4c977f72a5a416fa611b956,85,2026-09-17T18:13:28+00:00
C.14,texto_copia_corrida,reportes/20260917T180723614619Z_corrida/textos/c_14_parrafo.md,0febbe187790ced0df207457c2cf009d7e5c0eacb4c977f72a5a416fa611b956,85,2026-09-17T18:13:28+00:00
C.14,grafica,build/figures/C/figura_c_14.png,c6a198a1a80acab75f6f4330bb6f8a34059c8bdf0ae15f442944d46d5cb3ce6d,196942,2026-09-17T18:13:29+00:00
C.14,metadatos,build/metadata/c_14.json,a22b07b57348f1ba37ffa84c254055a3f9bce3ee5b3b2e959cdf1667173a0b25,629,2026-09-17T18:13:29+00:00
C.15,dato_crudo,data/raw/crt_bit_todo_2025_q2/objects/f75ce7de02249b11d35b/CRT_BIT_TODO.zip,f75ce7de02249b11d35bed3399f7f06558f9e7a18cc9b320180acbe96027d284,1188168847,2026-09-09T22:17:06+00:00
C.15,datos_usados,reportes/20260917T180723614619Z_corrida/datos_usados/c_15_datos_usados.csv,b6f1f8b21d342dbdc6559b292389335f803c66f0c993f1464d4117368fd0ef5c,490,2026-09-17T18:13:30+00:00
C.15,texto_generado,build/text/c_15.md,e283a9630ba3df6cc598373e084e88e5aa3d4fa1a1e5200217132270617611ca,90,2026-09-17T18:13:30+00:00
C.15,texto_copia_corrida,reportes/20260917T180723614619Z_corrida/textos/c_15_parrafo.md,e283a9630ba3df6cc598373e084e88e5aa3d4fa1a1e5200217132270617611ca,90,2026-09-17T18:13:30+00:00
C.15,grafica,build/figures/C/figura_c_15.png,7aa385f3c93a992b13c7a8f087ef53b75a26c1f8cb7cb1bc74f06cf2aa4cf537,227817,2026-09-17T18:13:31+00:00
C.15,metadatos,build/metadata/c_15.json,3965641e706a3f70ad8d5e5f697e6367b8b5475d073e5d2e76dca98e4dcbb3cd,630,2026-09-17T18:13:31+00:00
C.16,dato_crudo,data/raw/crt_bit_todo_2025_q2/objects/f75ce7de02249b11d35b/CRT_BIT_TODO.zip,f75ce7de02249b11d35bed3399f7f06558f9e7a18cc9b320180acbe96027d284,1188168847,2026-09-09T22:17:06+00:00
C.16,datos_usados,reportes/20260917T180723614619Z_corrida/datos_usados/c_16_datos_usados.csv,331d1a3c1a632e089bc5654ab7877c18526148825c2d3b98b6d7794e1892cc5a,145,2026-09-17T18:13:32+00:00
C.16,texto_generado,build/text/c_16.md,47b4e1c6f0d754215b49091df7ee8fdb8b559424f69ecd3ffe970efe0c604501,86,2026-09-17T18:13:32+00:00
C.16,texto_copia_corrida,reportes/20260917T180723614619Z_corrida/textos/c_16_parrafo.md,47b4e1c6f0d754215b49091df7ee8fdb8b559424f69ecd3ffe970efe0c604501,86,2026-09-17T18:13:32+00:00
C.16,grafica,build/figures/C/figura_c_16.png,249a71a62eeb4944cddb9e8fc5e1a2674ea1d0e3b0fedce9328c2401a0b4e410,118612,2026-09-17T18:13:32+00:00
C.16,metadatos,build/metadata/c_16.json,72365f834ba44608c941d317f2c16c1f83ca88d4f909d9b54c30d20bf13b3c67,630,2026-09-17T18:13:32+00:00
D.1,dato_crudo,data/raw/inegi_endutih_2023_tabulado_hnal110/objects/e11b73a1d8423fd659c8beb6df4e64f70f6bb5d41d14cb4c94f2f10defb28da5/2023_hnal110.xlsx,e11b73a1d8423fd659c8beb6df4e64f70f6bb5d41d14cb4c94f2f10defb28da5,90502,2026-09-17T16:47:21+00:00
D.1,dato_crudo,data/raw/inegi_endutih_2023_tabulado_hnal130/objects/6986e1ecc7ca436ef8bd33fc739bec6831db82ab110d0030eb08de1f95f9cd28/2023_hnal130.xlsx,6986e1ecc7ca436ef8bd33fc739bec6831db82ab110d0030eb08de1f95f9cd28,89283,2026-09-17T16:47:21+00:00
D.1,dato_crudo,data/raw/inegi_endutih_2023_tabulado_hnal111/objects/3d2da9480e050720f2a479919454be52df8fad0e87eb6535ed62739e73c7919a/2023_hnal111.xlsx,3d2da9480e050720f2a479919454be52df8fad0e87eb6535ed62739e73c7919a,86041,2026-09-17T16:47:21+00:00
D.1,dato_crudo,data/raw/inegi_endutih_2023_reference/objects/e3f5bdb2346423085c71/conjunto_de_datos_endutih_2023_csv.zip,e3f5bdb2346423085c717f1749b5a0be32b60601355925f0ad3e2efaf5e307d3,10523041,2026-09-15T19:31:14+00:00
D.1,dato_crudo,data/raw/inegi_endutih_2024_reference/objects/d29393ac2737d8301e6d/conjunto_de_datos_endutih_2024_csv.zip,d29393ac2737d8301e6d60893206d45e46cd7d87c796bf2aa561d22f5bc9ae86,8670951,2026-09-15T19:31:27+00:00
D.1,dato_crudo,data/raw/inegi_endutih_2025/objects/65d219261b3890ee12eaf95cdd1185f6b7d52eefd7e698ffd335b604364fd508/conjunto_de_datos_endutih_2025_csv.zip,65d219261b3890ee12eaf95cdd1185f6b7d52eefd7e698ffd335b604364fd508,8197337,2026-09-10T12:04:22+00:00
D.1,datos_usados,reportes/20260917T180723614619Z_corrida/datos_usados/d_1_datos_usados.csv,d1819b8e8570cb55b3e535e3cb624bbc9bc0b6cf5deaf29d114ce5e1b1e07fed,5535,2026-09-17T18:13:33+00:00
D.1,datos_usados,reportes/20260917T180723614619Z_corrida/datos_usados/d_1_validacion_microdatos_2023.csv,a418a7f1c8d5d5362b6a37669f2d3f71fcdc403c90922e174861f9054f54c839,561,2026-09-17T18:13:33+00:00
D.1,texto_generado,build/text/d_1.md,980261f322d15a4b3245e245c65c846d828aab9d6661645611fba1af314e9e33,119,2026-09-17T18:13:33+00:00
D.1,texto_copia_corrida,reportes/20260917T180723614619Z_corrida/textos/d_1_parrafo.md,980261f322d15a4b3245e245c65c846d828aab9d6661645611fba1af314e9e33,119,2026-09-17T18:13:33+00:00
D.1,grafica,build/figures/D/figura_d_1.png,3044ab9fba42e62f71832139532b2ff4f4ca6f380b31e9045d10d1960147e072,427988,2026-09-17T18:13:34+00:00
D.1,metadatos,build/metadata/d_1.json,d8969417d278536816297b2ee106f1477249a2af9cca4b71065ee9cdfd9909ed,649,2026-09-17T18:13:34+00:00
D.2,dato_crudo,data/raw/inegi_endutih_2025/objects/65d219261b3890ee12eaf95cdd1185f6b7d52eefd7e698ffd335b604364fd508/conjunto_de_datos_endutih_2025_csv.zip,65d219261b3890ee12eaf95cdd1185f6b7d52eefd7e698ffd335b604364fd508,8197337,2026-09-10T12:04:22+00:00
D.2,datos_usados,reportes/20260917T180723614619Z_corrida/datos_usados/d_2_datos_usados.csv,20a0705d27c7690922cc6f8fcd797bc78dbb96f2f666901fa09b20aa316d753d,478,2026-09-17T18:13:35+00:00
D.2,texto_generado,build/text/d_2.md,326ebc3574d0d2f81740ae625fdea244e39792cf57bd9d8da4563e8babee1d52,184,2026-09-17T18:13:35+00:00
D.2,texto_copia_corrida,reportes/20260917T180723614619Z_corrida/textos/d_2_parrafo.md,326ebc3574d0d2f81740ae625fdea244e39792cf57bd9d8da4563e8babee1d52,184,2026-09-17T18:13:35+00:00
D.2,grafica,build/figures/D/figura_d_2.png,e700919bd295e0e443f65ca99d554d5c47d0f68bde37fa10cd8f1f0d561e7730,144418,2026-09-17T18:13:35+00:00
D.2,metadatos,build/metadata/d_2.json,df447fe18dd80db46d208439b4a278964084e4d1ca0d4952ed68493e75f59eb9,603,2026-09-17T18:13:35+00:00
D.3,dato_crudo,data/raw/inegi_endutih_2025/objects/65d219261b3890ee12eaf95cdd1185f6b7d52eefd7e698ffd335b604364fd508/conjunto_de_datos_endutih_2025_csv.zip,65d219261b3890ee12eaf95cdd1185f6b7d52eefd7e698ffd335b604364fd508,8197337,2026-09-10T12:04:22+00:00
D.3,datos_usados,reportes/20260917T180723614619Z_corrida/datos_usados/d_3_datos_usados.csv,7b9b38d5b758a177714835da4f18be0e4c99adfe6f4bde29a466f9cbd710e5a4,398,2026-09-17T18:13:36+00:00
D.3,texto_generado,build/text/d_3.md,e64968b393b242314eb99f59f2562243d9dbcd57e8ff578f1345379c08401ce5,188,2026-09-17T18:13:36+00:00
D.3,texto_copia_corrida,reportes/20260917T180723614619Z_corrida/textos/d_3_parrafo.md,e64968b393b242314eb99f59f2562243d9dbcd57e8ff578f1345379c08401ce5,188,2026-09-17T18:13:36+00:00
D.3,grafica,build/figures/D/figura_d_3.png,cb099cd6f7742c853dff8a52b20d0c7a5e6c63bcaad93c2545ec6a3922085a93,98252,2026-09-17T18:13:36+00:00
D.3,metadatos,build/metadata/d_3.json,69186d68c38598031c4c8a8ff20adffad8e535c667b97ec51fee941c9ef5bdd7,608,2026-09-17T18:13:36+00:00
D.4,dato_crudo,data/raw/inegi_endutih_2025/objects/65d219261b3890ee12eaf95cdd1185f6b7d52eefd7e698ffd335b604364fd508/conjunto_de_datos_endutih_2025_csv.zip,65d219261b3890ee12eaf95cdd1185f6b7d52eefd7e698ffd335b604364fd508,8197337,2026-09-10T12:04:22+00:00
D.4,datos_usados,reportes/20260917T180723614619Z_corrida/datos_usados/d_4_datos_usados.csv,4726ec3540a3f1b688e965dc1917f8123d2bbb61579bea2e4211c9a300874f08,849,2026-09-17T18:13:37+00:00
D.4,texto_generado,build/text/d_4.md,c477655812a7ca05d1b391bb50f68f684fe246adb09c1834599bc9a8d5a52736,176,2026-09-17T18:13:37+00:00
D.4,texto_copia_corrida,reportes/20260917T180723614619Z_corrida/textos/d_4_parrafo.md,c477655812a7ca05d1b391bb50f68f684fe246adb09c1834599bc9a8d5a52736,176,2026-09-17T18:13:37+00:00
D.4,grafica,build/figures/D/figura_d_4.png,3cbc0903fc01c600324ae0a946b862d2371e69e678bbcf859beb0f5cb08dc09b,149684,2026-09-17T18:13:37+00:00
D.4,metadatos,build/metadata/d_4.json,a5ccb40b05f354a1f846b0c24d4bcd0fc717b073ec15c4a116d8f160e7272dde,611,2026-09-17T18:13:37+00:00
D.5,dato_crudo,data/raw/ift_ecsi_2024_base/objects/8ec6a40e86c5e04989518e09b198977d5347838eb2197afe72382254b3cba18e/baseconfianzadigital.csv,8ec6a40e86c5e04989518e09b198977d5347838eb2197afe72382254b3cba18e,6194080,2026-09-14T22:56:12+00:00
D.5,datos_usados,reportes/20260917T180723614619Z_corrida/datos_usados/d_5_datos_usados.csv,356d900937a1bc1b59323409c75a743da62e85c70a5662eee92a81d874a20c1b,457,2026-09-17T18:13:37+00:00
D.5,texto_generado,build/text/d_5.md,fe17c7463c8378ec1c839f6f4c38a778c6cc177cf0ed06da9025c2d82e8b28a7,62,2026-09-17T18:13:37+00:00
D.5,texto_copia_corrida,reportes/20260917T180723614619Z_corrida/textos/d_5_parrafo.md,fe17c7463c8378ec1c839f6f4c38a778c6cc177cf0ed06da9025c2d82e8b28a7,62,2026-09-17T18:13:37+00:00
D.5,grafica,build/figures/D/figura_d_5.png,d83fe048f3be08504d6b9d83b72dc63a6d14d7930e0ec0642be5754af68a2632,139059,2026-09-17T18:13:37+00:00
D.5,metadatos,build/metadata/d_5.json,6f479183f1a6728ba935e7931b78abf7cc47d13d67665627a6cac8bf9f00141f,631,2026-09-17T18:13:37+00:00
D.6,dato_crudo,data/raw/ift_ecsi_2024_base/objects/8ec6a40e86c5e04989518e09b198977d5347838eb2197afe72382254b3cba18e/baseconfianzadigital.csv,8ec6a40e86c5e04989518e09b198977d5347838eb2197afe72382254b3cba18e,6194080,2026-09-14T22:56:12+00:00
D.6,datos_usados,reportes/20260917T180723614619Z_corrida/datos_usados/d_6_datos_usados.csv,caa9da4174c7054366324d84f8614c0bf447bbfc3a5848aeb5ab8d17dc145f68,816,2026-09-17T18:13:38+00:00
D.6,texto_generado,build/text/d_6.md,c56d1604037208fab6b4a64b5d996af0900971dd5d7db19b7cc5e1102fb37b9d,72,2026-09-17T18:13:38+00:00
D.6,texto_copia_corrida,reportes/20260917T180723614619Z_corrida/textos/d_6_parrafo.md,c56d1604037208fab6b4a64b5d996af0900971dd5d7db19b7cc5e1102fb37b9d,72,2026-09-17T18:13:38+00:00
D.6,grafica,build/figures/D/figura_d_6.png,781b0d899afcdce5ef7d20a2f982a841698df38c5e974d7e93346b2ef0b2394b,153133,2026-09-17T18:13:38+00:00
D.6,metadatos,build/metadata/d_6.json,6ae30f257b26f309c724ec6f05e0bbfbed467adaddf56568db30cd76ef009c3d,600,2026-09-17T18:13:38+00:00
D.7,dato_crudo,data/raw/ift_ecsi_2024_base/objects/8ec6a40e86c5e04989518e09b198977d5347838eb2197afe72382254b3cba18e/baseconfianzadigital.csv,8ec6a40e86c5e04989518e09b198977d5347838eb2197afe72382254b3cba18e,6194080,2026-09-14T22:56:12+00:00
D.7,datos_usados,reportes/20260917T180723614619Z_corrida/datos_usados/d_7_datos_usados.csv,b15a39aec9bf7f9013075d90f5dbe910069f2ba9dee3c264e5b401e8463c4261,1343,2026-09-17T18:13:38+00:00
D.7,texto_generado,build/text/d_7.md,15b8b1019451a6463c5240e14e70dea482f1b550fd8c3abb12ec1ccc5636aac9,67,2026-09-17T18:13:38+00:00
D.7,texto_copia_corrida,reportes/20260917T180723614619Z_corrida/textos/d_7_parrafo.md,15b8b1019451a6463c5240e14e70dea482f1b550fd8c3abb12ec1ccc5636aac9,67,2026-09-17T18:13:38+00:00
D.7,grafica,build/figures/D/figura_d_7.png,5a5340284d46015007371290351ba2a208bd7133438b2a0aa98670730176f2e0,161981,2026-09-17T18:13:39+00:00
D.7,metadatos,build/metadata/d_7.json,510a4d742a1403a94caa11953ae661d33d85d7ddee832e14f0e40ee279f5a715,609,2026-09-17T18:13:39+00:00
D.8,dato_crudo,data/raw/ift_ecsi_2024_base/objects/8ec6a40e86c5e04989518e09b198977d5347838eb2197afe72382254b3cba18e/baseconfianzadigital.csv,8ec6a40e86c5e04989518e09b198977d5347838eb2197afe72382254b3cba18e,6194080,2026-09-14T22:56:12+00:00
D.8,datos_usados,reportes/20260917T180723614619Z_corrida/datos_usados/d_8_datos_usados.csv,6243a831bf50e799d459148328e0518fbe3fcfd2d4074736466790d043a9026e,207,2026-09-17T18:13:39+00:00
D.8,texto_generado,build/text/d_8.md,e3e5a425feda234527d335e1446665e68a0beb6c097316428bce3d52012c0475,47,2026-09-17T18:13:39+00:00
D.8,texto_copia_corrida,reportes/20260917T180723614619Z_corrida/textos/d_8_parrafo.md,e3e5a425feda234527d335e1446665e68a0beb6c097316428bce3d52012c0475,47,2026-09-17T18:13:39+00:00
D.8,grafica,build/figures/D/figura_d_8.png,892ca4aa852fa76c624a498c0904e5ae661f5f040776b1a794ec8b111d4c4a00,116413,2026-09-17T18:13:39+00:00
D.8,metadatos,build/metadata/d_8.json,cb87fb6ce26272208f204aa24904b5aa794ed9dbb036c164c387a99809412a7a,607,2026-09-17T18:13:39+00:00
D.9,dato_crudo,data/raw/ift_ecsi_2024_base/objects/8ec6a40e86c5e04989518e09b198977d5347838eb2197afe72382254b3cba18e/baseconfianzadigital.csv,8ec6a40e86c5e04989518e09b198977d5347838eb2197afe72382254b3cba18e,6194080,2026-09-14T22:56:12+00:00
D.9,datos_usados,reportes/20260917T180723614619Z_corrida/datos_usados/d_9_datos_usados.csv,aff63e85d9c9a42308bf5c905bcbfd11cdcaaf97ec1e54d8f7f496b9dfef9f9e,1152,2026-09-17T18:13:39+00:00
D.9,texto_generado,build/text/d_9.md,f01204a9c59dec87bc2b25892f6679c2b49179c2ee339b492afc9803b3b04d42,59,2026-09-17T18:13:39+00:00
D.9,texto_copia_corrida,reportes/20260917T180723614619Z_corrida/textos/d_9_parrafo.md,f01204a9c59dec87bc2b25892f6679c2b49179c2ee339b492afc9803b3b04d42,59,2026-09-17T18:13:39+00:00
D.9,grafica,build/figures/D/figura_d_9.png,df93ede766680b8f0485095413ac99cd3d0df4b327cda15f397065e5dd41514f,168478,2026-09-17T18:13:40+00:00
D.9,metadatos,build/metadata/d_9.json,8ff530d22805d7ac77b4d57a4f05899374af60e06aebfe181a86384353dcd15f,632,2026-09-17T18:13:40+00:00
D.10,dato_crudo,data/raw/ift_ecsi_2024_base/objects/8ec6a40e86c5e04989518e09b198977d5347838eb2197afe72382254b3cba18e/baseconfianzadigital.csv,8ec6a40e86c5e04989518e09b198977d5347838eb2197afe72382254b3cba18e,6194080,2026-09-14T22:56:12+00:00
D.10,datos_usados,reportes/20260917T180723614619Z_corrida/datos_usados/d_10_datos_usados.csv,43e052be90c1058df466f19a3ff8d9ce36f2c1e3d6efa2cdd5d4d00ea7a55701,1143,2026-09-17T18:13:40+00:00
D.10,texto_generado,build/text/d_10.md,310a8e05e3fd569511162edb460334a6ba8656db89fa96d40b29ff55693a369e,59,2026-09-17T18:13:40+00:00
D.10,texto_copia_corrida,reportes/20260917T180723614619Z_corrida/textos/d_10_parrafo.md,310a8e05e3fd569511162edb460334a6ba8656db89fa96d40b29ff55693a369e,59,2026-09-17T18:13:40+00:00
D.10,grafica,build/figures/D/figura_d_10.png,1994228d2a603bde8e675d8baa300ef0b034cd5285da7b3ed2fced963220cb41,164724,2026-09-17T18:13:40+00:00
D.10,metadatos,build/metadata/d_10.json,b0506fe4d598e9f4e2c04a5a7b148cc897892c3d17648302d5ebb0c212d0d36a,630,2026-09-17T18:13:40+00:00
D.11,dato_crudo,data/raw/ift_ecsi_2024_base/objects/8ec6a40e86c5e04989518e09b198977d5347838eb2197afe72382254b3cba18e/baseconfianzadigital.csv,8ec6a40e86c5e04989518e09b198977d5347838eb2197afe72382254b3cba18e,6194080,2026-09-14T22:56:12+00:00
D.11,datos_usados,reportes/20260917T180723614619Z_corrida/datos_usados/d_11_datos_usados.csv,58662c318bcc10b1c6b33bee6f05d2da79d4f0455eecce966807f4fceebc9122,599,2026-09-17T18:13:41+00:00
D.11,texto_generado,build/text/d_11.md,24987c32eb406987b5af2e22f9bab6e2337ac80d4f965738ba784adfb32b1794,56,2026-09-17T18:13:41+00:00
D.11,texto_copia_corrida,reportes/20260917T180723614619Z_corrida/textos/d_11_parrafo.md,24987c32eb406987b5af2e22f9bab6e2337ac80d4f965738ba784adfb32b1794,56,2026-09-17T18:13:41+00:00
D.11,grafica,build/figures/D/figura_d_11.png,0fc162cd1cb112623f0dd290f09b4c4544d7620f35a63c48d2fcdd34835dbaec,147456,2026-09-17T18:13:41+00:00
D.11,metadatos,build/metadata/d_11.json,780d39735cfb82db647e3f552356cb05cff28e71583b4c054aa5a2c824ca743e,638,2026-09-17T18:13:41+00:00
E.1,dato_crudo,data/raw/ift_tercera_encuesta_usuarios_2023_base/objects/21d45976f4f1dede6c3b/bd3erencuesta2023.zip,21d45976f4f1dede6c3b883ac9a7d2a3fed0b8ab3d64f9b41c1e0641ad639d43,16211058,2026-09-15T19:28:34+00:00
E.1,dato_crudo,data/raw/ift_segunda_encuesta_usuarios_2025/objects/cf75332641d2ff2321e0/basesdedatossegundaencuesta2025.zip,cf75332641d2ff2321e06504dc077372c4f3082808e59c44fe5046275f707119,38230965,2026-09-15T19:29:01+00:00
E.1,datos_usados,reportes/20260917T180723614619Z_corrida/datos_usados/e_1_datos_usados.csv,497e05d3b5596865c233900fe994e34c5223e115f219e182e28430525a8c03b3,191,2026-09-17T18:14:33+00:00
E.1,datos_usados,reportes/20260917T180723614619Z_corrida/datos_usados/e_1_validacion_historica.csv,1e79b1bf3bfadc8aa65cff2405518dac812915e265ab5a4e750d469f3a79eb6f,191,2026-09-17T18:14:33+00:00
E.1,texto_generado,build/text/e_1.md,17355172c9975d6bde1fd650d60e2d4cfea62a27f3ad9dbb51d031777fc8f5cb,115,2026-09-17T18:14:33+00:00
E.1,texto_copia_corrida,reportes/20260917T180723614619Z_corrida/textos/e_1_parrafo.md,17355172c9975d6bde1fd650d60e2d4cfea62a27f3ad9dbb51d031777fc8f5cb,115,2026-09-17T18:14:33+00:00
E.1,grafica,build/figures/E/figura_e_1.png,f35e11942eaf4f2c4569c5c3dc80665df9c38fe98f7c10bb3111cdb34f5c825e,100423,2026-09-17T18:14:33+00:00
E.1,metadatos,build/metadata/e_1.json,89e4340c4e7be5c4afd28f28e5dce8b49f54e09e0abbd52603c4ce3f4249a530,623,2026-09-17T18:14:33+00:00
E.2,dato_crudo,data/raw/ift_estudio_ia_chatgpt_2023/objects/2dc6ebb00006cc65241c/estudiodeiaychatgpt2023_0.pdf,2dc6ebb00006cc65241c6fc2ee8819aca65f8edcfb5f832a9f1082fd7cb653a3,74308930,2026-09-15T19:29:55+00:00
E.2,datos_usados,reportes/20260917T180723614619Z_corrida/datos_usados/e_2_datos_usados.csv,65dbcb0caa2bde69c127a79e5b318642303a145af77c8080235c5042ced33697,1053,2026-09-17T18:14:34+00:00
E.2,texto_generado,build/text/e_2.md,16fedb6135c322f279e4523df4fd32be2d1247af9b17e487d11ca2a10e2ff082,144,2026-09-17T18:14:34+00:00
E.2,texto_copia_corrida,reportes/20260917T180723614619Z_corrida/textos/e_2_parrafo.md,16fedb6135c322f279e4523df4fd32be2d1247af9b17e487d11ca2a10e2ff082,144,2026-09-17T18:14:34+00:00
E.2,grafica,build/figures/E/figura_e_2.png,0a64268e6618a00ade85656985410a4fed209b3cfccf7221712a8c5cd4d3df9b,244423,2026-09-17T18:14:34+00:00
E.2,metadatos,build/metadata/e_2.json,4098b057e10055c90314f275ca317ae7aab394a82e2e3730d4918f6444cc4227,617,2026-09-17T18:14:34+00:00
E.3,dato_crudo,data/raw/ift_mipymes_2022_base/objects/8cdcfb71839a05ac1597a1899a2eef7dfdd91f29cb19545c346878df279daa3f/bd4taencuesta2022.zip,8cdcfb71839a05ac1597a1899a2eef7dfdd91f29cb19545c346878df279daa3f,2263587,2026-09-15T15:46:57+00:00
E.3,dato_crudo,data/raw/ift_mipymes_2023_base/objects/e9f318c2f6a57c9dd73f91b80678c2daecfb54f85d65288e268b67c994c39324/bd4taencuesta2023.zip,e9f318c2f6a57c9dd73f91b80678c2daecfb54f85d65288e268b67c994c39324,3443995,2026-09-15T15:47:02+00:00
E.3,dato_crudo,data/raw/ift_mipymes_2024_base/objects/831c2b6c2a0f549abec6/basededatoscuartaencuesta2024mipymes.zip,831c2b6c2a0f549abec65144ed6268c4cbf6223bdb76cb8a98a9d5e159230467,3941975,2026-09-15T19:30:06+00:00
E.3,datos_usados,reportes/20260917T180723614619Z_corrida/datos_usados/e_3_datos_usados.csv,bcbdf614929c1094074eb4b450cd40f643e98df8866119bfd70ff7d00f4f5cfe,587,2026-09-17T18:14:44+00:00
E.3,texto_generado,build/text/e_3.md,a63fb76ec05746b6899985cfbe18b5cceb4cbe98aa6aaca347d483ec57cd4e2e,82,2026-09-17T18:14:44+00:00
E.3,texto_copia_corrida,reportes/20260917T180723614619Z_corrida/textos/e_3_parrafo.md,a63fb76ec05746b6899985cfbe18b5cceb4cbe98aa6aaca347d483ec57cd4e2e,82,2026-09-17T18:14:44+00:00
E.3,grafica,build/figures/E/figura_e_3.png,8dfd114756a5ea4db6900ebe77f3133b6a7dd67df3a49ab04c2e98d66fd8c6e8,124611,2026-09-17T18:14:45+00:00
E.3,metadatos,build/metadata/e_3.json,339f566ff3e8d0b8c576bc0bbf7c6208c05b4d23ee227ff17c1284ea2b427433,623,2026-09-17T18:14:45+00:00
E.4,dato_crudo,data/raw/ift_mipymes_2023_base/objects/e9f318c2f6a57c9dd73f91b80678c2daecfb54f85d65288e268b67c994c39324/bd4taencuesta2023.zip,e9f318c2f6a57c9dd73f91b80678c2daecfb54f85d65288e268b67c994c39324,3443995,2026-09-15T15:47:02+00:00
E.4,dato_crudo,data/raw/ift_mipymes_2024_base/objects/831c2b6c2a0f549abec6/basededatoscuartaencuesta2024mipymes.zip,831c2b6c2a0f549abec65144ed6268c4cbf6223bdb76cb8a98a9d5e159230467,3941975,2026-09-15T19:30:06+00:00
E.4,datos_usados,reportes/20260917T180723614619Z_corrida/datos_usados/e_4_datos_usados.csv,59597fa8491ec223d694378c1ce0305e99443e3973d2cfc078e17a1908efda36,1602,2026-09-17T18:14:53+00:00
E.4,texto_generado,build/text/e_4.md,8854cc05fd131c56681791ee0d965ff3d6c400bd44ed0f414a81bdafe7d2280e,76,2026-09-17T18:14:53+00:00
E.4,texto_copia_corrida,reportes/20260917T180723614619Z_corrida/textos/e_4_parrafo.md,8854cc05fd131c56681791ee0d965ff3d6c400bd44ed0f414a81bdafe7d2280e,76,2026-09-17T18:14:53+00:00
E.4,grafica,build/figures/E/figura_e_4.png,e96d10b685320cf379a54dca6ca457d135ec34c33cf96e676b7a8ec251abf15a,150622,2026-09-17T18:14:53+00:00
E.4,metadatos,build/metadata/e_4.json,1745d1c7daadfae6c5005d0d8901086e82de22b7f9d38f0e3470779c5238a7db,616,2026-09-17T18:14:53+00:00
E.5,dato_crudo,data/raw/ift_mipymes_2023_base/objects/e9f318c2f6a57c9dd73f91b80678c2daecfb54f85d65288e268b67c994c39324/bd4taencuesta2023.zip,e9f318c2f6a57c9dd73f91b80678c2daecfb54f85d65288e268b67c994c39324,3443995,2026-09-15T15:47:02+00:00
E.5,dato_crudo,data/raw/ift_mipymes_2024_base/objects/831c2b6c2a0f549abec6/basededatoscuartaencuesta2024mipymes.zip,831c2b6c2a0f549abec65144ed6268c4cbf6223bdb76cb8a98a9d5e159230467,3941975,2026-09-15T19:30:06+00:00
E.5,datos_usados,reportes/20260917T180723614619Z_corrida/datos_usados/e_5_datos_usados.csv,864a4e9ef01eb45ffe5a677c07336951e93556c5f3afcd22b2cbaca875055f55,3674,2026-09-17T18:15:02+00:00
E.5,texto_generado,build/text/e_5.md,44d848da9ec7e89eba3fd304eb118169f16fd5b40b5ea143926bfc2c8c19676f,103,2026-09-17T18:15:02+00:00
E.5,texto_copia_corrida,reportes/20260917T180723614619Z_corrida/textos/e_5_parrafo.md,44d848da9ec7e89eba3fd304eb118169f16fd5b40b5ea143926bfc2c8c19676f,103,2026-09-17T18:15:02+00:00
E.5,grafica,build/figures/E/figura_e_5.png,1a11bf4fc5369418596bc0ad84afeafb3cda3a50b2d380b470c18eba01cb84d3,173328,2026-09-17T18:15:02+00:00
E.5,metadatos,build/metadata/e_5.json,4e0bfa59700d059d49c477532999e5b554c2ab43ce92264895ed38dbf1cd28d7,617,2026-09-17T18:15:02+00:00
E.6,dato_crudo,data/raw/ift_mipymes_2024_base/objects/831c2b6c2a0f549abec6/basededatoscuartaencuesta2024mipymes.zip,831c2b6c2a0f549abec65144ed6268c4cbf6223bdb76cb8a98a9d5e159230467,3941975,2026-09-15T19:30:06+00:00
E.6,datos_usados,reportes/20260917T180723614619Z_corrida/datos_usados/e_6_datos_usados.csv,25f7f4f1c903180cc15105cdca43545c46c19aa17ab8f2ffb1480393da1f4959,1018,2026-09-17T18:15:07+00:00
E.6,texto_generado,build/text/e_6.md,db5b84b154a2446cdbf47d2e533a76894000b04930305bd65d4529233f3066d8,72,2026-09-17T18:15:07+00:00
E.6,texto_copia_corrida,reportes/20260917T180723614619Z_corrida/textos/e_6_parrafo.md,db5b84b154a2446cdbf47d2e533a76894000b04930305bd65d4529233f3066d8,72,2026-09-17T18:15:07+00:00
E.6,grafica,build/figures/E/figura_e_6.png,6892c7e8ecf9ba40ceb25cdfe7739cd84d1c5265d99f028232600ed4a96bd8f3,169406,2026-09-17T18:15:07+00:00
E.6,metadatos,build/metadata/e_6.json,1301155120a96b7d892690a2677aa865af76b04e09bd153349f7ed8cd1640a62,600,2026-09-17T18:15:07+00:00
E.7,dato_crudo,data/raw/ift_mipymes_2023_base/objects/e9f318c2f6a57c9dd73f91b80678c2daecfb54f85d65288e268b67c994c39324/bd4taencuesta2023.zip,e9f318c2f6a57c9dd73f91b80678c2daecfb54f85d65288e268b67c994c39324,3443995,2026-09-15T15:47:02+00:00
E.7,dato_crudo,data/raw/ift_mipymes_2024_base/objects/831c2b6c2a0f549abec6/basededatoscuartaencuesta2024mipymes.zip,831c2b6c2a0f549abec65144ed6268c4cbf6223bdb76cb8a98a9d5e159230467,3941975,2026-09-15T19:30:06+00:00
E.7,datos_usados,reportes/20260917T180723614619Z_corrida/datos_usados/e_7_datos_usados.csv,ba8658da25ea2b855f9b863b992c6712d34b2c49788633b8d70f041cac5e3b8a,2915,2026-09-17T18:15:16+00:00
E.7,texto_generado,build/text/e_7.md,ce731505cf138ce7c786bd499c1f24285f872b0ceb4657ee520c455f95ba176c,96,2026-09-17T18:15:17+00:00
E.7,texto_copia_corrida,reportes/20260917T180723614619Z_corrida/textos/e_7_parrafo.md,ce731505cf138ce7c786bd499c1f24285f872b0ceb4657ee520c455f95ba176c,96,2026-09-17T18:15:17+00:00
E.7,grafica,build/figures/E/figura_e_7.png,c45ea980894bd87a4ced4de51b9ced10db3b966f3f77763c0c36f860c7c9f162,207508,2026-09-17T18:15:17+00:00
E.7,metadatos,build/metadata/e_7.json,ad79306dbfec99b5e6e834dd47bef12d4fd14352d70a1f5995789f2d95dbbd98,596,2026-09-17T18:15:17+00:00
E.8,dato_crudo,data/raw/ift_mipymes_2023_base/objects/e9f318c2f6a57c9dd73f91b80678c2daecfb54f85d65288e268b67c994c39324/bd4taencuesta2023.zip,e9f318c2f6a57c9dd73f91b80678c2daecfb54f85d65288e268b67c994c39324,3443995,2026-09-15T15:47:02+00:00
E.8,dato_crudo,data/raw/ift_mipymes_2024_base/objects/831c2b6c2a0f549abec6/basededatoscuartaencuesta2024mipymes.zip,831c2b6c2a0f549abec65144ed6268c4cbf6223bdb76cb8a98a9d5e159230467,3941975,2026-09-15T19:30:06+00:00
E.8,datos_usados,reportes/20260917T180723614619Z_corrida/datos_usados/e_8_datos_usados.csv,1d848d45b5d5ad2161936bb0582d4effbe3a41290b7241a80f9f855f0ee099c6,1079,2026-09-17T18:15:26+00:00
E.8,texto_generado,build/text/e_8.md,39823bdbded5d37414f9b0ccff813ace0c455b3f14d1d2102feb5e43eb614390,89,2026-09-17T18:15:26+00:00
E.8,texto_copia_corrida,reportes/20260917T180723614619Z_corrida/textos/e_8_parrafo.md,39823bdbded5d37414f9b0ccff813ace0c455b3f14d1d2102feb5e43eb614390,89,2026-09-17T18:15:26+00:00
E.8,grafica,build/figures/E/figura_e_8.png,98176d3992bc3b67cb47c3efbff485814880ae855c54f61fc92d26ca64bf1842,192282,2026-09-17T18:15:26+00:00
E.8,metadatos,build/metadata/e_8.json,d9294f4eb5b8c373566e0bd60bc82610e30d9109a30f5fb0849eb7f2b88d0de0,604,2026-09-17T18:15:26+00:00
E.9,dato_crudo,data/raw/ift_mipymes_impexp_2022_base/objects/2405c1df64b0b325e39f53f5d34633b8fd692d0a7d926d760c08a32e31e8f7a4/bdmipymesimpexp2022.zip,2405c1df64b0b325e39f53f5d34633b8fd692d0a7d926d760c08a32e31e8f7a4,754730,2026-09-15T16:04:45+00:00
E.9,datos_usados,reportes/20260917T180723614619Z_corrida/datos_usados/e_9_datos_usados.csv,a6235393711c2bd7dd2606506f67ace08c4181e9a155990aec231e32f830af01,274,2026-09-17T18:15:27+00:00
E.9,texto_generado,build/text/e_9.md,571c3a01b89b9c78d54f44ecd9956a0b247762026d67390bc19fb05460fdf64b,137,2026-09-17T18:15:27+00:00
E.9,texto_copia_corrida,reportes/20260917T180723614619Z_corrida/textos/e_9_parrafo.md,571c3a01b89b9c78d54f44ecd9956a0b247762026d67390bc19fb05460fdf64b,137,2026-09-17T18:15:27+00:00
E.9,grafica,build/figures/E/figura_e_9.png,1074a8c73b045081b6e9a5f803422336a50ddda4ea0bb1baf98fca9047f05f5a,133632,2026-09-17T18:15:27+00:00
E.9,metadatos,build/metadata/e_9.json,9a86f301fe727c20865895db8ed74466e48a50a946f3454e286c820d28393d01,645,2026-09-17T18:15:27+00:00
F.1.1,dato_crudo,data/raw/inegi_endutih_2023_reference/objects/e3f5bdb2346423085c71/conjunto_de_datos_endutih_2023_csv.zip,e3f5bdb2346423085c717f1749b5a0be32b60601355925f0ad3e2efaf5e307d3,10523041,2026-09-15T19:31:14+00:00
F.1.1,dato_crudo,data/raw/inegi_endutih_2025/objects/65d219261b3890ee12eaf95cdd1185f6b7d52eefd7e698ffd335b604364fd508/conjunto_de_datos_endutih_2025_csv.zip,65d219261b3890ee12eaf95cdd1185f6b7d52eefd7e698ffd335b604364fd508,8197337,2026-09-10T12:04:22+00:00
F.1.1,datos_usados,reportes/20260917T180723614619Z_corrida/datos_usados/f_1_1_datos_usados.csv,ee653ad9b1174ecc58b00875c20f150044f93aa8e5c7910196e1c6cc1fc9d4f4,2029,2026-09-17T18:15:28+00:00
F.1.1,texto_generado,build/text/f_1_1.md,8f5dafe8bb796f762c8678ad0d07cf0230baa819a335ab682b3f71f4ea81cb13,218,2026-09-17T18:15:28+00:00
F.1.1,texto_copia_corrida,reportes/20260917T180723614619Z_corrida/textos/f_1_1_parrafo.md,8f5dafe8bb796f762c8678ad0d07cf0230baa819a335ab682b3f71f4ea81cb13,218,2026-09-17T18:15:28+00:00
F.1.1,grafica,build/figures/F/figura_f_1_1.png,25a08dad96df30eda490beb5f3e2cd6e6ce561300cf2cfb241fc6a5be71609f4,261706,2026-09-17T18:15:28+00:00
F.1.1,metadatos,build/metadata/f_1_1.json,4502b25a9604ef63755c0f0750fe9362c92b42aefc3c2003ac0804d3adec9f6c,859,2026-09-17T18:15:28+00:00
F.1.2,dato_crudo,data/raw/inegi_endutih_2023_reference/objects/e3f5bdb2346423085c71/conjunto_de_datos_endutih_2023_csv.zip,e3f5bdb2346423085c717f1749b5a0be32b60601355925f0ad3e2efaf5e307d3,10523041,2026-09-15T19:31:14+00:00
F.1.2,dato_crudo,data/raw/inegi_endutih_2025/objects/65d219261b3890ee12eaf95cdd1185f6b7d52eefd7e698ffd335b604364fd508/conjunto_de_datos_endutih_2025_csv.zip,65d219261b3890ee12eaf95cdd1185f6b7d52eefd7e698ffd335b604364fd508,8197337,2026-09-10T12:04:22+00:00
F.1.2,datos_usados,reportes/20260917T180723614619Z_corrida/datos_usados/f_1_2_datos_usados.csv,c26fed4e6069bb1f467d399e978ef0da8e1375a15f8aa2e9a879a3a9f637a8c4,2659,2026-09-17T18:15:30+00:00
F.1.2,texto_generado,build/text/f_1_2.md,167381a935aa1b1fec160c62b4cf735caf21f8a928641779df86a4ad912aea32,228,2026-09-17T18:15:30+00:00
F.1.2,texto_copia_corrida,reportes/20260917T180723614619Z_corrida/textos/f_1_2_parrafo.md,167381a935aa1b1fec160c62b4cf735caf21f8a928641779df86a4ad912aea32,228,2026-09-17T18:15:30+00:00
F.1.2,grafica,build/figures/F/figura_f_1_2.png,6c2d340ac8ae9c9e3d92c0b38d306b30013ff1c9d89403f8b19b686e03af7ed9,281969,2026-09-17T18:15:30+00:00
F.1.2,metadatos,build/metadata/f_1_2.json,43c43f5cfdf777087118b72e2db5969eef31e7b10a53cddb16a3933f5a2ee246,832,2026-09-17T18:15:30+00:00
F.1.3,dato_crudo,data/raw/inegi_endutih_2023_reference/objects/e3f5bdb2346423085c71/conjunto_de_datos_endutih_2023_csv.zip,e3f5bdb2346423085c717f1749b5a0be32b60601355925f0ad3e2efaf5e307d3,10523041,2026-09-15T19:31:14+00:00
F.1.3,dato_crudo,data/raw/inegi_endutih_2024_reference/objects/d29393ac2737d8301e6d/conjunto_de_datos_endutih_2024_csv.zip,d29393ac2737d8301e6d60893206d45e46cd7d87c796bf2aa561d22f5bc9ae86,8670951,2026-09-15T19:31:27+00:00
F.1.3,dato_crudo,data/raw/inegi_endutih_2025/objects/65d219261b3890ee12eaf95cdd1185f6b7d52eefd7e698ffd335b604364fd508/conjunto_de_datos_endutih_2025_csv.zip,65d219261b3890ee12eaf95cdd1185f6b7d52eefd7e698ffd335b604364fd508,8197337,2026-09-10T12:04:22+00:00
F.1.3,datos_usados,reportes/20260917T180723614619Z_corrida/datos_usados/f_1_3_datos_usados.csv,caec6b0a7c4f489a423ee313c7a09a1fdfa3a0c90f85088898f49e2089e14b21,2114,2026-09-17T18:15:31+00:00
F.1.3,texto_generado,build/text/f_1_3.md,61ccfc29a82081f4b29de923e53a790b239f9cd5681a792c188250616ed632ec,227,2026-09-17T18:15:31+00:00
F.1.3,texto_copia_corrida,reportes/20260917T180723614619Z_corrida/textos/f_1_3_parrafo.md,61ccfc29a82081f4b29de923e53a790b239f9cd5681a792c188250616ed632ec,227,2026-09-17T18:15:31+00:00
F.1.3,grafica,build/figures/F/figura_f_1_3.png,061d5855e24358b69159099cfa7ab4fdd9d175c0c3b663f5b826d2ba82b982df,277786,2026-09-17T18:15:32+00:00
F.1.3,metadatos,build/metadata/f_1_3.json,a874d7d80ca006c06541a82b280acd5b1d6e181de614ae8c88cf17b7d08b6b22,990,2026-09-17T18:15:32+00:00
F.1.4,dato_crudo,data/raw/inegi_endutih_2023_reference/objects/e3f5bdb2346423085c71/conjunto_de_datos_endutih_2023_csv.zip,e3f5bdb2346423085c717f1749b5a0be32b60601355925f0ad3e2efaf5e307d3,10523041,2026-09-15T19:31:14+00:00
F.1.4,dato_crudo,data/raw/inegi_endutih_2025/objects/65d219261b3890ee12eaf95cdd1185f6b7d52eefd7e698ffd335b604364fd508/conjunto_de_datos_endutih_2025_csv.zip,65d219261b3890ee12eaf95cdd1185f6b7d52eefd7e698ffd335b604364fd508,8197337,2026-09-10T12:04:22+00:00
F.1.4,datos_usados,reportes/20260917T180723614619Z_corrida/datos_usados/f_1_4_datos_usados.csv,07f1bb47d3b75ba61160828ee63cab1b5c2f4f7c7bad407bb011066f1f4bc8f7,1926,2026-09-17T18:15:33+00:00
F.1.4,texto_generado,build/text/f_1_4.md,b8877132c24794065af03c7711f423738b25029c53c6a0affd31adfc38a8db13,203,2026-09-17T18:15:33+00:00
F.1.4,texto_copia_corrida,reportes/20260917T180723614619Z_corrida/textos/f_1_4_parrafo.md,b8877132c24794065af03c7711f423738b25029c53c6a0affd31adfc38a8db13,203,2026-09-17T18:15:33+00:00
F.1.4,grafica,build/figures/F/figura_f_1_4.png,a22d8cf116c133b183d44aa139bf5637bbe1cc9d047108046e1a8d313c6f09dd,244359,2026-09-17T18:15:33+00:00
F.1.4,metadatos,build/metadata/f_1_4.json,6eecf40cf128a2809cd74773f2437cf54dd9c0fb6de22cc6ad8b21d5e1ad1f57,776,2026-09-17T18:15:33+00:00
F.2,dato_crudo,data/raw/inegi_enoe_a2/enoe_2024_trim2_csv.zip,13922f8902f587939145e0302ec8e6e5fa9fb0df4207229f7447deaaab96e285,31773308,2026-08-31T22:23:40+00:00
F.2,dato_crudo,data/raw/inegi_enoe_a2/enoe_2026_trim2_csv.zip,020811fa989a3e4e3e0daae39b32df6bb055f3ca59653b76ecc454f9b231d91e,35213597,2026-09-09T20:26:26+00:00
F.2,datos_usados,reportes/20260917T180723614619Z_corrida/datos_usados/f_2_datos_usados.csv,2d07bdc0928267c24774594ae45e6ad1cf7e78ee4279720d365c4e34718ba00d,240,2026-09-17T18:15:47+00:00
F.2,texto_generado,build/text/f_2.md,3ad704f25814246652748398a00487edae68d0b9a38cdc500a1b11ecc4a3a6dd,163,2026-09-17T18:15:47+00:00
F.2,texto_copia_corrida,reportes/20260917T180723614619Z_corrida/textos/f_2_parrafo.md,3ad704f25814246652748398a00487edae68d0b9a38cdc500a1b11ecc4a3a6dd,163,2026-09-17T18:15:47+00:00
F.2,grafica,build/figures/F/figura_f_2.png,4b1130485903f8359617ac71a32a3edb9b75f7a4465f77d830f980ba6b0380f3,178891,2026-09-17T18:15:47+00:00
F.2,metadatos,build/metadata/f_2.json,6e7b7012f8e3139df34c5c63320484b4c083a5fa4a2b0ca0be39b6767fa91165,712,2026-09-17T18:15:47+00:00
F.3,dato_crudo,data/raw/inegi_mociba_2024_reference/objects/105e2e266134be538d33b5685e24bd41247eec5156f27b11ada7a3bb50f0a7ab/mociba2024_bd_csv.zip,105e2e266134be538d33b5685e24bd41247eec5156f27b11ada7a3bb50f0a7ab,1500882,2026-09-14T22:09:07+00:00
F.3,dato_crudo,data/raw/inegi_mociba_2025/objects/bc700919a67ae2ced10abdda770cc2262414a8a70d4f510f3c2cd0a67ef3a39d/mociba2025_bd_csv.zip,bc700919a67ae2ced10abdda770cc2262414a8a70d4f510f3c2cd0a67ef3a39d,1541603,2026-09-14T22:09:09+00:00
F.3,datos_usados,reportes/20260917T180723614619Z_corrida/datos_usados/f_3_datos_usados.csv,0758e19b03f1d49b2506061a6dcf72f1e91fbccb164a6d1a17bc9421d066f072,1513,2026-09-17T18:15:48+00:00
F.3,texto_generado,build/text/f_3.md,e485f2c228a57ec8ec9578ad23136524a9867bd9d62fdd8cffd6005ad3da5836,150,2026-09-17T18:15:48+00:00
F.3,texto_copia_corrida,reportes/20260917T180723614619Z_corrida/textos/f_3_parrafo.md,e485f2c228a57ec8ec9578ad23136524a9867bd9d62fdd8cffd6005ad3da5836,150,2026-09-17T18:15:48+00:00
F.3,grafica,build/figures/F/figura_f_3.png,dcd0151a7a8e060c39b30dd831d85d96ec6e54485342b17175e0961466e3713e,213528,2026-09-17T18:15:49+00:00
F.3,metadatos,build/metadata/f_3.json,8267ea39f37d7f5d658aa0cfb8fdfb75ee50bf3fa3ad18d966c43cab2b1d166c,684,2026-09-17T18:15:49+00:00
F.4,dato_crudo,data/raw/inegi_mociba_2024_reference/objects/105e2e266134be538d33b5685e24bd41247eec5156f27b11ada7a3bb50f0a7ab/mociba2024_bd_csv.zip,105e2e266134be538d33b5685e24bd41247eec5156f27b11ada7a3bb50f0a7ab,1500882,2026-09-14T22:09:07+00:00
F.4,dato_crudo,data/raw/inegi_mociba_2025/objects/bc700919a67ae2ced10abdda770cc2262414a8a70d4f510f3c2cd0a67ef3a39d/mociba2025_bd_csv.zip,bc700919a67ae2ced10abdda770cc2262414a8a70d4f510f3c2cd0a67ef3a39d,1541603,2026-09-14T22:09:09+00:00
F.4,datos_usados,reportes/20260917T180723614619Z_corrida/datos_usados/f_4_datos_usados.csv,d101c368f5d3537c1a8b13342a53f4be63d131a2bf331b8a17c6491a02058e8a,1879,2026-09-17T18:15:50+00:00
F.4,texto_generado,build/text/f_4.md,bf46fc2ae73f6592222f9a4935d79a0ece34326297dabad8e982a95a325afbcc,121,2026-09-17T18:15:50+00:00
F.4,texto_copia_corrida,reportes/20260917T180723614619Z_corrida/textos/f_4_parrafo.md,bf46fc2ae73f6592222f9a4935d79a0ece34326297dabad8e982a95a325afbcc,121,2026-09-17T18:15:50+00:00
F.4,grafica,build/figures/F/figura_f_4.png,2b6091e677cba0d36362ff86848e56f54bfdd01baadabb2c205f375fb49787f4,220629,2026-09-17T18:15:51+00:00
F.4,metadatos,build/metadata/f_4.json,2d0a796e20c4725614771133e67fe1a28c174d609de993996892803c6ede379c,691,2026-09-17T18:15:51+00:00
F.5,dato_crudo,data/raw/inegi_mociba_2024_reference/objects/105e2e266134be538d33b5685e24bd41247eec5156f27b11ada7a3bb50f0a7ab/mociba2024_bd_csv.zip,105e2e266134be538d33b5685e24bd41247eec5156f27b11ada7a3bb50f0a7ab,1500882,2026-09-14T22:09:07+00:00
F.5,dato_crudo,data/raw/inegi_mociba_2025/objects/bc700919a67ae2ced10abdda770cc2262414a8a70d4f510f3c2cd0a67ef3a39d/mociba2025_bd_csv.zip,bc700919a67ae2ced10abdda770cc2262414a8a70d4f510f3c2cd0a67ef3a39d,1541603,2026-09-14T22:09:09+00:00
F.5,datos_usados,reportes/20260917T180723614619Z_corrida/datos_usados/f_5_datos_usados.csv,478a4e69e088cd35c715536e462ee94bc5d958af0a0cd7c2a3cd2ad8368be8e3,407,2026-09-17T18:15:52+00:00
F.5,texto_generado,build/text/f_5.md,1ccba3f9c9fbf608cb4b02e78630ba973e1c04935fc3a706dd28e3c60492e24a,147,2026-09-17T18:15:52+00:00
F.5,texto_copia_corrida,reportes/20260917T180723614619Z_corrida/textos/f_5_parrafo.md,1ccba3f9c9fbf608cb4b02e78630ba973e1c04935fc3a706dd28e3c60492e24a,147,2026-09-17T18:15:52+00:00
F.5,grafica,build/figures/F/figura_f_5.png,7df7690f9bc2109f52ceb855762f778b9e4d19205db8b85b83e38a0c1eec88d1,134515,2026-09-17T18:15:53+00:00
F.5,metadatos,build/metadata/f_5.json,dd5b2bc302b4f3f1f8b395490ca81ba899f6416e75ac881308ed3ba850b3be08,666,2026-09-17T18:15:53+00:00
F.6,dato_crudo,data/raw/inegi_mociba_2024_reference/objects/105e2e266134be538d33b5685e24bd41247eec5156f27b11ada7a3bb50f0a7ab/mociba2024_bd_csv.zip,105e2e266134be538d33b5685e24bd41247eec5156f27b11ada7a3bb50f0a7ab,1500882,2026-09-14T22:09:07+00:00
F.6,dato_crudo,data/raw/inegi_mociba_2025/objects/bc700919a67ae2ced10abdda770cc2262414a8a70d4f510f3c2cd0a67ef3a39d/mociba2025_bd_csv.zip,bc700919a67ae2ced10abdda770cc2262414a8a70d4f510f3c2cd0a67ef3a39d,1541603,2026-09-14T22:09:09+00:00
F.6,datos_usados,reportes/20260917T180723614619Z_corrida/datos_usados/f_6_datos_usados.csv,2c4bc09029d4ca5b014147e293480d57b82f888fa5c76fb95cdd20bd690f3bd9,1075,2026-09-17T18:15:54+00:00
F.6,texto_generado,build/text/f_6.md,605e46a66877307bc5db69421246e009c46efb289f634a2c5bb515014f5503ec,164,2026-09-17T18:15:54+00:00
F.6,texto_copia_corrida,reportes/20260917T180723614619Z_corrida/textos/f_6_parrafo.md,605e46a66877307bc5db69421246e009c46efb289f634a2c5bb515014f5503ec,164,2026-09-17T18:15:54+00:00
F.6,grafica,build/figures/F/figura_f_6.png,d8f8d13a28135e85099899f5da98c53d7c8ebbcb64b9a3538c79ba39d269ae8d,200895,2026-09-17T18:15:54+00:00
F.6,metadatos,build/metadata/f_6.json,d00eda8f664e08e42ca19103a148e7a6cd54cbc4532adc08694c5ca5c87ef3c5,663,2026-09-17T18:15:54+00:00
F.7,dato_crudo,data/raw/inegi_mociba_2024_reference/objects/105e2e266134be538d33b5685e24bd41247eec5156f27b11ada7a3bb50f0a7ab/mociba2024_bd_csv.zip,105e2e266134be538d33b5685e24bd41247eec5156f27b11ada7a3bb50f0a7ab,1500882,2026-09-14T22:09:07+00:00
F.7,dato_crudo,data/raw/inegi_mociba_2025/objects/bc700919a67ae2ced10abdda770cc2262414a8a70d4f510f3c2cd0a67ef3a39d/mociba2025_bd_csv.zip,bc700919a67ae2ced10abdda770cc2262414a8a70d4f510f3c2cd0a67ef3a39d,1541603,2026-09-14T22:09:09+00:00
F.7,datos_usados,reportes/20260917T180723614619Z_corrida/datos_usados/f_7_datos_usados.csv,4af95d7204c3024b696bf43f17600f0366446528aebdf0463b6835c657e79f9c,812,2026-09-17T18:15:56+00:00
F.7,texto_generado,build/text/f_7.md,afbb59000404e9d34b66bd01d7be70d679fb6dd59e7eb492e0952ff4dba5ab55,161,2026-09-17T18:15:56+00:00
F.7,texto_copia_corrida,reportes/20260917T180723614619Z_corrida/textos/f_7_parrafo.md,afbb59000404e9d34b66bd01d7be70d679fb6dd59e7eb492e0952ff4dba5ab55,161,2026-09-17T18:15:56+00:00
F.7,grafica,build/figures/F/figura_f_7.png,02b97efe57fd655f5f7d229633b71e643a1abdda65699c4bd4a333b7c285b09a,154933,2026-09-17T18:15:56+00:00
F.7,metadatos,build/metadata/f_7.json,25d0d053f71e31fd3ff822ec9845754e74415069abcec507e7ce0d6a088fa004,665,2026-09-17T18:15:56+00:00
F.8,dato_crudo,data/raw/inegi_mociba_2024_reference/objects/105e2e266134be538d33b5685e24bd41247eec5156f27b11ada7a3bb50f0a7ab/mociba2024_bd_csv.zip,105e2e266134be538d33b5685e24bd41247eec5156f27b11ada7a3bb50f0a7ab,1500882,2026-09-14T22:09:07+00:00
F.8,dato_crudo,data/raw/inegi_mociba_2025/objects/bc700919a67ae2ced10abdda770cc2262414a8a70d4f510f3c2cd0a67ef3a39d/mociba2025_bd_csv.zip,bc700919a67ae2ced10abdda770cc2262414a8a70d4f510f3c2cd0a67ef3a39d,1541603,2026-09-14T22:09:09+00:00
F.8,datos_usados,reportes/20260917T180723614619Z_corrida/datos_usados/f_8_datos_usados.csv,2a31b3052de2c76b9c52a1687440532a9b4e1c0ba4300566291cb32051d13171,630,2026-09-17T18:15:58+00:00
F.8,texto_generado,build/text/f_8.md,87ae7ebb70bbcca61911b552b7d4b1f1f34648e52f42e83a7512b0af71f6e12a,92,2026-09-17T18:15:58+00:00
F.8,texto_copia_corrida,reportes/20260917T180723614619Z_corrida/textos/f_8_parrafo.md,87ae7ebb70bbcca61911b552b7d4b1f1f34648e52f42e83a7512b0af71f6e12a,92,2026-09-17T18:15:58+00:00
F.8,grafica,build/figures/F/figura_f_8.png,f3fd6b5844d19cb727b96b925016fd120b82a8fc58e6fe6612b017a3dc9d9fcb,147374,2026-09-17T18:15:58+00:00
F.8,metadatos,build/metadata/f_8.json,5b7fcd91e9860a17f88d6e96c9b61072501125335b161468298faf1eb87a2222,660,2026-09-17T18:15:58+00:00
F.9,dato_crudo,data/raw/inegi_mociba_2024_reference/objects/105e2e266134be538d33b5685e24bd41247eec5156f27b11ada7a3bb50f0a7ab/mociba2024_bd_csv.zip,105e2e266134be538d33b5685e24bd41247eec5156f27b11ada7a3bb50f0a7ab,1500882,2026-09-14T22:09:07+00:00
F.9,dato_crudo,data/raw/inegi_mociba_2025/objects/bc700919a67ae2ced10abdda770cc2262414a8a70d4f510f3c2cd0a67ef3a39d/mociba2025_bd_csv.zip,bc700919a67ae2ced10abdda770cc2262414a8a70d4f510f3c2cd0a67ef3a39d,1541603,2026-09-14T22:09:09+00:00
F.9,datos_usados,reportes/20260917T180723614619Z_corrida/datos_usados/f_9_datos_usados.csv,b58a460f4c81317bf11f86a2c65c83863aafc14df3f6e558e256f8816aa2fb51,840,2026-09-17T18:16:00+00:00
F.9,texto_generado,build/text/f_9.md,c17000f4432e2c1bea6323a309d16bbe926a1eff702d783d30974f123ad97f76,90,2026-09-17T18:16:00+00:00
F.9,texto_copia_corrida,reportes/20260917T180723614619Z_corrida/textos/f_9_parrafo.md,c17000f4432e2c1bea6323a309d16bbe926a1eff702d783d30974f123ad97f76,90,2026-09-17T18:16:00+00:00
F.9,grafica,build/figures/F/figura_f_9.png,000c9e8432f7a3c455ace8876ff23110938f4c5d05bbf0a0c329d8f9aa22d23c,164825,2026-09-17T18:16:00+00:00
F.9,metadatos,build/metadata/f_9.json,fd48fadcaa34435e274643732222f614781822960c3f0de9698cb5eb9d7465ce,643,2026-09-17T18:16:00+00:00
F.10,dato_crudo,data/raw/ift_tercera_encuesta_usuarios_2023_base/objects/21d45976f4f1dede6c3b/bd3erencuesta2023.zip,21d45976f4f1dede6c3b883ac9a7d2a3fed0b8ab3d64f9b41c1e0641ad639d43,16211058,2026-09-15T19:28:34+00:00
F.10,datos_usados,reportes/20260917T180723614619Z_corrida/datos_usados/f_10_datos_usados.csv,6c29f80ecb631d64c192110ac803906cdfc743bdea0406fe22c7d9746353d7a5,413,2026-09-17T18:16:12+00:00
F.10,texto_generado,build/text/f_10.md,8a4d6bffc25a4a67781c9ef1a252df53810f22cc6c11f91bf0be30106014b691,79,2026-09-17T18:16:12+00:00
F.10,texto_copia_corrida,reportes/20260917T180723614619Z_corrida/textos/f_10_parrafo.md,8a4d6bffc25a4a67781c9ef1a252df53810f22cc6c11f91bf0be30106014b691,79,2026-09-17T18:16:12+00:00
F.10,grafica,build/figures/F/figura_f_10.png,7b97884bb83f40dcb77b9145e3b12df80709942a572a81119024af4307bcaac4,218532,2026-09-17T18:16:13+00:00
F.10,metadatos,build/metadata/f_10.json,9d4dc2b638503b77d8464b806c082b942b7fc196beedf05455bb15b530a06810,627,2026-09-17T18:16:13+00:00
F.11,dato_crudo,data/raw/ift_tercera_encuesta_usuarios_2023_base/objects/21d45976f4f1dede6c3b/bd3erencuesta2023.zip,21d45976f4f1dede6c3b883ac9a7d2a3fed0b8ab3d64f9b41c1e0641ad639d43,16211058,2026-09-15T19:28:34+00:00
F.11,datos_usados,reportes/20260917T180723614619Z_corrida/datos_usados/f_11_datos_usados.csv,52a6db83f740356c9f9ec4ec6122d4a34d7418073b019ba4d817853d94c7606a,590,2026-09-17T18:16:24+00:00
F.11,texto_generado,build/text/f_11.md,10eca4600130a51f13e04a084b92b569f48f4cd454caa66899b78dd841b48744,105,2026-09-17T18:16:24+00:00
F.11,texto_copia_corrida,reportes/20260917T180723614619Z_corrida/textos/f_11_parrafo.md,10eca4600130a51f13e04a084b92b569f48f4cd454caa66899b78dd841b48744,105,2026-09-17T18:16:24+00:00
F.11,grafica,build/figures/F/figura_f_11.png,7b69ecc6069b01529ae3d23fd47db1aec0e4521d9d683f86f8602420b3753c1a,201178,2026-09-17T18:16:25+00:00
F.11,metadatos,build/metadata/f_11.json,eecdb32ae3a1ebf650109ab194857ac8881c2055d43e26e729510cca9293149c,636,2026-09-17T18:16:25+00:00
F.12,dato_crudo,data/raw/ift_tercera_encuesta_usuarios_2023_base/objects/21d45976f4f1dede6c3b/bd3erencuesta2023.zip,21d45976f4f1dede6c3b883ac9a7d2a3fed0b8ab3d64f9b41c1e0641ad639d43,16211058,2026-09-15T19:28:34+00:00
F.12,datos_usados,reportes/20260917T180723614619Z_corrida/datos_usados/f_12_datos_usados.csv,38ddba0ba934fcc5897cd1894a662459e8d5fa06fd544eb2fc000d2ad4050992,322,2026-09-17T18:16:29+00:00
F.12,texto_generado,build/text/f_12.md,924de42ca70b348f70827d6428726c8935a1e0ac9c4ca98479e8c71e9c69a095,79,2026-09-17T18:16:29+00:00
F.12,texto_copia_corrida,reportes/20260917T180723614619Z_corrida/textos/f_12_parrafo.md,924de42ca70b348f70827d6428726c8935a1e0ac9c4ca98479e8c71e9c69a095,79,2026-09-17T18:16:29+00:00
F.12,grafica,build/figures/F/figura_f_12.png,90b6d30bae186a3ba15d717d2f37dd318520695e6c547121d1084f41399722eb,137639,2026-09-17T18:16:29+00:00
F.12,metadatos,build/metadata/f_12.json,cc3c27684acb7ac451c3bf3e182d72b2207c489d457a98e2f20f6cb11245832b,629,2026-09-17T18:16:29+00:00
F.13,dato_crudo,data/raw/ift_tercera_encuesta_usuarios_2023_base/objects/21d45976f4f1dede6c3b/bd3erencuesta2023.zip,21d45976f4f1dede6c3b883ac9a7d2a3fed0b8ab3d64f9b41c1e0641ad639d43,16211058,2026-09-15T19:28:34+00:00
F.13,datos_usados,reportes/20260917T180723614619Z_corrida/datos_usados/f_13_datos_usados.csv,e8234c136ad3dc7c2ebf3eb1c0e6c974b5303ce32369556d661c844f5884e475,464,2026-09-17T18:16:34+00:00
F.13,texto_generado,build/text/f_13.md,91816e18974ea8f7ba7e45fd31729bc4d427038ef7f7ee28b5284ae6a7291f7f,93,2026-09-17T18:16:34+00:00
F.13,texto_copia_corrida,reportes/20260917T180723614619Z_corrida/textos/f_13_parrafo.md,91816e18974ea8f7ba7e45fd31729bc4d427038ef7f7ee28b5284ae6a7291f7f,93,2026-09-17T18:16:34+00:00
F.13,grafica,build/figures/F/figura_f_13.png,b2186f4e7cb46628824f1646a88b4a62896ed74bad6fe4bdc14f6ace07c66d6b,179147,2026-09-17T18:16:34+00:00
F.13,metadatos,build/metadata/f_13.json,ffd1f1758c1b59a7cd2175c253006fc04ac46a8db87703661bd7464daed7d552,634,2026-09-17T18:16:34+00:00
F.14,dato_crudo,data/raw/ift_tercera_encuesta_usuarios_2023_pdf/objects/14f1a7450198552b9e65/3erencuesta2023.pdf,14f1a7450198552b9e65e3a0114d63644be6dc30aaba05794669197bf0a29716,8412858,2026-09-15T19:32:53+00:00
F.14,datos_usados,reportes/20260917T180723614619Z_corrida/datos_usados/f_14_datos_usados.csv,659070d317ece9c30faf26c81200f084416fe7c120f461487b2d58a34a0cf78a,790,2026-09-17T18:16:34+00:00
F.14,texto_generado,build/text/f_14.md,d4ed4b535edcecfa659fe479a97410efce2f90dc740fb3e50ec95f1e6de5f4ee,157,2026-09-17T18:16:35+00:00
F.14,texto_copia_corrida,reportes/20260917T180723614619Z_corrida/textos/f_14_parrafo.md,d4ed4b535edcecfa659fe479a97410efce2f90dc740fb3e50ec95f1e6de5f4ee,157,2026-09-17T18:16:35+00:00
F.14,grafica,build/figures/F/figura_f_14.png,6db8fe91c1196d64fe05b6174cfbe46eaa85625b84ce05beba9720d5664fda0c,242978,2026-09-17T18:16:35+00:00
F.14,metadatos,build/metadata/f_14.json,aec80a2b6223558a853397df7c7c68391446460fdaa3ae087a0649c18d8460c3,622,2026-09-17T18:16:35+00:00
F.15,dato_crudo,data/raw/ift_tercera_encuesta_usuarios_2023_base/objects/21d45976f4f1dede6c3b/bd3erencuesta2023.zip,21d45976f4f1dede6c3b883ac9a7d2a3fed0b8ab3d64f9b41c1e0641ad639d43,16211058,2026-09-15T19:28:34+00:00
F.15,datos_usados,reportes/20260917T180723614619Z_corrida/datos_usados/f_15_datos_usados.csv,db23dd6d80d921818c1a52a6817a9b4cc8a9bee3e45ef8f6d3ace0eaf4782778,980,2026-09-17T18:16:47+00:00
F.15,texto_generado,build/text/f_15.md,86eb1896d64b77a83bd029f782038d88548ed133a36e2cf9c0a336cd111f5111,87,2026-09-17T18:16:47+00:00
F.15,texto_copia_corrida,reportes/20260917T180723614619Z_corrida/textos/f_15_parrafo.md,86eb1896d64b77a83bd029f782038d88548ed133a36e2cf9c0a336cd111f5111,87,2026-09-17T18:16:48+00:00
F.15,grafica,build/figures/F/figura_f_15.png,f34296aed2e0120d1bcdf2beaa69621660651d2033dcf45f4bb20ee347d40563,252091,2026-09-17T18:16:48+00:00
F.15,metadatos,build/metadata/f_15.json,07f10d656dbff565c03fe8487ab144b312d5b4480fb8de839ae57d03e46016e7,630,2026-09-17T18:16:48+00:00
F.16,dato_crudo,data/raw/ift_tercera_encuesta_usuarios_2023_base/objects/21d45976f4f1dede6c3b/bd3erencuesta2023.zip,21d45976f4f1dede6c3b883ac9a7d2a3fed0b8ab3d64f9b41c1e0641ad639d43,16211058,2026-09-15T19:28:34+00:00
F.16,datos_usados,reportes/20260917T180723614619Z_corrida/datos_usados/f_16_datos_usados.csv,b6cc457e7b375022a05f24210f77853d411583aef1c53a838b1c0a8c1caacfa9,826,2026-09-17T18:16:59+00:00
F.16,texto_generado,build/text/f_16.md,b3bd3554aed1ab6d6dfeb07bca604fe2909e2e175022d5bbf0d54bbf255151cb,93,2026-09-17T18:17:00+00:00
F.16,texto_copia_corrida,reportes/20260917T180723614619Z_corrida/textos/f_16_parrafo.md,b3bd3554aed1ab6d6dfeb07bca604fe2909e2e175022d5bbf0d54bbf255151cb,93,2026-09-17T18:17:00+00:00
F.16,grafica,build/figures/F/figura_f_16.png,bc94e86b7b7b30ff0b33f3e3934f867f7838515b4ad9d1c1378bbc80b74fe3dd,223729,2026-09-17T18:17:00+00:00
F.16,metadatos,build/metadata/f_16.json,b4a3c4278e703e08f94e14bbea3f6a624946fb78dedb4500106c08363db398c4,621,2026-09-17T18:17:00+00:00
G.1,dato_crudo,data/raw/crt_bit_srs_estaciones_entidad_actual/objects/65cddb6808c4def872ed5e95d8ce61f2e1b9b9f8ed367aa6e56c0e76cb8e61f5/SRS_Estaciones_Entidad.csv,65cddb6808c4def872ed5e95d8ce61f2e1b9b9f8ed367aa6e56c0e76cb8e61f5,46628,2026-09-15T21:34:31+00:00
G.1,dato_crudo,data/raw/crt_bit_str_catalogo_distintivos_actual/objects/e53945496ce5eb2e523787222bcacc9da973893c872e8b065354d501547fbdfa/STR_Catalogo_Distintivos.csv,e53945496ce5eb2e523787222bcacc9da973893c872e8b065354d501547fbdfa,792020,2026-09-15T21:34:32+00:00
G.1,datos_usados,reportes/20260917T180723614619Z_corrida/datos_usados/g_1_datos_usados.csv,691333308fac175a0c3e001ca36270a521e88721d136658a53841e3ce5c77545,1051,2026-09-17T18:17:00+00:00
G.1,datos_usados,reportes/20260917T180723614619Z_corrida/datos_usados/g_1_control_anuario_2024.csv,237c3b2d86e2d02c4c0f7a528de1df8df4845bbf663b8236c8393b4525c0845f,568,2026-09-17T18:17:00+00:00
G.1,texto_generado,build/text/g_1.md,fbcceb5a38b3c16794220dc091b8daaa843a65c629a3bc9022f8385a91627d01,210,2026-09-17T18:17:00+00:00
G.1,texto_copia_corrida,reportes/20260917T180723614619Z_corrida/textos/g_1_parrafo.md,fbcceb5a38b3c16794220dc091b8daaa843a65c629a3bc9022f8385a91627d01,210,2026-09-17T18:17:00+00:00
G.1,grafica,build/figures/G/figura_g_1.png,61a70c235ec474929fa49433e22006211b5c239f78f1f12bf10f9358ef13e999,98596,2026-09-17T18:17:00+00:00
G.1,metadatos,build/metadata/g_1.json,f03d65e3176041a06f4f55122a66a49d3104b80a6c0be53fcec2a677e6490e6d,615,2026-09-17T18:17:00+00:00
