figure_id,role,path,sha256,bytes,modified_at
A.1,dato_crudo,data/raw/inegi_pibt_2026_q2/objects/65a7899d4106e94ddb0612919ea45f7ce356910693a6c74526994e3eb11a5dee/PIBT_2.xlsx,65a7899d4106e94ddb0612919ea45f7ce356910693a6c74526994e3eb11a5dee,1904922,2026-09-09T19:37:36+00:00
A.1,datos_usados,reportes/20260922T173925458200Z_corrida/datos_usados/a_1_datos_usados.csv,aa9e803b540ec50e7c13d6cf77e9d280efd77a6d5cd9b33ac39db2ceb3ce5856,5223,2026-09-22T17:39:27+00:00
A.1,texto_generado,build/text/a_1.md,288b366a5b151e472ecd215c8386424ffd94d6dd1be8395b7cdd970fbaab2ff4,256,2026-09-22T17:39:27+00:00
A.1,texto_copia_corrida,reportes/20260922T173925458200Z_corrida/textos/a_1_parrafo.md,288b366a5b151e472ecd215c8386424ffd94d6dd1be8395b7cdd970fbaab2ff4,256,2026-09-22T17:39:27+00:00
A.1,grafica,build/figures/A/figura_a_1.png,a20f5280259eb59e87e524c1a3123facae07450cafcad921bf6f944a3adf4f05,316422,2026-09-22T17:39:27+00:00
A.1,grafica_jpg,build/figures/A/figura_a_1.jpg,a3f1826b5fb3febfac5f83e4b96c0ef036d0de750f642d2838c1ede6e636fc8a,425983,2026-09-22T17:39:28+00:00
A.1,grafica_svg_editable,build/figures/A/figura_a_1.svg,3e7c02cd69d8d3614986a441e53478be961f6240a57121d2e1e84eea10656693,58500,2026-09-22T17:39:28+00:00
A.1,metadatos,build/metadata/a_1.json,2d526c7fecd403df771d78c6034a79346376fd34b31ddfc6be5cf4dad80bb28b,1267,2026-09-22T17:39:28+00:00
A.2,dato_crudo,data/raw/inegi_enoe_a2/2013trim2_csv.zip,09eabb5860d15b41a557665eef4595c8d715a2f21810358ff7fb6d2cd96ed20d,22309101,2026-08-31T22:23:33+00:00
A.2,dato_crudo,data/raw/inegi_enoe_a2/2013trim4_csv.zip,03ab1d021dbde5feea36ab0948ba3f35a64df095dc44563f1ae6da74a1c4a0e3,23582172,2026-08-31T22:23:33+00:00
A.2,dato_crudo,data/raw/inegi_enoe_a2/2014trim2_csv.zip,926c1715c868d409de594130d81bf9fbee8f1e93959c6b3959e99bf27d79e11f,22768706,2026-08-31T22:23:33+00:00
A.2,dato_crudo,data/raw/inegi_enoe_a2/2014trim4_csv.zip,8bb2e85bee8f8e3d52aa7b9ad3903cff6e28c8503d4c97656c3c0ec87d85f8ed,22725037,2026-08-31T22:23:34+00:00
A.2,dato_crudo,data/raw/inegi_enoe_a2/2015trim2_csv.zip,d2a70a2a452e617859da22db7fd2c78d8a0f841ec150b8f94cd08e221edf27ca,22782627,2026-08-31T22:23:34+00:00
A.2,dato_crudo,data/raw/inegi_enoe_a2/2015trim4_csv.zip,8bbf3dd5a2887c7b1e52e5afbf6fbc3c69b9090b84e5bc2b4b4fe754e2acd008,22782131,2026-08-31T22:23:35+00:00
A.2,dato_crudo,data/raw/inegi_enoe_a2/2016trim2_csv.zip,4aa9a8e2083378fa60aa965a2236bc81ca1a011c1a80cfb5907c462dc3f5a56f,26779138,2026-08-31T22:23:35+00:00
A.2,dato_crudo,data/raw/inegi_enoe_a2/2016trim4_csv.zip,f5846e8416dbbdb0a907b3f2321e9607083a269878657225fd3c82c708465500,26466686,2026-08-31T22:23:35+00:00
A.2,dato_crudo,data/raw/inegi_enoe_a2/2017trim2_csv.zip,bd58ed29a986e3f8b3642e6e6aa8ea7dbf7277116888cd60f799b562fd545066,27024159,2026-08-31T22:23:36+00:00
A.2,dato_crudo,data/raw/inegi_enoe_a2/2017trim4_csv.zip,af96a2420779c1cdf82b49bb7ddd5b489771bb791938db9b799da6f8b43d3be4,26664215,2026-08-31T22:23:36+00:00
A.2,dato_crudo,data/raw/inegi_enoe_a2/2018trim2_csv.zip,2ca4002f7209b029a470caa3174353a2766ca9fc1f4e1ea3c87a063d1218c00f,26835694,2026-08-31T22:23:37+00:00
A.2,dato_crudo,data/raw/inegi_enoe_a2/2018trim4_csv.zip,9259fcb81747ebfad7fbbd75b9dc9a65825142bc10366c447f645489b3383774,26724182,2026-08-31T22:23:37+00:00
A.2,dato_crudo,data/raw/inegi_enoe_a2/2019trim2_csv.zip,721bf45739241179cca3685c42e65a0270cbe02019602571ee79cc1a157a8d36,28592043,2026-08-31T22:23:38+00:00
A.2,dato_crudo,data/raw/inegi_enoe_a2/2019trim4_csv.zip,d91658be67f515a26f501fc130731e866b7c77c992ed91471217074f4f18ad58,28058037,2026-08-31T22:23:38+00:00
A.2,dato_crudo,data/raw/inegi_enoe_a2/2020trim1_csv.zip,8f24f571dee610e9ab147c7f2a01ac2770fef016cd13d8428160550b833b176b,27350239,2026-08-31T22:23:39+00:00
A.2,dato_crudo,data/raw/inegi_enoe_a2/enoe_n_2020_trim4_csv.zip,5d6ce8a6dcc2cace4a1e6e5cbaf9d9c61ad7bbbfa3217ecc9cd2184e2093f6f3,23007909,2026-08-31T22:23:42+00:00
A.2,dato_crudo,data/raw/inegi_enoe_a2/enoe_n_2021_trim2_csv.zip,a9bfb1f1291217714fd27a0dc5d30ee39064ad99f637867808d445294a25b96b,23887444,2026-08-31T22:23:42+00:00
A.2,dato_crudo,data/raw/inegi_enoe_a2/enoe_n_2021_trim4_csv.zip,1baabe0098ce5b1bdeeb4bba8eebe2d4b51eedae3745bc48dad1cd199b736a9b,27117836,2026-08-31T22:23:42+00:00
A.2,dato_crudo,data/raw/inegi_enoe_a2/enoe_n_2022_trim2_csv.zip,19e194fbdcc70549db19b718c6581ec2fadce883e9683369424bf758f76b705a,30537564,2026-08-31T22:23:43+00:00
A.2,dato_crudo,data/raw/inegi_enoe_a2/enoe_n_2022_trim4_csv.zip,1c22244fcd4a9f11625fa3cdb68d8c10f5143ba84c076b4e99a61ba822687e5d,29670618,2026-08-31T22:23:43+00:00
A.2,dato_crudo,data/raw/inegi_enoe_a2/enoe_2023_trim2_csv.zip,e2035d3a3e3d0789ee10fac875c792c5833fc90f7e1ccb9345e0690dd8c40eb5,39500761,2026-08-31T22:23:39+00:00
A.2,dato_crudo,data/raw/inegi_enoe_a2/enoe_2023_trim4_csv.zip,24f15e1ab8ad942b479b32f491b9e2d8b640ac3c8e79dbea02e74baa78ae9d2e,40681812,2026-08-31T22:23:40+00:00
A.2,dato_crudo,data/raw/inegi_enoe_a2/enoe_2024_trim2_csv.zip,13922f8902f587939145e0302ec8e6e5fa9fb0df4207229f7447deaaab96e285,31773308,2026-08-31T22:23:40+00:00
A.2,dato_crudo,data/raw/inegi_enoe_a2/enoe_2024_trim4_csv.zip,817f28d20a43fa4fed08195e62df58bf320b31c323a3049fe09b5194a1677305,43410469,2026-08-31T22:23:41+00:00
A.2,dato_crudo,data/raw/inegi_enoe_a2/enoe_2025_trim2_csv.zip,291db61afcc472a0933d2bebf46720cfd024df8912dc899d541d8109bd406722,38752236,2026-09-09T20:24:43+00:00
A.2,dato_crudo,data/raw/inegi_enoe_a2/enoe_2025_trim4_csv.zip,e675b41bde4fb3c183a0abd067738109c6aaf30ed314bc9fc548669fb8a1565d,43383478,2026-09-09T20:25:37+00:00
A.2,dato_crudo,data/raw/inegi_enoe_a2/enoe_2026_trim2_csv.zip,020811fa989a3e4e3e0daae39b32df6bb055f3ca59653b76ecc454f9b231d91e,35213597,2026-09-09T20:26:26+00:00
A.2,datos_usados,reportes/20260922T173925458200Z_corrida/datos_usados/a_2_datos_usados.csv,5f6e4eb3371483d13914734f5746b5a584d0c477cfaaee99196163752d6b1fc2,2457,2026-09-22T17:42:25+00:00
A.2,texto_generado,build/text/a_2.md,746d06fcdb92a400d1b7c527d06e5ac2914d079a10ef9bff0b7f152c24424b91,323,2026-09-22T17:42:25+00:00
A.2,texto_copia_corrida,reportes/20260922T173925458200Z_corrida/textos/a_2_parrafo.md,746d06fcdb92a400d1b7c527d06e5ac2914d079a10ef9bff0b7f152c24424b91,323,2026-09-22T17:42:25+00:00
A.2,grafica,build/figures/A/figura_a_2.png,a6c0742b6c9c30241635ce23be0182d9a73d9a044eb9a66b4ead23eba3b99395,321866,2026-09-22T17:42:26+00:00
A.2,grafica_jpg,build/figures/A/figura_a_2.jpg,2a602cc7d15970e9cf45431c5962ddf0cef2e04480b11367335be0e7855c6dc2,433924,2026-09-22T17:42:26+00:00
A.2,grafica_svg_editable,build/figures/A/figura_a_2.svg,b883f6000ae27ca032758feb511533cc8a59b12dd77e2e1ed4dfbc35316a5fb1,76721,2026-09-22T17:42:26+00:00
A.2,metadatos,build/metadata/a_2.json,5180b5c00630c40856d182665fbc250ac95e12fd8521783d13d3eae2f601fd06,1030,2026-09-22T17:42:26+00:00
A.3,dato_crudo,data/raw/inegi_inpc_dynamic/objects/f883f3859247e8509bae82527a1ac108bbff457a48e3f31ac56a3d43b3e9131c/inpc_ipcom_hasta_2024.csv,f883f3859247e8509bae82527a1ac108bbff457a48e3f31ac56a3d43b3e9131c,49405,2026-09-09T21:53:26+00:00
A.3,dato_crudo,data/raw/inegi_inpc_current_2026_07_reference/objects/5d75d854deb25a0e901d/conjunto_de_datos_inpc_indicador_mensual_csv.zip,5d75d854deb25a0e901def5adb4430eadb44cc253ff86bf39734efc9185144c1,34591,2026-09-09T21:53:59+00:00
A.3,datos_usados,reportes/20260922T173925458200Z_corrida/datos_usados/a_3_datos_usados.csv,281d85a83a3f8218b2ee6281592c1089f43cc2743d7d39cecb19e9514bb516d5,993,2026-09-22T17:42:26+00:00
A.3,texto_generado,build/text/a_3.md,75d97c5e37fb1635b0b295c3f2db1e24e26910f97fdf3ed650aa776829e4d76a,359,2026-09-22T17:42:26+00:00
A.3,texto_copia_corrida,reportes/20260922T173925458200Z_corrida/textos/a_3_parrafo.md,75d97c5e37fb1635b0b295c3f2db1e24e26910f97fdf3ed650aa776829e4d76a,359,2026-09-22T17:42:26+00:00
A.3,grafica,build/figures/A/figura_a_3.png,699ff0beecd32f1c0f345e919fc1013f60afbf1ad10359dd4fca4ceca7126a01,277577,2026-09-22T17:42:27+00:00
A.3,grafica_jpg,build/figures/A/figura_a_3.jpg,ac29b393b216b2e9761e11055c0beeebab2dabb5c718fead2b1b36eaf2a8ada8,330278,2026-09-22T17:42:27+00:00
A.3,grafica_svg_editable,build/figures/A/figura_a_3.svg,134299001523bbcc04d45ac31c4469ea4346bacba494306d9b4c232e596c5296,44484,2026-09-22T17:42:27+00:00
A.3,metadatos,build/metadata/a_3.json,017e21915831d7ee3542a205e76710b9486e0f6328722cadb60b882a9b010dd1,1018,2026-09-22T17:42:27+00:00
A.4,dato_crudo,data/raw/crt_bit_todo_2025_q2/objects/f75ce7de02249b11d35b/CRT_BIT_TODO.zip,f75ce7de02249b11d35bed3399f7f06558f9e7a18cc9b320180acbe96027d284,1188168847,2026-09-09T22:17:06+00:00
A.4,datos_usados,reportes/20260922T173925458200Z_corrida/datos_usados/a_4_datos_usados.csv,a1195e2c828976231f9d5fab16f891b2a08e1af8e66b75270c63b6fcc2c362fd,2318,2026-09-22T17:42:28+00:00
A.4,texto_generado,build/text/a_4.md,1c3e79138d398a348061cbdf72bfa651ef5d5db65d4b3eb54d13f2795b662b28,250,2026-09-22T17:42:28+00:00
A.4,texto_copia_corrida,reportes/20260922T173925458200Z_corrida/textos/a_4_parrafo.md,1c3e79138d398a348061cbdf72bfa651ef5d5db65d4b3eb54d13f2795b662b28,250,2026-09-22T17:42:28+00:00
A.4,grafica,build/figures/A/figura_a_4.png,fab67aa7a07c65a75f30f648ec5a0ef97ebddfca3754dc444f55a42e2d8dd366,241345,2026-09-22T17:42:29+00:00
A.4,grafica_jpg,build/figures/A/figura_a_4.jpg,d075aafced0fb07d22cc56a68d520bcea4c4de84921f2367a432c11a46cb2acd,294603,2026-09-22T17:42:29+00:00
A.4,grafica_svg_editable,build/figures/A/figura_a_4.svg,ff318430f49ae13467f0fc2b5c3fa2f9a23baf6c5e13c10de9908df195585cbc,60169,2026-09-22T17:42:29+00:00
A.4,metadatos,build/metadata/a_4.json,a883dd1a73d47f73bb9b2e7af2431bb287b29f3d6025fc4ed575c6f5efec8438,1104,2026-09-22T17:42:29+00:00
A.5,dato_crudo_manual,data/manual/A.5/2026_2T_Flujos_TI_AC_3.xlsx,b455e2d8b4b2a6e7631f46a9f736266c73fc5af2440a075103a1d0348595706a,547284,2026-09-18T18:19:14+00:00
A.5,dato_crudo_manual,data/manual/A.5/Datos_originales_y_actualizacion__1_.xlsx,f6e7c157e5a417e40756cce4ff605b04c67e6673ad3390cc07d66e1e782d6586,175785,2026-09-18T18:19:14+00:00
A.5,datos_usados,reportes/20260922T173925458200Z_corrida/datos_usados/a_5_datos_usados.csv,f1823caf7c8c555a4643251e6673ab56b489077fd75bab76974e5f64d46d70c9,1212,2026-09-22T17:42:50+00:00
A.5,texto_generado,build/text/a_5.md,69a313ca73d7b5b8e0ee282a023c9d8aae59be55a66724ce241da1dcaeaefef6,349,2026-09-22T17:42:50+00:00
A.5,texto_copia_corrida,reportes/20260922T173925458200Z_corrida/textos/a_5_parrafo.md,69a313ca73d7b5b8e0ee282a023c9d8aae59be55a66724ce241da1dcaeaefef6,349,2026-09-22T17:42:50+00:00
A.5,grafica,build/figures/A/figura_a_5.png,9d42faae6b892e33942d2cdd7cd4340ea484ee5a1e395351e25cd04ed2c16d21,218479,2026-09-22T17:42:50+00:00
A.5,grafica_jpg,build/figures/A/figura_a_5.jpg,aa895e4d2025b6053579022fabb992d6bc15406981681e1431c5d8093b04cdfe,331133,2026-09-22T17:42:51+00:00
A.5,grafica_svg_editable,build/figures/A/figura_a_5.svg,45a7e51b2a9d6a05d571ea3c64fe726942dcd574b8e2d0e580082c9a79a80469,27997,2026-09-22T17:42:50+00:00
A.5,metadatos,build/metadata/a_5.json,5a8f90197fe108600083132c8e7d4bed28ce53025e46a21ee982d22df5bb87e4,1104,2026-09-22T17:42:51+00:00
A.6,dato_crudo,data/raw/crt_bit_todo_2025_q2/objects/f75ce7de02249b11d35b/CRT_BIT_TODO.zip,f75ce7de02249b11d35bed3399f7f06558f9e7a18cc9b320180acbe96027d284,1188168847,2026-09-09T22:17:06+00:00
A.6,datos_usados,reportes/20260922T173925458200Z_corrida/datos_usados/a_6_datos_usados.csv,c7c879686ba09573d9808d654825dbb97060c633caddc999e114eb224c286cac,2317,2026-09-22T17:42:52+00:00
A.6,texto_generado,build/text/a_6.md,427681158d97aa56cd701405d8adb5199cc921eda3c81951a11567171b745c4f,332,2026-09-22T17:42:52+00:00
A.6,texto_copia_corrida,reportes/20260922T173925458200Z_corrida/textos/a_6_parrafo.md,427681158d97aa56cd701405d8adb5199cc921eda3c81951a11567171b745c4f,332,2026-09-22T17:42:52+00:00
A.6,grafica,build/figures/A/figura_a_6.png,17c1c8bbc7233b249dc6e1e609b04fd0a85e1e34c897f632fa277f4d74b25c2a,276671,2026-09-22T17:42:52+00:00
A.6,grafica_jpg,build/figures/A/figura_a_6.jpg,591c263683fefd4bb496a2d10b8414b24999aeea334f3c77b90c251c712dc895,397662,2026-09-22T17:42:53+00:00
A.6,grafica_svg_editable,build/figures/A/figura_a_6.svg,651820d10c0c413157716aea6b2c648ff0d0253e9c4d8c02cf69c5d84ca4cc2e,67043,2026-09-22T17:42:53+00:00
A.6,metadatos,build/metadata/a_6.json,9051d120a4cdf91943ba20890801cbac9448e623b1fa815db117bf3ee7fff754,1250,2026-09-22T17:42:53+00:00
A.7,dato_crudo,data/raw/inegi_enigh_2024/objects/7cbf18fee02c58849356e5495fb851ae4d0330743e34d26e35973f9ad5a1155d/enigh_2024_ns_csv.zip,7cbf18fee02c58849356e5495fb851ae4d0330743e34d26e35973f9ad5a1155d,103139139,2026-09-10T05:33:41+00:00
A.7,datos_usados,reportes/20260922T173925458200Z_corrida/datos_usados/a_7_datos_usados.csv,491c69a0a832f308e8731998339aa0705dedf35230647d6fb8667a4fc844a546,355,2026-09-22T17:43:11+00:00
A.7,texto_generado,build/text/a_7.md,30ed709cdefbca469967e8af352cdf193abb87906ff95b4ecd48210266a279e2,166,2026-09-22T17:43:11+00:00
A.7,texto_copia_corrida,reportes/20260922T173925458200Z_corrida/textos/a_7_parrafo.md,30ed709cdefbca469967e8af352cdf193abb87906ff95b4ecd48210266a279e2,166,2026-09-22T17:43:11+00:00
A.7,grafica,build/figures/A/figura_a_7.png,8d2b85490ae2246fbcb12d7940759c2e6db811d1832203da027a2d6d50592419,155855,2026-09-22T17:43:11+00:00
A.7,grafica_jpg,build/figures/A/figura_a_7.jpg,67ebea88a57c62bbe55c1cdd494f0537702dddd6c0d502a54361600faef88f51,283511,2026-09-22T17:43:12+00:00
A.7,grafica_svg_editable,build/figures/A/figura_a_7.svg,b5ae03444e3795f6167959d4b51bb530298b7425e64ba118a39096a64f964708,20740,2026-09-22T17:43:12+00:00
A.7,metadatos,build/metadata/a_7.json,825ed22f34e681991e150c752ecf72291303b55539be172e15332348f62261d2,923,2026-09-22T17:43:12+00:00
A.8,dato_crudo,data/raw/inegi_enigh_2024/objects/7cbf18fee02c58849356e5495fb851ae4d0330743e34d26e35973f9ad5a1155d/enigh_2024_ns_csv.zip,7cbf18fee02c58849356e5495fb851ae4d0330743e34d26e35973f9ad5a1155d,103139139,2026-09-10T05:33:41+00:00
A.8,datos_usados,reportes/20260922T173925458200Z_corrida/datos_usados/a_8_datos_usados.csv,1ababb8e3e5094b5ad09020ca8f33adc92e24b6a43d2f062b3ce213ba499973f,441,2026-09-22T17:43:34+00:00
A.8,texto_generado,build/text/a_8.md,c9e9bf755859dc326b488265c89a2674f92fc1166003a76159c9c2451ede5675,234,2026-09-22T17:43:35+00:00
A.8,texto_copia_corrida,reportes/20260922T173925458200Z_corrida/textos/a_8_parrafo.md,c9e9bf755859dc326b488265c89a2674f92fc1166003a76159c9c2451ede5675,234,2026-09-22T17:43:35+00:00
A.8,grafica,build/figures/A/figura_a_8.png,74a808750889725551302664edbbdbb52f784048937f706506de2bdd32a114d5,218401,2026-09-22T17:43:35+00:00
A.8,grafica_jpg,build/figures/A/figura_a_8.jpg,94fe71f3a74eb85d01c178485b68c64e2501bb1b97c02234983ee33d78e71a3d,260330,2026-09-22T17:43:36+00:00
A.8,grafica_svg_editable,build/figures/A/figura_a_8.svg,b25ac8bfd5aba61ccbc304e9eb717937ef6296230026188e933fa2ec53eddb47,27846,2026-09-22T17:43:35+00:00
A.8,metadatos,build/metadata/a_8.json,85ef9e20842fd8c6a16c63c955c4282c8d2cd98b9a78d484573767753ec3a58a,952,2026-09-22T17:43:36+00:00
A.9,dato_crudo,data/raw/inegi_enigh_2024/objects/7cbf18fee02c58849356e5495fb851ae4d0330743e34d26e35973f9ad5a1155d/enigh_2024_ns_csv.zip,7cbf18fee02c58849356e5495fb851ae4d0330743e34d26e35973f9ad5a1155d,103139139,2026-09-10T05:33:41+00:00
A.9,datos_usados,reportes/20260922T173925458200Z_corrida/datos_usados/a_9_datos_usados.csv,01443fb4b97f6f9e8f7af752bfa87d4c9fa9bf46f32459e488ea73e74b2dcf2a,357,2026-09-22T17:43:58+00:00
A.9,texto_generado,build/text/a_9.md,0fffcfb5ab4429b7e45b714a28e1d10f027c614a71f5bb7fdc43fad48154fbd2,138,2026-09-22T17:43:58+00:00
A.9,texto_copia_corrida,reportes/20260922T173925458200Z_corrida/textos/a_9_parrafo.md,0fffcfb5ab4429b7e45b714a28e1d10f027c614a71f5bb7fdc43fad48154fbd2,138,2026-09-22T17:43:58+00:00
A.9,grafica,build/figures/A/figura_a_9.png,e9c295d6c07b3f768c80e1c5384573b4b9eed95d7a377757ff441ae1294e7602,154171,2026-09-22T17:43:59+00:00
A.9,grafica_jpg,build/figures/A/figura_a_9.jpg,31ee40c9835fe990ebf4d4f1b2bc7e1979c6a949b51faa1c31996b26b89857bc,288068,2026-09-22T17:43:59+00:00
A.9,grafica_svg_editable,build/figures/A/figura_a_9.svg,4a73339797d69dc0810a8ded707c6463aec865148e683a59871c06695e9469ec,20392,2026-09-22T17:43:59+00:00
A.9,metadatos,build/metadata/a_9.json,aef2cd5591dce5d1541873c9c5903c0ced770657260c2568369e0091d8c1260f,926,2026-09-22T17:43:59+00:00
A.10,dato_crudo,data/raw/inegi_enigh_2024/objects/7cbf18fee02c58849356e5495fb851ae4d0330743e34d26e35973f9ad5a1155d/enigh_2024_ns_csv.zip,7cbf18fee02c58849356e5495fb851ae4d0330743e34d26e35973f9ad5a1155d,103139139,2026-09-10T05:33:41+00:00
A.10,datos_usados,reportes/20260922T173925458200Z_corrida/datos_usados/a_10_datos_usados.csv,90d6ea6126f3273345a075ac5408bd6909cebf07337cf681f43e584beb6ef8e9,440,2026-09-22T17:44:21+00:00
A.10,texto_generado,build/text/a_10.md,7026aa2c99b0fe19a59caad3c234c8c04e54a6a83db838ec3bc31467ba92b09f,237,2026-09-22T17:44:21+00:00
A.10,texto_copia_corrida,reportes/20260922T173925458200Z_corrida/textos/a_10_parrafo.md,7026aa2c99b0fe19a59caad3c234c8c04e54a6a83db838ec3bc31467ba92b09f,237,2026-09-22T17:44:21+00:00
A.10,grafica,build/figures/A/figura_a_10.png,fee6e9fbb32de3eaa368f540596b3f787117f9a4cc53c347f80da2ce5183a20f,227426,2026-09-22T17:44:22+00:00
A.10,grafica_jpg,build/figures/A/figura_a_10.jpg,ae03ad455230abe53e0591f969692f2cfea40cbfddfd55b74a1bdd7ea600ad82,255250,2026-09-22T17:44:22+00:00
A.10,grafica_svg_editable,build/figures/A/figura_a_10.svg,8a8a7782ad72a39cd4904e6a4b63b9a18f02c046e081609222077de3e8440d4a,29140,2026-09-22T17:44:22+00:00
A.10,metadatos,build/metadata/a_10.json,57b58ae22e38d5002ae100dc3aa2670e78120289ad10b8afbe83b66f3746ac7c,962,2026-09-22T17:44:22+00:00
B.1,dato_crudo,data/raw/inegi_endutih_2025/objects/65d219261b3890ee12eaf95cdd1185f6b7d52eefd7e698ffd335b604364fd508/conjunto_de_datos_endutih_2025_csv.zip,65d219261b3890ee12eaf95cdd1185f6b7d52eefd7e698ffd335b604364fd508,8197337,2026-09-10T12:04:22+00:00
B.1,datos_usados,reportes/20260922T173925458200Z_corrida/datos_usados/b_1_datos_usados.csv,39eec44bcf50d134c4c1ea52562864984011fb0ffca31ae260f6fee84a00f9f5,761,2026-09-22T17:44:23+00:00
B.1,texto_generado,build/text/b_1.md,a0e6dfdedc3c7c651221b210c8d0c49e97c6f36ebfca669f3903ff3bac1a07d4,148,2026-09-22T17:44:23+00:00
B.1,texto_copia_corrida,reportes/20260922T173925458200Z_corrida/textos/b_1_parrafo.md,a0e6dfdedc3c7c651221b210c8d0c49e97c6f36ebfca669f3903ff3bac1a07d4,148,2026-09-22T17:44:23+00:00
B.1,grafica,build/figures/B/figura_b_1.png,3bd4338edee5561712b2c25cd06a26689b3b6a202a1b41e1ef8e5b5768cd0896,266928,2026-09-22T17:44:23+00:00
B.1,grafica_jpg,build/figures/B/figura_b_1.jpg,468cad1f27f35ace4b009ab3f692c1dc05a3135354e3683fa91e8f1bc0c5bdf8,281704,2026-09-22T17:44:24+00:00
B.1,grafica_svg_editable,build/figures/B/figura_b_1.svg,6714ef3b61fe1bbef6d0f3e8448438ac00807b5cb298442afa9967dc11f99bac,25072,2026-09-22T17:44:23+00:00
B.1,metadatos,build/metadata/b_1.json,3412689083f695347e3df5c2f7cd788d12c61afd376189f6340c6bad91742459,926,2026-09-22T17:44:24+00:00
B.2,dato_crudo,data/raw/inegi_endutih_2025/objects/65d219261b3890ee12eaf95cdd1185f6b7d52eefd7e698ffd335b604364fd508/conjunto_de_datos_endutih_2025_csv.zip,65d219261b3890ee12eaf95cdd1185f6b7d52eefd7e698ffd335b604364fd508,8197337,2026-09-10T12:04:22+00:00
B.2,datos_usados,reportes/20260922T173925458200Z_corrida/datos_usados/b_2_datos_usados.csv,40ac2e0dbcd328c148f281707acca58965c864d4e2d3d84bcdd13649a65bd635,676,2026-09-22T17:44:24+00:00
B.2,texto_generado,build/text/b_2.md,d6b9d3c998510f2732d0d21abac8b1f71118296ab728cc9a774434b16272c252,149,2026-09-22T17:44:24+00:00
B.2,texto_copia_corrida,reportes/20260922T173925458200Z_corrida/textos/b_2_parrafo.md,d6b9d3c998510f2732d0d21abac8b1f71118296ab728cc9a774434b16272c252,149,2026-09-22T17:44:24+00:00
B.2,grafica,build/figures/B/figura_b_2.png,9a7a5123db9e6ff35e78ac43d4f680799b3ac19cdb00a886aee1bb1a6015dd5f,238820,2026-09-22T17:44:25+00:00
B.2,grafica_jpg,build/figures/B/figura_b_2.jpg,4ced205bf16723d40dea6d01e52b8c580bc7826694996180ba6f6343a34ee53f,249368,2026-09-22T17:44:25+00:00
B.2,grafica_svg_editable,build/figures/B/figura_b_2.svg,3adda3d08a5cb571b890c8eec394184ba0f302a7b160947c004576c82273ede9,21118,2026-09-22T17:44:25+00:00
B.2,metadatos,build/metadata/b_2.json,15de3ee824ff2b328eaa692319bfb9f6ed03ced2f8b2dece5b11258bf5b476cd,930,2026-09-22T17:44:25+00:00
B.3,dato_crudo,data/raw/inegi_endutih_2025/objects/65d219261b3890ee12eaf95cdd1185f6b7d52eefd7e698ffd335b604364fd508/conjunto_de_datos_endutih_2025_csv.zip,65d219261b3890ee12eaf95cdd1185f6b7d52eefd7e698ffd335b604364fd508,8197337,2026-09-10T12:04:22+00:00
B.3,datos_usados,reportes/20260922T173925458200Z_corrida/datos_usados/b_3_datos_usados.csv,c2e24ca43cde5f817aa7100ddd20afed13049617b606e98b35b94515b67400ae,683,2026-09-22T17:44:26+00:00
B.3,texto_generado,build/text/b_3.md,6ce1228bd275ccda0b835abb30a97cffd0a9a0dede54df3bc6a7954c40c8e28b,153,2026-09-22T17:44:26+00:00
B.3,texto_copia_corrida,reportes/20260922T173925458200Z_corrida/textos/b_3_parrafo.md,6ce1228bd275ccda0b835abb30a97cffd0a9a0dede54df3bc6a7954c40c8e28b,153,2026-09-22T17:44:26+00:00
B.3,grafica,build/figures/B/figura_b_3.png,6e15d05d0ac24a79dea897e50572b51309c776afedfdc480225c8110c4674b2e,249965,2026-09-22T17:44:26+00:00
B.3,grafica_jpg,build/figures/B/figura_b_3.jpg,5daaada0280fcbab28d648d83d1d63188df716e128892b1c825b309de040241b,255101,2026-09-22T17:44:27+00:00
B.3,grafica_svg_editable,build/figures/B/figura_b_3.svg,dc0c3cc71de0c0a0756c8b474c4d32cfc1b25bc853ace93f6fbec0805828b91e,21080,2026-09-22T17:44:26+00:00
B.3,metadatos,build/metadata/b_3.json,ca9d6082f680a45f5fcb3e5caab0e44d1e37a0dfd4473507eb99884abd764037,930,2026-09-22T17:44:27+00:00
B.4,dato_crudo,data/raw/crt_bit_todo_2025_q2/objects/f75ce7de02249b11d35b/CRT_BIT_TODO.zip,f75ce7de02249b11d35bed3399f7f06558f9e7a18cc9b320180acbe96027d284,1188168847,2026-09-09T22:17:06+00:00
B.4,datos_usados,reportes/20260922T173925458200Z_corrida/datos_usados/b_4_datos_usados.csv,a5738bd65b0008cda335608c74fb765799e72f6cc526cf85eacdbe2af56e0ca8,444,2026-09-22T17:44:29+00:00
B.4,texto_generado,build/text/b_4.md,05e824be91e01b2265fd62b99de5b41ded06c38bca656ca68bae7d2c05d8cae1,123,2026-09-22T17:44:29+00:00
B.4,texto_copia_corrida,reportes/20260922T173925458200Z_corrida/textos/b_4_parrafo.md,05e824be91e01b2265fd62b99de5b41ded06c38bca656ca68bae7d2c05d8cae1,123,2026-09-22T17:44:29+00:00
B.4,grafica,build/figures/B/figura_b_4.png,b728ae86e447477bb19095669c8bf83f0e62e8b333fd3bd3510ef17d7c02ded6,154281,2026-09-22T17:44:29+00:00
B.4,grafica_jpg,build/figures/B/figura_b_4.jpg,a792c817e23c2e2bb25ec676c6292d95a15a708ae60e71f030d865c8d59b1b93,257479,2026-09-22T17:44:29+00:00
B.4,grafica_svg_editable,build/figures/B/figura_b_4.svg,5e9cf93dafda7c0b18913834df748b39c7c78b7475d6f7207a55823fa6847612,27896,2026-09-22T17:44:29+00:00
B.4,metadatos,build/metadata/b_4.json,090ba5d9676c0ac61e560c874119402fb714c909155e360b3fd9ee7083e647b4,914,2026-09-22T17:44:29+00:00
B.5,dato_crudo,data/raw/crt_bit_todo_2025_q2/objects/f75ce7de02249b11d35b/CRT_BIT_TODO.zip,f75ce7de02249b11d35bed3399f7f06558f9e7a18cc9b320180acbe96027d284,1188168847,2026-09-09T22:17:06+00:00
B.5,datos_usados,reportes/20260922T173925458200Z_corrida/datos_usados/b_5_datos_usados.csv,eb712354116bfbd0e1d855c8ddb4a87b93b29f6143f91d50086bba1bd9ae4d22,509,2026-09-22T17:44:31+00:00
B.5,texto_generado,build/text/b_5.md,6b9fa2f46a1cd51048da401b45b968f2c1611cb3e8f510726556549765882bc7,136,2026-09-22T17:44:31+00:00
B.5,texto_copia_corrida,reportes/20260922T173925458200Z_corrida/textos/b_5_parrafo.md,6b9fa2f46a1cd51048da401b45b968f2c1611cb3e8f510726556549765882bc7,136,2026-09-22T17:44:31+00:00
B.5,grafica,build/figures/B/figura_b_5.png,76a7dc9893d2b13a6b15b75fa8b9e0fac5eee2ac4d14138c6077d2a0ba1e98e5,210833,2026-09-22T17:44:31+00:00
B.5,grafica_jpg,build/figures/B/figura_b_5.jpg,89b11912f389ee62cf20846a4a8f0df81fa64e5344f443b01da4a67d9b55fc51,346308,2026-09-22T17:44:32+00:00
B.5,grafica_svg_editable,build/figures/B/figura_b_5.svg,89db6641fbbcfab705df9a96ea645823f345a10c283ddda88e6ec092d014cbca,62271,2026-09-22T17:44:31+00:00
B.5,metadatos,build/metadata/b_5.json,f77e74b783e040b44958f079b87c9245ef143f61212d000c15329da6872d70a4,930,2026-09-22T17:44:32+00:00
B.6,dato_crudo,data/raw/crt_bit_todo_2025_q2/objects/f75ce7de02249b11d35b/CRT_BIT_TODO.zip,f75ce7de02249b11d35bed3399f7f06558f9e7a18cc9b320180acbe96027d284,1188168847,2026-09-09T22:17:06+00:00
B.6,dato_crudo,data/raw/mexico_geojson_legacy/objects/7de22266d11293117321/mexicoHigh.json,7de22266d11293117321ea0aba07b610900e06626e1fffc74ffef96b751e33dc,184555,2026-08-31T22:21:20+00:00
B.6,datos_usados,reportes/20260922T173925458200Z_corrida/datos_usados/b_6_datos_usados.csv,9e5eff63d51145bbafee9584c79349dd7cda48190a3ba6ed877290f77c38563f,617,2026-09-22T17:44:33+00:00
B.6,texto_generado,build/text/b_6.md,0614909d6a6ac00c9edce6af35b35c35e4587d901e309413ccd4b3567b2999b5,171,2026-09-22T17:44:33+00:00
B.6,texto_copia_corrida,reportes/20260922T173925458200Z_corrida/textos/b_6_parrafo.md,0614909d6a6ac00c9edce6af35b35c35e4587d901e309413ccd4b3567b2999b5,171,2026-09-22T17:44:33+00:00
B.6,grafica,build/figures/B/figura_b_6.png,9cdcff214b044ceeef20e81bdd60aff8ac1820c0192a8f5ac38078905ce36954,299773,2026-09-22T17:44:34+00:00
B.6,grafica_jpg,build/figures/B/figura_b_6.jpg,b849832a6ef1a46a28fc6e6f53c18b90cad34def6deb2926d6025b6fb8f0c23c,254529,2026-09-22T17:44:34+00:00
B.6,grafica_svg_editable,build/figures/B/figura_b_6.svg,836efc12221676dc9667690634afa0013187b166d95003cd6cd969b8748a6e81,252323,2026-09-22T17:44:34+00:00
B.6,metadatos,build/metadata/b_6.json,a659fc48bd8270e1a6cf6c7d9944e301481ed91a79871ed13fe49ca1408c4942,964,2026-09-22T17:44:34+00:00
B.7,dato_crudo,data/raw/crt_bit_todo_2025_q2/objects/f75ce7de02249b11d35b/CRT_BIT_TODO.zip,f75ce7de02249b11d35bed3399f7f06558f9e7a18cc9b320180acbe96027d284,1188168847,2026-09-09T22:17:06+00:00
B.7,dato_crudo,data/raw/mexico_geojson_legacy/objects/7de22266d11293117321/mexicoHigh.json,7de22266d11293117321ea0aba07b610900e06626e1fffc74ffef96b751e33dc,184555,2026-08-31T22:21:20+00:00
B.7,datos_usados,reportes/20260922T173925458200Z_corrida/datos_usados/b_7_datos_usados.csv,9f53f8a45a92b9941ba784ec998c643887fe696a283d7d68ef9ac9a517ba98b9,630,2026-09-22T17:44:35+00:00
B.7,texto_generado,build/text/b_7.md,2658905d443d622147bf1011bc1a80aae901492102443f52c1ab973d6809a80e,188,2026-09-22T17:44:35+00:00
B.7,texto_copia_corrida,reportes/20260922T173925458200Z_corrida/textos/b_7_parrafo.md,2658905d443d622147bf1011bc1a80aae901492102443f52c1ab973d6809a80e,188,2026-09-22T17:44:35+00:00
B.7,grafica,build/figures/B/figura_b_7.png,1aa2ff3aa55d24dfe6a4592c0eb61f3a95e1fc2ce0a36d681a35db9456ab0435,303157,2026-09-22T17:44:36+00:00
B.7,grafica_jpg,build/figures/B/figura_b_7.jpg,55778422ca77f79df74f0f290e205a8f19cae650df380d10dbb1a81484a869bf,272709,2026-09-22T17:44:36+00:00
B.7,grafica_svg_editable,build/figures/B/figura_b_7.svg,8109b274b38fdd91b9ad9261c4c516fda3e5d58fa68cd1fe6061de1e021e7f3a,252497,2026-09-22T17:44:36+00:00
B.7,metadatos,build/metadata/b_7.json,c2202aaea1ec4d3277df207fd3cfb90e2f73c542039e2beb518e53e07a07dee3,981,2026-09-22T17:44:36+00:00
B.8,dato_crudo,data/raw/crt_bit_todo_2025_q2/objects/f75ce7de02249b11d35b/CRT_BIT_TODO.zip,f75ce7de02249b11d35bed3399f7f06558f9e7a18cc9b320180acbe96027d284,1188168847,2026-09-09T22:17:06+00:00
B.8,datos_usados,reportes/20260922T173925458200Z_corrida/datos_usados/b_8_datos_usados.csv,41999c1a102d2448c81cc3af181b0548f26e3599dcdb07077bb01bac495e217a,843,2026-09-22T17:44:38+00:00
B.8,texto_generado,build/text/b_8.md,ca89367d31a5d8e61240d16645940ceb2091cbb74ea2490d011bbae4e6954092,128,2026-09-22T17:44:38+00:00
B.8,texto_copia_corrida,reportes/20260922T173925458200Z_corrida/textos/b_8_parrafo.md,ca89367d31a5d8e61240d16645940ceb2091cbb74ea2490d011bbae4e6954092,128,2026-09-22T17:44:38+00:00
B.8,grafica,build/figures/B/figura_b_8.png,a646269c82760510b994c56ccd8294beb0ad622ac5d7022ecac0ddf969437ca8,156870,2026-09-22T17:44:38+00:00
B.8,grafica_jpg,build/figures/B/figura_b_8.jpg,f252bfcda02919a7f63fa10594b1de9c5d3d27d6a1d1977bee88056fe4df35c2,238881,2026-09-22T17:44:38+00:00
B.8,grafica_svg_editable,build/figures/B/figura_b_8.svg,f1710d5bd828588a418b296386103b7b6cab195a5ff072ab787b24bcbeaaaa52,23984,2026-09-22T17:44:38+00:00
B.8,metadatos,build/metadata/b_8.json,cb4d752dd247b6f213a39497797d222b9249a6f15af76ebfd007520b5e3507a5,924,2026-09-22T17:44:38+00:00
B.9,dato_crudo,data/raw/crt_bit_todo_2025_q2/objects/f75ce7de02249b11d35b/CRT_BIT_TODO.zip,f75ce7de02249b11d35bed3399f7f06558f9e7a18cc9b320180acbe96027d284,1188168847,2026-09-09T22:17:06+00:00
B.9,datos_usados,reportes/20260922T173925458200Z_corrida/datos_usados/b_9_datos_usados.csv,5c9947ab861f350c7d9c197c33b5f5983dbb60b523591536f5c7183d21d3cfa7,668,2026-09-22T17:44:40+00:00
B.9,texto_generado,build/text/b_9.md,c9603988d2b7b8bf8483d0c7cd32a4f224f38b880ad33c3f33cecbb49527dde0,148,2026-09-22T17:44:40+00:00
B.9,texto_copia_corrida,reportes/20260922T173925458200Z_corrida/textos/b_9_parrafo.md,c9603988d2b7b8bf8483d0c7cd32a4f224f38b880ad33c3f33cecbb49527dde0,148,2026-09-22T17:44:40+00:00
B.9,grafica,build/figures/B/figura_b_9.png,8ad72fdc67a4d2dc6cfd85cf6945dfdec9aae29267f236304c1247cf14c707f4,261971,2026-09-22T17:44:40+00:00
B.9,grafica_jpg,build/figures/B/figura_b_9.jpg,e3d7c65677d735b9afa3e3496c60d1f9c23d5119865242fe02b9ac147d1376dc,312400,2026-09-22T17:44:41+00:00
B.9,grafica_svg_editable,build/figures/B/figura_b_9.svg,904899f73c879eda49af3fcf77f62d0dfdf674e8255fcf244f95b16e4d68608d,98777,2026-09-22T17:44:41+00:00
B.9,metadatos,build/metadata/b_9.json,3d19ecff59f78680f73bddda90ff5c43ffa01681ddcb209b5f35441d84b22d09,929,2026-09-22T17:44:41+00:00
B.10,dato_crudo,data/raw/crt_bit_todo_2025_q2/objects/f75ce7de02249b11d35b/CRT_BIT_TODO.zip,f75ce7de02249b11d35bed3399f7f06558f9e7a18cc9b320180acbe96027d284,1188168847,2026-09-09T22:17:06+00:00
B.10,datos_usados,reportes/20260922T173925458200Z_corrida/datos_usados/b_10_datos_usados.csv,ee6e8f9707b4c3da18c1b1a25369d467cd4f7bd39d9e3de9448e0a8f4e192703,155,2026-09-22T17:44:42+00:00
B.10,texto_generado,build/text/b_10.md,cec5baecd7adcbbcbd11f622f3dafcc9e5b7fc4af0d18e8d158788f9721540c9,165,2026-09-22T17:44:42+00:00
B.10,texto_copia_corrida,reportes/20260922T173925458200Z_corrida/textos/b_10_parrafo.md,cec5baecd7adcbbcbd11f622f3dafcc9e5b7fc4af0d18e8d158788f9721540c9,165,2026-09-22T17:44:42+00:00
B.10,grafica,build/figures/B/figura_b_10.png,14ee573a5253564c98c12e695a5b1e6129a0175d3c359d55cd9282e72acf6d2d,112582,2026-09-22T17:44:43+00:00
B.10,grafica_jpg,build/figures/B/figura_b_10.jpg,abe02c04982357bfa281fb5f1efbf4095c1d3838a97f2d65a406ffaed41fbc1d,208759,2026-09-22T17:44:43+00:00
B.10,grafica_svg_editable,build/figures/B/figura_b_10.svg,11b9faec11f56c6db612c58abe4b84b22f76e95947cdab361d0ac703955a5a2c,12056,2026-09-22T17:44:43+00:00
B.10,metadatos,build/metadata/b_10.json,7d227d50466dda52084619432959b7ca851fe353c51697c4ec71126326040b9f,936,2026-09-22T17:44:43+00:00
B.11,dato_crudo,data/raw/crt_bit_todo_2025_q2/objects/f75ce7de02249b11d35b/CRT_BIT_TODO.zip,f75ce7de02249b11d35bed3399f7f06558f9e7a18cc9b320180acbe96027d284,1188168847,2026-09-09T22:17:06+00:00
B.11,datos_usados,reportes/20260922T173925458200Z_corrida/datos_usados/b_11_datos_usados.csv,39c5de1fc2dbb326168aafa036820c87bcf68149e3982862620553f287f1af0d,380,2026-09-22T17:44:44+00:00
B.11,texto_generado,build/text/b_11.md,ca51368c8937dce11838ad0be28c40859119c50b81ccdabfb59831652fbd12e4,122,2026-09-22T17:44:44+00:00
B.11,texto_copia_corrida,reportes/20260922T173925458200Z_corrida/textos/b_11_parrafo.md,ca51368c8937dce11838ad0be28c40859119c50b81ccdabfb59831652fbd12e4,122,2026-09-22T17:44:44+00:00
B.11,grafica,build/figures/B/figura_b_11.png,2c7361a802355b88c612cce17e152a88687c1520103d3e0b90d26cf86223b1d1,125841,2026-09-22T17:44:45+00:00
B.11,grafica_jpg,build/figures/B/figura_b_11.jpg,931e6382c4b6425286bfe08adaf07c1efa281b1495fd0f7bfc7d867a63f30ae3,212709,2026-09-22T17:44:45+00:00
B.11,grafica_svg_editable,build/figures/B/figura_b_11.svg,d1c47925c70137f6dd75493bbcf24750878d64ddc56be90b2108ac3833c00486,23449,2026-09-22T17:44:45+00:00
B.11,metadatos,build/metadata/b_11.json,6d8763b8747f71ecd6e6bd1c87ec18bb56f66f609aa9a2c3dc0415371f48af42,919,2026-09-22T17:44:45+00:00
B.12,dato_crudo,data/raw/crt_bit_todo_2025_q2/objects/f75ce7de02249b11d35b/CRT_BIT_TODO.zip,f75ce7de02249b11d35bed3399f7f06558f9e7a18cc9b320180acbe96027d284,1188168847,2026-09-09T22:17:06+00:00
B.12,datos_usados,reportes/20260922T173925458200Z_corrida/datos_usados/b_12_datos_usados.csv,e1f9fcd7c01ed6488ac931feb5bfca74f69e561f9d0bbd3309eb780ca6cb55a3,236,2026-09-22T17:44:46+00:00
B.12,texto_generado,build/text/b_12.md,a8f9ed9a512a7fe29563ecfa107dd573c87571e5e7f950e4c3d97148e4c01a6e,135,2026-09-22T17:44:46+00:00
B.12,texto_copia_corrida,reportes/20260922T173925458200Z_corrida/textos/b_12_parrafo.md,a8f9ed9a512a7fe29563ecfa107dd573c87571e5e7f950e4c3d97148e4c01a6e,135,2026-09-22T17:44:46+00:00
B.12,grafica,build/figures/B/figura_b_12.png,bb63c76067995cfbc65aea5bc7af514b678ac5fce0f8f2fe98d7ae64a98cfb8c,129702,2026-09-22T17:44:47+00:00
B.12,grafica_jpg,build/figures/B/figura_b_12.jpg,e5bb612a0623404f16278f57ec6eebbd8bf0b6b986fc079d218b1de28d392fb6,220601,2026-09-22T17:44:47+00:00
B.12,grafica_svg_editable,build/figures/B/figura_b_12.svg,0bb17571d02fdf35166b811d49490d0f0eda84181fa8ac8298ae7a84d5b7e95a,23908,2026-09-22T17:44:47+00:00
B.12,metadatos,build/metadata/b_12.json,d845e2b56b4c7a2612549781e51085b5f923f883fac293d1a43d89096353703c,934,2026-09-22T17:44:47+00:00
B.13,dato_crudo,data/raw/crt_bit_todo_2025_q2/objects/f75ce7de02249b11d35b/CRT_BIT_TODO.zip,f75ce7de02249b11d35bed3399f7f06558f9e7a18cc9b320180acbe96027d284,1188168847,2026-09-09T22:17:06+00:00
B.13,dato_crudo,data/raw/inegi_endutih_2025/objects/65d219261b3890ee12eaf95cdd1185f6b7d52eefd7e698ffd335b604364fd508/conjunto_de_datos_endutih_2025_csv.zip,65d219261b3890ee12eaf95cdd1185f6b7d52eefd7e698ffd335b604364fd508,8197337,2026-09-10T12:04:22+00:00
B.13,dato_crudo,data/raw/mexico_geojson_legacy/objects/7de22266d11293117321/mexicoHigh.json,7de22266d11293117321ea0aba07b610900e06626e1fffc74ffef96b751e33dc,184555,2026-08-31T22:21:20+00:00
B.13,datos_usados,reportes/20260922T173925458200Z_corrida/datos_usados/b_13_datos_usados.csv,502ba1a4ecdff3e5c9b64f230af39048311ad7e9aae597b0d6104f6b0322c371,1659,2026-09-22T17:44:50+00:00
B.13,texto_generado,build/text/b_13.md,41793c0192864d0b928be6b44d501205572a34c71fa28b87658433253440efc5,179,2026-09-22T17:44:50+00:00
B.13,texto_copia_corrida,reportes/20260922T173925458200Z_corrida/textos/b_13_parrafo.md,41793c0192864d0b928be6b44d501205572a34c71fa28b87658433253440efc5,179,2026-09-22T17:44:50+00:00
B.13,grafica,build/figures/B/figura_b_13.png,7310c4897fcaafa10fe536cd10f2690599dcf453f05a6d21de2d6748498c9a2e,292661,2026-09-22T17:44:50+00:00
B.13,grafica_jpg,build/figures/B/figura_b_13.jpg,7fcc294d14662f675ad9e95bb32fc5829c545b44a8841c43cf2e6c3e1185c20e,252031,2026-09-22T17:44:50+00:00
B.13,grafica_svg_editable,build/figures/B/figura_b_13.svg,d64de75e94afeabe8e31e62e1d0d1b16a0a5df5732aecb50cd12eb0a94948a33,252167,2026-09-22T17:44:50+00:00
B.13,metadatos,build/metadata/b_13.json,1a46e70ec398545821c872ed473a86719ab7edcbb169fa6fb12d50d038bd58fa,972,2026-09-22T17:44:50+00:00
B.14,dato_crudo,data/raw/crt_bit_todo_2025_q2/objects/f75ce7de02249b11d35b/CRT_BIT_TODO.zip,f75ce7de02249b11d35bed3399f7f06558f9e7a18cc9b320180acbe96027d284,1188168847,2026-09-09T22:17:06+00:00
B.14,dato_crudo,data/raw/inegi_denue_2023_state_counts/denue_2023.csv,2ab9ec7b8e668ffb25466e32fe6008bf1304ab78251f91efd01fcc8b3ca93acc,604,2026-09-10T22:59:28+00:00
B.14,dato_crudo,data/raw/mexico_geojson_legacy/objects/7de22266d11293117321/mexicoHigh.json,7de22266d11293117321ea0aba07b610900e06626e1fffc74ffef96b751e33dc,184555,2026-08-31T22:21:20+00:00
B.14,datos_usados,reportes/20260922T173925458200Z_corrida/datos_usados/b_14_datos_usados.csv,78818c493eb15be853cefedd8706ad579eca05d03696be715a163d05718d10c7,1979,2026-09-22T17:44:52+00:00
B.14,texto_generado,build/text/b_14.md,bffc324eccd1794ee3a59367797bcf10af41803998c33c826f06e7ad6094036d,186,2026-09-22T17:44:52+00:00
B.14,texto_copia_corrida,reportes/20260922T173925458200Z_corrida/textos/b_14_parrafo.md,bffc324eccd1794ee3a59367797bcf10af41803998c33c826f06e7ad6094036d,186,2026-09-22T17:44:52+00:00
B.14,grafica,build/figures/B/figura_b_14.png,c3b04b3b6f28ddf0010acc9672a5bd3615be6d6e796241a6da4ffe18001a4fce,287644,2026-09-22T17:44:53+00:00
B.14,grafica_jpg,build/figures/B/figura_b_14.jpg,bdc2ea51bb1b3639db3ae19a9245df628515e076495039b24e8db7e3c5111614,252386,2026-09-22T17:44:53+00:00
B.14,grafica_svg_editable,build/figures/B/figura_b_14.svg,4f81cd8fc1ae486f21c1bc91b7e9db8f9889871e5a5c8cab2df02434a7bd7c6c,252232,2026-09-22T17:44:53+00:00
B.14,metadatos,build/metadata/b_14.json,bf4e7eb41994ce33246bf957346a199374e7226f6fad975b19680420cfb283ee,988,2026-09-22T17:44:53+00:00
B.15,dato_crudo,data/raw/crt_bit_todo_2025_q2/objects/f75ce7de02249b11d35b/CRT_BIT_TODO.zip,f75ce7de02249b11d35bed3399f7f06558f9e7a18cc9b320180acbe96027d284,1188168847,2026-09-09T22:17:06+00:00
B.15,datos_usados,reportes/20260922T173925458200Z_corrida/datos_usados/b_15_datos_usados.csv,375e427aa2aa892ccd2fd3458774ceaab4d7a902fc48c9e7ec1355d097ab7a4e,1263,2026-09-22T17:44:55+00:00
B.15,texto_generado,build/text/b_15.md,66674e8672e1e5bc3624c82601f29dbf007778a07af8123da93f3d22d669f634,167,2026-09-22T17:44:55+00:00
B.15,texto_copia_corrida,reportes/20260922T173925458200Z_corrida/textos/b_15_parrafo.md,66674e8672e1e5bc3624c82601f29dbf007778a07af8123da93f3d22d669f634,167,2026-09-22T17:44:55+00:00
B.15,grafica,build/figures/B/figura_b_15.png,e5a5d5019d0c751e9b6f343995cb97cc7b567498c3852424f38d9de3201ad810,225226,2026-09-22T17:44:56+00:00
B.15,grafica_jpg,build/figures/B/figura_b_15.jpg,3354401c8c797092c3f71c45c4050d3062badd08b529f68a49b75b2d580e2f2a,292900,2026-09-22T17:44:56+00:00
B.15,grafica_svg_editable,build/figures/B/figura_b_15.svg,9ee0039d9ec056bfcfc0293904c95b3b592b705a235eb1ecdf745d157a190b4c,70702,2026-09-22T17:44:56+00:00
B.15,metadatos,build/metadata/b_15.json,e53052e56f64dc20dbe116bfb82dece382a3a43880df2cb4489599c117300b1a,961,2026-09-22T17:44:56+00:00
B.16,dato_crudo,data/raw/crt_bit_todo_2025_q2/objects/f75ce7de02249b11d35b/CRT_BIT_TODO.zip,f75ce7de02249b11d35bed3399f7f06558f9e7a18cc9b320180acbe96027d284,1188168847,2026-09-09T22:17:06+00:00
B.16,datos_usados,reportes/20260922T173925458200Z_corrida/datos_usados/b_16_datos_usados.csv,3c8739f78108442037ceba3087cf599461b43a8a5ee50eb7b6d0e0165005724a,772,2026-09-22T17:44:58+00:00
B.16,texto_generado,build/text/b_16.md,129fb88e47fb0c1e1b2f866d2e15e9ad798f1c438f289d2182fc1a7a4a22a323,186,2026-09-22T17:44:58+00:00
B.16,texto_copia_corrida,reportes/20260922T173925458200Z_corrida/textos/b_16_parrafo.md,129fb88e47fb0c1e1b2f866d2e15e9ad798f1c438f289d2182fc1a7a4a22a323,186,2026-09-22T17:44:58+00:00
B.16,grafica,build/figures/B/figura_b_16.png,9b65241eeb9ea6ced592b5dda28ad2b186ec5b7d4b50b69256952e274d8e459d,250021,2026-09-22T17:44:59+00:00
B.16,grafica_jpg,build/figures/B/figura_b_16.jpg,d4c93e962c1b6540b591c9ed8bce89ba93bfddccd1956605b943c361b2faca2f,313272,2026-09-22T17:45:00+00:00
B.16,grafica_svg_editable,build/figures/B/figura_b_16.svg,cf53d82ca090964973e07f96bbca008e597ff889bf3a9784bbdf0063c7442bc7,32235,2026-09-22T17:44:59+00:00
B.16,metadatos,build/metadata/b_16.json,8bb4c055fa6d80ca20eba58cc2a75e96829ca3c7bf5ec51550be2346d8bdd58b,962,2026-09-22T17:45:00+00:00
B.17,dato_crudo,data/raw/crt_bit_todo_2025_q2/objects/f75ce7de02249b11d35b/CRT_BIT_TODO.zip,f75ce7de02249b11d35bed3399f7f06558f9e7a18cc9b320180acbe96027d284,1188168847,2026-09-09T22:17:06+00:00
B.17,datos_usados,reportes/20260922T173925458200Z_corrida/datos_usados/b_17_datos_usados.csv,98289230ad0fc4cd60ee2f7fade6497172a5931afbfd4af10b14e6a91d440c5f,717,2026-09-22T17:45:01+00:00
B.17,texto_generado,build/text/b_17.md,b97c166f3fafe65d4343acd3f8b80dc9a5fa70041e14c174c4a25995c320f773,147,2026-09-22T17:45:01+00:00
B.17,texto_copia_corrida,reportes/20260922T173925458200Z_corrida/textos/b_17_parrafo.md,b97c166f3fafe65d4343acd3f8b80dc9a5fa70041e14c174c4a25995c320f773,147,2026-09-22T17:45:01+00:00
B.17,grafica,build/figures/B/figura_b_17.png,ffc6dd05284926878c61b7c62564aa2acc2444ee43f8d390f291ca6e9c1bff5d,273090,2026-09-22T17:45:02+00:00
B.17,grafica_jpg,build/figures/B/figura_b_17.jpg,3accd3d3d20682d11488d30464833d1cc01f7c84c045f7afbafb449f2042658a,335824,2026-09-22T17:45:03+00:00
B.17,grafica_svg_editable,build/figures/B/figura_b_17.svg,ea0bef33be894d7c302cbc342e1fa7558070b07c60a1d5bff92c42701ec5ef47,105296,2026-09-22T17:45:02+00:00
B.17,metadatos,build/metadata/b_17.json,ddc6e33bb099322e9dcc9cd822acb5640cd461e3a83741dbbce368113a0f029f,935,2026-09-22T17:45:03+00:00
B.18,dato_crudo,data/raw/crt_bit_todo_2025_q2/objects/f75ce7de02249b11d35b/CRT_BIT_TODO.zip,f75ce7de02249b11d35bed3399f7f06558f9e7a18cc9b320180acbe96027d284,1188168847,2026-09-09T22:17:06+00:00
B.18,datos_usados,reportes/20260922T173925458200Z_corrida/datos_usados/b_18_datos_usados.csv,b73624ea7ad8c1597d127a55c1a39eca3f573bfd7ab0ec42f5f199e0761187f1,151,2026-09-22T17:45:04+00:00
B.18,texto_generado,build/text/b_18.md,89f52ccd696d990f69aa6d7fb3f79f871a3e76c56e3b3fee6b74bb674894d7b4,163,2026-09-22T17:45:04+00:00
B.18,texto_copia_corrida,reportes/20260922T173925458200Z_corrida/textos/b_18_parrafo.md,89f52ccd696d990f69aa6d7fb3f79f871a3e76c56e3b3fee6b74bb674894d7b4,163,2026-09-22T17:45:04+00:00
B.18,grafica,build/figures/B/figura_b_18.png,e62e592dd73ea92435626cf04e74ba009ec78d6c01ddc3d8f1e8ed622c131312,112442,2026-09-22T17:45:04+00:00
B.18,grafica_jpg,build/figures/B/figura_b_18.jpg,a4729166666f7e586c796ef40f39f32da2a13aaf70725de7e0fa3c8b699add37,207373,2026-09-22T17:45:04+00:00
B.18,grafica_svg_editable,build/figures/B/figura_b_18.svg,149b518d3e294bfaedac19551082fc766839341554b60a7add013839acdcd497,12058,2026-09-22T17:45:04+00:00
B.18,metadatos,build/metadata/b_18.json,e776927c13529073b39572d2fd3d89c5562e4d3c09b53ebf39860a30fa40b36c,934,2026-09-22T17:45:05+00:00
B.19,dato_crudo,data/raw/crt_bit_todo_2025_q2/objects/f75ce7de02249b11d35b/CRT_BIT_TODO.zip,f75ce7de02249b11d35bed3399f7f06558f9e7a18cc9b320180acbe96027d284,1188168847,2026-09-09T22:17:06+00:00
B.19,datos_usados,reportes/20260922T173925458200Z_corrida/datos_usados/b_19_datos_usados.csv,eb798e219e9f59ef4797412f0d2567c2cf5d7a24e4272de2cbd4d8b665d2e92a,466,2026-09-22T17:45:06+00:00
B.19,texto_generado,build/text/b_19.md,e0888468f170f716860eea669c2d9722b90836e6ec0f501dcfb40ce2be3944d7,132,2026-09-22T17:45:06+00:00
B.19,texto_copia_corrida,reportes/20260922T173925458200Z_corrida/textos/b_19_parrafo.md,e0888468f170f716860eea669c2d9722b90836e6ec0f501dcfb40ce2be3944d7,132,2026-09-22T17:45:06+00:00
B.19,grafica,build/figures/B/figura_b_19.png,e02c5a9045a36d80d0c012093bc81171c93658e782797a4594e4489c73b1c2b8,144483,2026-09-22T17:45:06+00:00
B.19,grafica_jpg,build/figures/B/figura_b_19.jpg,b82c466c02f121c31211f7bb334402234cd75338c06a0060634f071c829146c7,214561,2026-09-22T17:45:07+00:00
B.19,grafica_svg_editable,build/figures/B/figura_b_19.svg,9c8d7821c1d5ff7296e91a42a3dfcc004bf466d7f95e31342626ea8d36a35a2b,25834,2026-09-22T17:45:06+00:00
B.19,metadatos,build/metadata/b_19.json,3e97ef220ed0a844a3a8b3c587cc3cf6e9d49a7dc4dbabcea32c5f85dda73f07,929,2026-09-22T17:45:07+00:00
B.20,dato_crudo,data/raw/crt_bit_todo_2025_q2/objects/f75ce7de02249b11d35b/CRT_BIT_TODO.zip,f75ce7de02249b11d35bed3399f7f06558f9e7a18cc9b320180acbe96027d284,1188168847,2026-09-09T22:17:06+00:00
B.20,datos_usados,reportes/20260922T173925458200Z_corrida/datos_usados/b_20_datos_usados.csv,aa4afae0a1d58446efe7b92f82f31722690c75eeb718aa4f92be9a22bdb12c7a,264,2026-09-22T17:45:08+00:00
B.20,texto_generado,build/text/b_20.md,cfb875b3c246b7e76919df56ed39bd23d1e684ead0bd9d24150d7721ff8eae6e,145,2026-09-22T17:45:08+00:00
B.20,texto_copia_corrida,reportes/20260922T173925458200Z_corrida/textos/b_20_parrafo.md,cfb875b3c246b7e76919df56ed39bd23d1e684ead0bd9d24150d7721ff8eae6e,145,2026-09-22T17:45:08+00:00
B.20,grafica,build/figures/B/figura_b_20.png,7b07625c663d75185f22b69b067b3bfe00df8205519aab1dc26636a03f15470a,159603,2026-09-22T17:45:08+00:00
B.20,grafica_jpg,build/figures/B/figura_b_20.jpg,0813a40d5f5f63cf0ea6e3f016cb431ea8e0583551593632dfd142c383960bfe,238750,2026-09-22T17:45:09+00:00
B.20,grafica_svg_editable,build/figures/B/figura_b_20.svg,7fd39486052be098157cc0609e7d040feef81297f05ce344e36524c152a57e7e,37940,2026-09-22T17:45:08+00:00
B.20,metadatos,build/metadata/b_20.json,2fe374d9013fc73c72705110a99aa4225db7fdb6ead2144b00dc66880d8af587,944,2026-09-22T17:45:09+00:00
B.21,dato_crudo,data/raw/crt_bit_todo_2025_q2/objects/f75ce7de02249b11d35b/CRT_BIT_TODO.zip,f75ce7de02249b11d35bed3399f7f06558f9e7a18cc9b320180acbe96027d284,1188168847,2026-09-09T22:17:06+00:00
B.21,dato_crudo,data/raw/inegi_endutih_2025/objects/65d219261b3890ee12eaf95cdd1185f6b7d52eefd7e698ffd335b604364fd508/conjunto_de_datos_endutih_2025_csv.zip,65d219261b3890ee12eaf95cdd1185f6b7d52eefd7e698ffd335b604364fd508,8197337,2026-09-10T12:04:22+00:00
B.21,dato_crudo,data/raw/mexico_geojson_legacy/objects/7de22266d11293117321/mexicoHigh.json,7de22266d11293117321ea0aba07b610900e06626e1fffc74ffef96b751e33dc,184555,2026-08-31T22:21:20+00:00
B.21,datos_usados,reportes/20260922T173925458200Z_corrida/datos_usados/b_21_datos_usados.csv,380f0250380310227e90112ee047028e0a2b983069e86c0f01f362638a0c2e20,2243,2026-09-22T17:45:12+00:00
B.21,texto_generado,build/text/b_21.md,0e40084b876012d34ccacf7830cd601792c16533482d7507d297afb0bd72d36f,395,2026-09-22T17:45:12+00:00
B.21,texto_copia_corrida,reportes/20260922T173925458200Z_corrida/textos/b_21_parrafo.md,0e40084b876012d34ccacf7830cd601792c16533482d7507d297afb0bd72d36f,395,2026-09-22T17:45:12+00:00
B.21,grafica,build/figures/B/figura_b_21.png,52f933396a31c795c9c648989b4eb1300bcc9e23a8ac020d3dceb3d9c7eb96c0,284714,2026-09-22T17:45:12+00:00
B.21,grafica_jpg,build/figures/B/figura_b_21.jpg,0b17455a13e1e8f3e43ab2c07e12c0a6d6943426037642bd7747f63697649552,245940,2026-09-22T17:45:12+00:00
B.21,grafica_svg_editable,build/figures/B/figura_b_21.svg,e68a85bde899c63fbc23d800be57da6a4dc36176c560012f6fe6c0abb329f4ca,252632,2026-09-22T17:45:12+00:00
B.21,metadatos,build/metadata/b_21.json,772d7e7459b20124a33a8e865f1ba1880f8d594a2eae2b40e9c7d6245a4cca59,970,2026-09-22T17:45:12+00:00
B.22,dato_crudo,data/raw/crt_bit_todo_2025_q2/objects/f75ce7de02249b11d35b/CRT_BIT_TODO.zip,f75ce7de02249b11d35bed3399f7f06558f9e7a18cc9b320180acbe96027d284,1188168847,2026-09-09T22:17:06+00:00
B.22,dato_crudo,data/raw/inegi_denue_2026_05/05_2026/denue_00_11_csv.zip,28dcadcad30b377b4de2033b4aa557736529b478ab09e70165edb8763c8d6f34,1727378,2026-09-11T17:48:07+00:00
B.22,dato_crudo,data/raw/inegi_denue_2026_05/05_2026/denue_00_21_csv.zip,92769cb9f5aafcb4e11afe7c7224e3dde3a2c97c5585d4e6f13fc563c4c403f7,310010,2026-09-11T17:48:08+00:00
B.22,dato_crudo,data/raw/inegi_denue_2026_05/05_2026/denue_00_22_csv.zip,2f36bc617303b7eaa3fff11648f38a228bd4ad59a418eab9d616f62ebdd8a949,1178241,2026-09-11T17:48:09+00:00
B.22,dato_crudo,data/raw/inegi_denue_2026_05/05_2026/denue_00_23_csv.zip,8f93eb74daf8b832eb50d722fd2d5e33a53b9753bf8f51629f7007edacc348d3,2716967,2026-09-11T17:48:11+00:00
B.22,dato_crudo,data/raw/inegi_denue_2026_05/05_2026/denue_00_31-33_csv.zip,5ec504d9c761778e94a8cdb4401b9f4f91ef478ee656086c7ac2973ca37890cd,57607659,2026-09-11T17:49:53+00:00
B.22,dato_crudo,data/raw/inegi_denue_2026_05/05_2026/denue_00_43_csv.zip,0b57798429caccdce1e4c37f3242dd5f5b0ea33f4478a49a4051617fca4b0f55,18345491,2026-09-11T17:50:41+00:00
B.22,dato_crudo,data/raw/inegi_denue_2026_05/05_2026/denue_00_46111_csv.zip,3e2b9a82555fcffd3f733b54beaf98a111f993e3475e7839f731ab794a18cb03,59835497,2026-09-11T17:53:23+00:00
B.22,dato_crudo,data/raw/inegi_denue_2026_05/05_2026/denue_00_46112-46311_csv.zip,8f1375af5fe6d30bd0497a1896c46a5a300c81fe607e87034d45e4e43cadd7a4,53077017,2026-09-11T17:54:31+00:00
B.22,dato_crudo,data/raw/inegi_denue_2026_05/05_2026/denue_00_46321-46531_csv.zip,2f19e3e65ce370d9b4f638c20333ad319035b5136c5007d9d49104ef89a4db60,58209695,2026-09-11T17:56:15+00:00
B.22,dato_crudo,data/raw/inegi_denue_2026_05/05_2026/denue_00_46591-46911_csv.zip,dd37519ac10f46af6eda734a9b1ff4e0b5b9be7ecc8a00fc7e4d130f6b8b1fc7,60209960,2026-09-11T17:58:07+00:00
B.22,dato_crudo,data/raw/inegi_denue_2026_05/05_2026/denue_00_48-49_csv.zip,5dd2f6fd55a36cd44dd24b98b6e3c56c150540aed2845897932839c559c30edd,4910330,2026-09-11T17:58:12+00:00
B.22,dato_crudo,data/raw/inegi_denue_2026_05/05_2026/denue_00_51_csv.zip,3ff73da9f2136713669f3fe24df259b8bbc67f478c1b80cd427016aa1169d04a,2246906,2026-09-11T17:58:14+00:00
B.22,dato_crudo,data/raw/inegi_denue_2026_05/05_2026/denue_00_52_csv.zip,86012151652274f6aa0212c3211b8fb24717cac37882557ac85a287ba32bb774,4858222,2026-09-11T17:58:20+00:00
B.22,dato_crudo,data/raw/inegi_denue_2026_05/05_2026/denue_00_53_csv.zip,be00934435c3eb640362949f034a4535e520fd82b560914ce216025e326cce09,8258667,2026-09-11T17:58:28+00:00
B.22,dato_crudo,data/raw/inegi_denue_2026_05/05_2026/denue_00_54_csv.zip,bd4eb1dee2e36efa5a095e3e26eda90a4b484e9f221f226f1f6b7346f7b38bd3,11265411,2026-09-11T17:58:40+00:00
B.22,dato_crudo,data/raw/inegi_denue_2026_05/05_2026/denue_00_55_csv.zip,75c0036a724904e673b6661f99a3b1c1618cd17f0582a1c2bece9b538b622a04,58074,2026-09-11T17:58:40+00:00
B.22,dato_crudo,data/raw/inegi_denue_2026_05/05_2026/denue_00_56_csv.zip,37e296986db4f862090d009945b9959a98870a31ec670bf3dd39b2ffc4432403,6039386,2026-09-11T17:58:49+00:00
B.22,dato_crudo,data/raw/inegi_denue_2026_05/05_2026/denue_00_61_csv.zip,2a55d9158929affb24975318f2534a6a257e1a4ee3fcfa90c9ce4ace2e00e5ca,15571907,2026-09-11T17:58:59+00:00
B.22,dato_crudo,data/raw/inegi_denue_2026_05/05_2026/denue_00_62_csv.zip,c02d7ad5e2338af4eb3a3a7ac066b73d4e84f8846287d605543f769ac53524f4,26906887,2026-09-11T17:59:29+00:00
B.22,dato_crudo,data/raw/inegi_denue_2026_05/05_2026/denue_00_71_csv.zip,b251bcf0adb8f645870298c29e51e1ab2fb465e13630b00c50d933a681e71288,6743965,2026-09-11T17:59:38+00:00
B.22,dato_crudo,data/raw/inegi_denue_2026_05/05_2026/denue_00_72_1_csv.zip,909dd5c7d4447f2905c890ec1336f65e10ad5ca47467d89276236b48c8701b49,49342606,2026-09-11T18:00:21+00:00
B.22,dato_crudo,data/raw/inegi_denue_2026_05/05_2026/denue_00_72_2_csv.zip,cf12fc06171e06726427db15fd9e29fa0cfb44b9b984edf48fb382a69fcce441,26143420,2026-09-11T18:01:06+00:00
B.22,dato_crudo,data/raw/inegi_denue_2026_05/05_2026/denue_00_81_1_csv.zip,eb3a50e1b7f47f819c9e2ed9e04257b05041aeb70619a9648d0cb4de5414468f,50180217,2026-09-11T18:02:23+00:00
B.22,dato_crudo,data/raw/inegi_denue_2026_05/05_2026/denue_00_81_2_csv.zip,0e6d1b10b0ceb0ef43740967229bf21fc1953119e9300dedbbef350b13eb7b02,39382296,2026-09-11T18:03:25+00:00
B.22,dato_crudo,data/raw/inegi_denue_2026_05/05_2026/denue_00_93_csv.zip,b4cc4c83941073710cf1c406505cdf668d2fc40eb3a212955266d13ff2e0d319,6765070,2026-09-11T18:03:32+00:00
B.22,dato_crudo,data/raw/mexico_geojson_legacy/objects/7de22266d11293117321/mexicoHigh.json,7de22266d11293117321ea0aba07b610900e06626e1fffc74ffef96b751e33dc,184555,2026-08-31T22:21:20+00:00
B.22,datos_usados,reportes/20260922T173925458200Z_corrida/datos_usados/b_22_datos_usados.csv,928c9e1772254c21c48761598e549826930169b0af9aa8d133820d7467879942,1982,2026-09-22T17:46:01+00:00
B.22,texto_generado,build/text/b_22.md,a85a3bcaa900d1de6f6dbec595311658579f55b89d2546697d07668980170f79,431,2026-09-22T17:46:02+00:00
B.22,texto_copia_corrida,reportes/20260922T173925458200Z_corrida/textos/b_22_parrafo.md,a85a3bcaa900d1de6f6dbec595311658579f55b89d2546697d07668980170f79,431,2026-09-22T17:46:02+00:00
B.22,grafica,build/figures/B/figura_b_22.png,0a956e333385986740b58be3f111416c082aa647cfde252eb48478075e8aa77e,306860,2026-09-22T17:46:02+00:00
B.22,grafica_jpg,build/figures/B/figura_b_22.jpg,bf08a77fb5c64c450d5792e192cb4d731879a6eb7b03e104787524f4cedb6fd3,278294,2026-09-22T17:46:02+00:00
B.22,grafica_svg_editable,build/figures/B/figura_b_22.svg,ac0ccb090b2d5c2c5fdbc1c7660f6332c16bc52e2c7c4a56afa4fcc03da2edf9,252676,2026-09-22T17:46:02+00:00
B.22,metadatos,build/metadata/b_22.json,1ac875909e23fce858ab56bb9e975d9e722b1c8ca4a52007a165b548cf60ac85,1049,2026-09-22T17:46:02+00:00
B.23,dato_crudo,data/raw/crt_bit_todo_2025_q2/objects/f75ce7de02249b11d35b/CRT_BIT_TODO.zip,f75ce7de02249b11d35bed3399f7f06558f9e7a18cc9b320180acbe96027d284,1188168847,2026-09-09T22:17:06+00:00
B.23,datos_usados,reportes/20260922T173925458200Z_corrida/datos_usados/b_23_datos_usados.csv,f66cfc65b4975701add43bdf516d1f5da051fb7d253dfa7a0d524343b4a62ba7,805,2026-09-22T17:46:10+00:00
B.23,texto_generado,build/text/b_23.md,6226a1cb4c71273fbe4f934bcaa0e3f982be83fa3b35a94f24722b1b710427ab,257,2026-09-22T17:46:10+00:00
B.23,texto_copia_corrida,reportes/20260922T173925458200Z_corrida/textos/b_23_parrafo.md,6226a1cb4c71273fbe4f934bcaa0e3f982be83fa3b35a94f24722b1b710427ab,257,2026-09-22T17:46:10+00:00
B.23,grafica,build/figures/B/figura_b_23.png,34429e7930b867bf46c67dad5a5c4bf6b6f0bf02bcaf71a944a43c7c9ae4c5db,220061,2026-09-22T17:46:10+00:00
B.23,grafica_jpg,build/figures/B/figura_b_23.jpg,bccb3fa6b46e6ff44a61cf54dbd1490e7222e5ed13d09ecbedd039bfe0601bd8,269794,2026-09-22T17:46:11+00:00
B.23,grafica_svg_editable,build/figures/B/figura_b_23.svg,e4dd4d304f7c685c263e36e70d7d38db1d9938552d02ca9a4ea9327f31f2789e,19090,2026-09-22T17:46:10+00:00
B.23,metadatos,build/metadata/b_23.json,e3cd9a3f954f879217280d8c7ca666c274a59f63ae147694656b423c39469048,926,2026-09-22T17:46:11+00:00
B.24,dato_crudo,data/raw/crt_bit_todo_2025_q2/objects/f75ce7de02249b11d35b/CRT_BIT_TODO.zip,f75ce7de02249b11d35bed3399f7f06558f9e7a18cc9b320180acbe96027d284,1188168847,2026-09-09T22:17:06+00:00
B.24,datos_usados,reportes/20260922T173925458200Z_corrida/datos_usados/b_24_datos_usados.csv,3c9d22b3e766b088120ac7f0d84aad773a860aff6ec36399f7b2169d20b167d9,493,2026-09-22T17:46:12+00:00
B.24,texto_generado,build/text/b_24.md,2e6b2594d077d7dad8eac0d76ce737e1204df6bf9e7d74a80416c24b7d52391f,133,2026-09-22T17:46:12+00:00
B.24,texto_copia_corrida,reportes/20260922T173925458200Z_corrida/textos/b_24_parrafo.md,2e6b2594d077d7dad8eac0d76ce737e1204df6bf9e7d74a80416c24b7d52391f,133,2026-09-22T17:46:12+00:00
B.24,grafica,build/figures/B/figura_b_24.png,75c48fc10e8e2dce12e84940b6402c0686ef03cecd23b616720d3b9cefea0446,229173,2026-09-22T17:46:13+00:00
B.24,grafica_jpg,build/figures/B/figura_b_24.jpg,5bb3f16e1a23a3e597566c849db5269188a589ff6cae095ab463788c4f2b1418,292286,2026-09-22T17:46:13+00:00
B.24,grafica_svg_editable,build/figures/B/figura_b_24.svg,ef7c545233a267108d010e918cc30efc18b0ae4b93ccf20a5d5991fc5c0f3783,78280,2026-09-22T17:46:13+00:00
B.24,metadatos,build/metadata/b_24.json,5e4e735365be8731eb493e9941d39cc7fda5fb24ebd51abf2b4cc22966807c05,915,2026-09-22T17:46:14+00:00
B.25,dato_crudo,data/raw/crt_bit_todo_2025_q2/objects/f75ce7de02249b11d35b/CRT_BIT_TODO.zip,f75ce7de02249b11d35bed3399f7f06558f9e7a18cc9b320180acbe96027d284,1188168847,2026-09-09T22:17:06+00:00
B.25,datos_usados,reportes/20260922T173925458200Z_corrida/datos_usados/b_25_datos_usados.csv,07edd8bc3b4887e830d12f7ba77e84f22c51a9415311a979cda59cac3978f593,123,2026-09-22T17:46:15+00:00
B.25,texto_generado,build/text/b_25.md,db7ac5354d33df1fc71413ff8382f346e686b0b7446e1703f040f90bb5e6758f,152,2026-09-22T17:46:15+00:00
B.25,texto_copia_corrida,reportes/20260922T173925458200Z_corrida/textos/b_25_parrafo.md,db7ac5354d33df1fc71413ff8382f346e686b0b7446e1703f040f90bb5e6758f,152,2026-09-22T17:46:15+00:00
B.25,grafica,build/figures/B/figura_b_25.png,6b938eeaac17e8b5f78916407c9138dc6d7f411d59e1209431d088801758493c,109957,2026-09-22T17:46:15+00:00
B.25,grafica_jpg,build/figures/B/figura_b_25.jpg,16b371fd47dc407b1ecd2c70ccdcbb4cb5758f9ee6364feb8b42d187f1e632ce,205221,2026-09-22T17:46:15+00:00
B.25,grafica_svg_editable,build/figures/B/figura_b_25.svg,50de7aefaca584aa3920847949d7a87d8693fa1fa237f0bb4a9dca919f3dea28,12206,2026-09-22T17:46:15+00:00
B.25,metadatos,build/metadata/b_25.json,910e0e11f3f7bef539cb63bd9d5577b2ad96c6824ce93141b8e0b015c0562fcb,914,2026-09-22T17:46:15+00:00
C.1,dato_crudo,data/raw/crt_bit_dist_espectro_actual/objects/9b8c957e596ec2bf97209e9819b25cfe3798130c77c35e01a7d51694c6e94466/TD_DIST_ESPECTRO_VA.csv,9b8c957e596ec2bf97209e9819b25cfe3798130c77c35e01a7d51694c6e94466,408,2026-09-11T22:50:21+00:00
C.1,datos_usados,reportes/20260922T173925458200Z_corrida/datos_usados/c_1_datos_usados.csv,1938cd822e193f847dc22509ae1ec1556be841a07552de7a9a2a44cf62593761,255,2026-09-22T17:46:15+00:00
C.1,texto_generado,build/text/c_1.md,d1c078960f4e07abd0289e6adbaad86b43ad115282bff1699a2e8451d7d20818,156,2026-09-22T17:46:15+00:00
C.1,texto_copia_corrida,reportes/20260922T173925458200Z_corrida/textos/c_1_parrafo.md,d1c078960f4e07abd0289e6adbaad86b43ad115282bff1699a2e8451d7d20818,156,2026-09-22T17:46:15+00:00
C.1,grafica,build/figures/C/figura_c_1.png,d4730a012c0b21f4a58a0a8f5f94d9ea2f26a56bda057463e3dcfc30da09cd88,141136,2026-09-22T17:46:16+00:00
C.1,grafica_jpg,build/figures/C/figura_c_1.jpg,795dd7f3dd52e6e04dea846f51009c576262e6e1ad73fb1b33dedf244e51da7b,230230,2026-09-22T17:46:16+00:00
C.1,grafica_svg_editable,build/figures/C/figura_c_1.svg,011143c5df760f02cafb78e91ff4d05f5ca8790d9c416f71a7de5eae7afc54b7,9513,2026-09-22T17:46:16+00:00
C.1,metadatos,build/metadata/c_1.json,d35033045b88d55ac456282b435ebce378fdd3fb7ff6cc8907b1df74f530c571,898,2026-09-22T17:46:16+00:00
C.2,dato_crudo,data/raw/crt_bit_espectro_banda_actual/objects/49913e821c907df8423fed40edafa1bb4b182b22cc2451f76a578e1b503df692/TD_ESPECTRO_BANDA_VA.csv,49913e821c907df8423fed40edafa1bb4b182b22cc2451f76a578e1b503df692,170,2026-09-11T22:50:23+00:00
C.2,dato_crudo,data/raw/crt_bit_dist_espectro_actual/objects/9b8c957e596ec2bf97209e9819b25cfe3798130c77c35e01a7d51694c6e94466/TD_DIST_ESPECTRO_VA.csv,9b8c957e596ec2bf97209e9819b25cfe3798130c77c35e01a7d51694c6e94466,408,2026-09-11T22:50:21+00:00
C.2,datos_usados,reportes/20260922T173925458200Z_corrida/datos_usados/c_2_datos_usados.csv,33d4dfaa78989054408b154565a7a27a5a384ebbdf19331a3eefbc514f206d28,526,2026-09-22T17:46:16+00:00
C.2,texto_generado,build/text/c_2.md,dd0366669a68507877c38506a1e898eba0046028f14fc3b83f17c72803f02fc6,149,2026-09-22T17:46:16+00:00
C.2,texto_copia_corrida,reportes/20260922T173925458200Z_corrida/textos/c_2_parrafo.md,dd0366669a68507877c38506a1e898eba0046028f14fc3b83f17c72803f02fc6,149,2026-09-22T17:46:16+00:00
C.2,grafica,build/figures/C/figura_c_2.png,623c2a1c7095579ee3861ffb9c2f65343f1d45a4e5ea2622517052522d0d1118,116988,2026-09-22T17:46:17+00:00
C.2,grafica_jpg,build/figures/C/figura_c_2.jpg,a7284db1ae73df47ef2f759d33681ef273df76b4cf0e085168c42fcb6a5d5309,184853,2026-09-22T17:46:17+00:00
C.2,grafica_svg_editable,build/figures/C/figura_c_2.svg,bfeaef52dd81732a09734754f20863b0990137a708548a925529037cb586237c,24512,2026-09-22T17:46:17+00:00
C.2,metadatos,build/metadata/c_2.json,ee0158ef0750f7b06990a49141718ee5afd4b5cd6f45d7c72d7342871d5bd4f4,923,2026-09-22T17:46:17+00:00
C.3,dato_crudo,data/raw/inegi_endutih_2025/objects/65d219261b3890ee12eaf95cdd1185f6b7d52eefd7e698ffd335b604364fd508/conjunto_de_datos_endutih_2025_csv.zip,65d219261b3890ee12eaf95cdd1185f6b7d52eefd7e698ffd335b604364fd508,8197337,2026-09-10T12:04:22+00:00
C.3,datos_usados,reportes/20260922T173925458200Z_corrida/datos_usados/c_3_datos_usados.csv,b8b38f9ade7515944b8509f729dcd871e58044d589c7ed6b4c5525abf7e684a2,412,2026-09-22T17:46:18+00:00
C.3,texto_generado,build/text/c_3.md,b2f5141a8d619a4ef872250fa07bd1eccaa0feaa316909ac90077f1b0b8f8585,160,2026-09-22T17:46:18+00:00
C.3,texto_copia_corrida,reportes/20260922T173925458200Z_corrida/textos/c_3_parrafo.md,b2f5141a8d619a4ef872250fa07bd1eccaa0feaa316909ac90077f1b0b8f8585,160,2026-09-22T17:46:18+00:00
C.3,grafica,build/figures/C/figura_c_3.png,70efa3cb33115d081f41021295a0f6e932191f5a3bd210139397ddc22c19554d,123137,2026-09-22T17:46:18+00:00
C.3,grafica_jpg,build/figures/C/figura_c_3.jpg,751360adfaccfc7773fef37c2d5ef9dddddaa1efffcab72515caf0ca8aca8926,121899,2026-09-22T17:46:18+00:00
C.3,grafica_svg_editable,build/figures/C/figura_c_3.svg,511b595945b650a82f36eaa3ec513707a52160eaef59129646fb2b55f689d141,9396,2026-09-22T17:46:18+00:00
C.3,metadatos,build/metadata/c_3.json,697242dc7dc2168c21ace710ff537c406e72c9d5e77682886302791c7b2db682,904,2026-09-22T17:46:18+00:00
C.4,dato_crudo,data/raw/inegi_endutih_2025/objects/65d219261b3890ee12eaf95cdd1185f6b7d52eefd7e698ffd335b604364fd508/conjunto_de_datos_endutih_2025_csv.zip,65d219261b3890ee12eaf95cdd1185f6b7d52eefd7e698ffd335b604364fd508,8197337,2026-09-10T12:04:22+00:00
C.4,datos_usados,reportes/20260922T173925458200Z_corrida/datos_usados/c_4_datos_usados.csv,b8b38f9ade7515944b8509f729dcd871e58044d589c7ed6b4c5525abf7e684a2,412,2026-09-22T17:46:18+00:00
C.4,texto_generado,build/text/c_4.md,acd019e705b5c067b052000b49647f8cda1f7c0e971e9d66a7e09d4d1b588375,225,2026-09-22T17:46:18+00:00
C.4,texto_copia_corrida,reportes/20260922T173925458200Z_corrida/textos/c_4_parrafo.md,acd019e705b5c067b052000b49647f8cda1f7c0e971e9d66a7e09d4d1b588375,225,2026-09-22T17:46:18+00:00
C.4,grafica,build/figures/C/figura_c_4.png,7246ad059b9c8af5f387d7728dead3b8465a104fb9aa1de178bddb22ea867454,224336,2026-09-22T17:46:19+00:00
C.4,grafica_jpg,build/figures/C/figura_c_4.jpg,5d238548d15d27a29554a84c8a44837c324e5beff9f1318a3f1209e84a01e095,316895,2026-09-22T17:46:19+00:00
C.4,grafica_svg_editable,build/figures/C/figura_c_4.svg,24c55baf3d878aebb57c9326b45868833995e72ff4a3eb1d03226e11acbf0d58,13886,2026-09-22T17:46:19+00:00
C.4,metadatos,build/metadata/c_4.json,345c649a0d1fd039797433dc8e97db0b3a17b83a164d7ca6372ff5a324d5510d,925,2026-09-22T17:46:19+00:00
C.5,dato_crudo,data/raw/crt_bit_todo_2025_q2/objects/f75ce7de02249b11d35b/CRT_BIT_TODO.zip,f75ce7de02249b11d35bed3399f7f06558f9e7a18cc9b320180acbe96027d284,1188168847,2026-09-09T22:17:06+00:00
C.5,datos_usados,reportes/20260922T173925458200Z_corrida/datos_usados/c_5_datos_usados.csv,13fe0bd360e28ed38c743816732bc5cb6d5a01a1dd2e0841fbcd4d1c8f0f45ca,1768,2026-09-22T17:46:21+00:00
C.5,texto_generado,build/text/c_5.md,81fec9488131eff7fce011cfab7cbbc83e4dd59780d3c8cd09de7fa541632cf1,73,2026-09-22T17:46:21+00:00
C.5,texto_copia_corrida,reportes/20260922T173925458200Z_corrida/textos/c_5_parrafo.md,81fec9488131eff7fce011cfab7cbbc83e4dd59780d3c8cd09de7fa541632cf1,73,2026-09-22T17:46:21+00:00
C.5,grafica,build/figures/C/figura_c_5.png,7198d74385745c1024bb0f1a87638975c6adfab0614f6e5a99f12ce659117d37,257416,2026-09-22T17:46:21+00:00
C.5,grafica_jpg,build/figures/C/figura_c_5.jpg,a4a06e39be1bd979bf8c9d58d67c4c376484be1c7b9d80734f6f3cecb68811d2,282651,2026-09-22T17:46:22+00:00
C.5,grafica_svg_editable,build/figures/C/figura_c_5.svg,32cd4a42044563b42ecb40cecd2376fb37a7a1a002b0e7ba9dd605dfade12171,65170,2026-09-22T17:46:21+00:00
C.5,metadatos,build/metadata/c_5.json,fd2ef4fa1e7bcb6ba643897d480ecdd46c9b0cd2a1f1cebf35d17bd62aa6ca6b,898,2026-09-22T17:46:22+00:00
C.6,dato_crudo,data/raw/crt_bit_todo_2025_q2/objects/f75ce7de02249b11d35b/CRT_BIT_TODO.zip,f75ce7de02249b11d35bed3399f7f06558f9e7a18cc9b320180acbe96027d284,1188168847,2026-09-09T22:17:06+00:00
C.6,datos_usados,reportes/20260922T173925458200Z_corrida/datos_usados/c_6_datos_usados.csv,f3e64e79700ed18304d149b3f51dfdeaf92d2ba8c0187177ccf1b68e64d8c4d8,400,2026-09-22T17:46:23+00:00
C.6,texto_generado,build/text/c_6.md,3e64cb5d51e21a7989fa69aec6cc9752bc7fecfc298248a5ac09987068beb64f,85,2026-09-22T17:46:23+00:00
C.6,texto_copia_corrida,reportes/20260922T173925458200Z_corrida/textos/c_6_parrafo.md,3e64cb5d51e21a7989fa69aec6cc9752bc7fecfc298248a5ac09987068beb64f,85,2026-09-22T17:46:23+00:00
C.6,grafica,build/figures/C/figura_c_6.png,bd51f7e826bf6c0093b3763b29ced942790407345cf37442a54bd2fa5dbf5164,213995,2026-09-22T17:46:23+00:00
C.6,grafica_jpg,build/figures/C/figura_c_6.jpg,2346cab43d0994a2545adbaf25a7f16c2f511a0fb938e662cf5bfed26cd36685,231618,2026-09-22T17:46:24+00:00
C.6,grafica_svg_editable,build/figures/C/figura_c_6.svg,f07399287e396a7f7d08a6ca214f97394a18c168ec3e910a24e1b10a912f1ab2,54730,2026-09-22T17:46:23+00:00
C.6,metadatos,build/metadata/c_6.json,0a8e975601f094277a162fcdee90196a52c8562f66df85dfed6ac92babf55bc3,908,2026-09-22T17:46:24+00:00
C.7,dato_crudo,data/raw/crt_bit_todo_2025_q2/objects/f75ce7de02249b11d35b/CRT_BIT_TODO.zip,f75ce7de02249b11d35bed3399f7f06558f9e7a18cc9b320180acbe96027d284,1188168847,2026-09-09T22:17:06+00:00
C.7,dato_crudo,data/raw/mexico_geojson_legacy/objects/7de22266d11293117321/mexicoHigh.json,7de22266d11293117321ea0aba07b610900e06626e1fffc74ffef96b751e33dc,184555,2026-08-31T22:21:20+00:00
C.7,datos_usados,reportes/20260922T173925458200Z_corrida/datos_usados/c_7_datos_usados.csv,65073d4c4bfeb7a94e95b1cdefb229cf30c25851a9b2c558232534961471630c,647,2026-09-22T17:46:25+00:00
C.7,texto_generado,build/text/c_7.md,557320e1ebb1d3459dc8037a17194833e4941c1e84baaf7f0cae6782f9dff9b1,91,2026-09-22T17:46:25+00:00
C.7,texto_copia_corrida,reportes/20260922T173925458200Z_corrida/textos/c_7_parrafo.md,557320e1ebb1d3459dc8037a17194833e4941c1e84baaf7f0cae6782f9dff9b1,91,2026-09-22T17:46:25+00:00
C.7,grafica,build/figures/C/figura_c_7.png,31f47711e5ccae747ef647ff243d649c9830e42e770c10366b53d686f9269b2f,282745,2026-09-22T17:46:25+00:00
C.7,grafica_jpg,build/figures/C/figura_c_7.jpg,216b0c88a8c36d695ce1d07f0214d6b74009bd3bbb956aec4fff9a2690f0f94a,243619,2026-09-22T17:46:25+00:00
C.7,grafica_svg_editable,build/figures/C/figura_c_7.svg,9ea1ff087d349542aa9761c2bff723b1a69f4fcd9a8328143add1c2ca9c12862,252600,2026-09-22T17:46:25+00:00
C.7,metadatos,build/metadata/c_7.json,b10787a5d55e12c8eba9569faad5feb28a653699aed547d64630d67c5c3f4853,930,2026-09-22T17:46:25+00:00
C.8,dato_crudo,data/raw/crt_bit_todo_2025_q2/objects/f75ce7de02249b11d35b/CRT_BIT_TODO.zip,f75ce7de02249b11d35bed3399f7f06558f9e7a18cc9b320180acbe96027d284,1188168847,2026-09-09T22:17:06+00:00
C.8,datos_usados,reportes/20260922T173925458200Z_corrida/datos_usados/c_8_datos_usados.csv,54b28f9e7f3e1c958c868dc5015b02de6713cbd3b35259810a604947292d55d2,579,2026-09-22T17:46:27+00:00
C.8,texto_generado,build/text/c_8.md,ec62cfd164f909b82bf8ee1b7dbf54a315bd7e1cc2ebcf978a8209bcc4b06717,74,2026-09-22T17:46:27+00:00
C.8,texto_copia_corrida,reportes/20260922T173925458200Z_corrida/textos/c_8_parrafo.md,ec62cfd164f909b82bf8ee1b7dbf54a315bd7e1cc2ebcf978a8209bcc4b06717,74,2026-09-22T17:46:27+00:00
C.8,grafica,build/figures/C/figura_c_8.png,4cb88b3f53146ac04989f363a595f1cab1928ac52af53c569485272f63e67eca,150301,2026-09-22T17:46:27+00:00
C.8,grafica_jpg,build/figures/C/figura_c_8.jpg,14b4d6d07a95e61e24e5dd3006a915411ba7135c7ba8ec86541fd5de570d4089,219779,2026-09-22T17:46:27+00:00
C.8,grafica_svg_editable,build/figures/C/figura_c_8.svg,2936bb5b2492335a4adecca31bce97d91b60017f51ccfa2d757c545684b4ba47,28224,2026-09-22T17:46:27+00:00
C.8,metadatos,build/metadata/c_8.json,df5c0a0460472b26fec929eac2e801cc7cbc55e42f8fd59af9ef39cfcc1719a4,892,2026-09-22T17:46:27+00:00
C.9,dato_crudo,data/raw/crt_bit_todo_2025_q2/objects/f75ce7de02249b11d35b/CRT_BIT_TODO.zip,f75ce7de02249b11d35bed3399f7f06558f9e7a18cc9b320180acbe96027d284,1188168847,2026-09-09T22:17:06+00:00
C.9,datos_usados,reportes/20260922T173925458200Z_corrida/datos_usados/c_9_datos_usados.csv,014b484c6f8c5bd24b6105f1a21c5246a31e9c34db35b2953759c3c740c72e72,447,2026-09-22T17:46:29+00:00
C.9,texto_generado,build/text/c_9.md,068764f517431a5446a4cc5be23555972d19a4f46107524210b854ecefccdb2f,78,2026-09-22T17:46:29+00:00
C.9,texto_copia_corrida,reportes/20260922T173925458200Z_corrida/textos/c_9_parrafo.md,068764f517431a5446a4cc5be23555972d19a4f46107524210b854ecefccdb2f,78,2026-09-22T17:46:29+00:00
C.9,grafica,build/figures/C/figura_c_9.png,b0f0212a48e1ad83287ba93aaced4b2ed7609593cfc1c0c2d927b44dcffae77a,222425,2026-09-22T17:46:29+00:00
C.9,grafica_jpg,build/figures/C/figura_c_9.jpg,b4a93f738de1df8f22859de0c92f5ad0329a36855c79398f3d368f08e839c0b0,306270,2026-09-22T17:46:30+00:00
C.9,grafica_svg_editable,build/figures/C/figura_c_9.svg,8d5f9c2c90d171c75b5f687c69a6ee63df54e626570d5ba015f8c8b086d88ea7,64087,2026-09-22T17:46:30+00:00
C.9,metadatos,build/metadata/c_9.json,38045e73b13d769711b1a5424db4d79a96ba7180cc702a17f91653f66522e946,902,2026-09-22T17:46:30+00:00
C.10,dato_crudo,data/raw/crt_bit_todo_2025_q2/objects/f75ce7de02249b11d35b/CRT_BIT_TODO.zip,f75ce7de02249b11d35bed3399f7f06558f9e7a18cc9b320180acbe96027d284,1188168847,2026-09-09T22:17:06+00:00
C.10,datos_usados,reportes/20260922T173925458200Z_corrida/datos_usados/c_10_datos_usados.csv,a1e17e959c6f900886d7aff0eb5c005cb0eccb2bf18c4f238bd2f7a375576f51,169,2026-09-22T17:46:31+00:00
C.10,texto_generado,build/text/c_10.md,1e4eb8ab7d59a06430e4f28f9423fbb8bfc7a4f6a8609885d5401a94e6ac36a8,58,2026-09-22T17:46:31+00:00
C.10,texto_copia_corrida,reportes/20260922T173925458200Z_corrida/textos/c_10_parrafo.md,1e4eb8ab7d59a06430e4f28f9423fbb8bfc7a4f6a8609885d5401a94e6ac36a8,58,2026-09-22T17:46:31+00:00
C.10,grafica,build/figures/C/figura_c_10.png,9c9cb793e4b4f213cae756d9e1752c9e823d924daac3c2864d3c5a2a4cde96e3,115316,2026-09-22T17:46:32+00:00
C.10,grafica_jpg,build/figures/C/figura_c_10.jpg,96a6befd70225c10769283248f7f1589c7cd9944aad147d4ff2f3da09d51fa91,233268,2026-09-22T17:46:32+00:00
C.10,grafica_svg_editable,build/figures/C/figura_c_10.svg,47032bea3b606915c9526520cff3ae7ad383767a94ec31c345ef20a7705b8efc,13866,2026-09-22T17:46:32+00:00
C.10,metadatos,build/metadata/c_10.json,637b3e9d0dc430708fefbca2edc8e20affe272cbf26dca466fc21dfaf1a90374,908,2026-09-22T17:46:32+00:00
C.11,dato_crudo,data/raw/crt_bit_todo_2025_q2/objects/f75ce7de02249b11d35b/CRT_BIT_TODO.zip,f75ce7de02249b11d35bed3399f7f06558f9e7a18cc9b320180acbe96027d284,1188168847,2026-09-09T22:17:06+00:00
C.11,datos_usados,reportes/20260922T173925458200Z_corrida/datos_usados/c_11_datos_usados.csv,66502ab1e359c4f05c2d1da27e880c3b1c414a95c3e016d6f2eab0e911a7b418,888,2026-09-22T17:46:33+00:00
C.11,texto_generado,build/text/c_11.md,7244ad75202e1ff2f254b61b3063830ddf686f15e33409f4d8211200e28f8aaa,94,2026-09-22T17:46:33+00:00
C.11,texto_copia_corrida,reportes/20260922T173925458200Z_corrida/textos/c_11_parrafo.md,7244ad75202e1ff2f254b61b3063830ddf686f15e33409f4d8211200e28f8aaa,94,2026-09-22T17:46:33+00:00
C.11,grafica,build/figures/C/figura_c_11.png,1b8015d97e9deaa29920f0217276638953116ba8f88047147d3442f6d93c6ded,206900,2026-09-22T17:46:33+00:00
C.11,grafica_jpg,build/figures/C/figura_c_11.jpg,b533fd942c15441d6f236f5b275521163c569ab25a17b32fa8a26a8a6a0f0a0c,259287,2026-09-22T17:46:34+00:00
C.11,grafica_svg_editable,build/figures/C/figura_c_11.svg,b485bdb9c6f28958001b191a4879b2ec1554c97a1d58a9eea203365687c8d8fb,35661,2026-09-22T17:46:34+00:00
C.11,metadatos,build/metadata/c_11.json,ea72ecb9e4002ed98576d47a5a278e3ab827a9c83031f29226dd03b1ae952a8a,911,2026-09-22T17:46:34+00:00
C.12,dato_crudo,data/raw/crt_bit_todo_2025_q2/objects/f75ce7de02249b11d35b/CRT_BIT_TODO.zip,f75ce7de02249b11d35bed3399f7f06558f9e7a18cc9b320180acbe96027d284,1188168847,2026-09-09T22:17:06+00:00
C.12,datos_usados,reportes/20260922T173925458200Z_corrida/datos_usados/c_12_datos_usados.csv,9edefa45a0b33d82694c6cf2d55db46da0cbf4ce5922ac4d96574fd611d89f67,187,2026-09-22T17:46:35+00:00
C.12,texto_generado,build/text/c_12.md,b3c6ad96d7b32e305236951c686d6843e2c1c7aa707d910c8e17f76901ad6bbb,96,2026-09-22T17:46:35+00:00
C.12,texto_copia_corrida,reportes/20260922T173925458200Z_corrida/textos/c_12_parrafo.md,b3c6ad96d7b32e305236951c686d6843e2c1c7aa707d910c8e17f76901ad6bbb,96,2026-09-22T17:46:35+00:00
C.12,grafica,build/figures/C/figura_c_12.png,50a7398be75c1dd510c21c591aadd31b997818abc1ecc022ed75caaf1dccdc3d,173305,2026-09-22T17:46:35+00:00
C.12,grafica_jpg,build/figures/C/figura_c_12.jpg,a9dc8db1826a816cd947e401c9396e7186f3f8e85506b587a469c203fe3c43f8,204879,2026-09-22T17:46:36+00:00
C.12,grafica_svg_editable,build/figures/C/figura_c_12.svg,0138fc370e2be4448d2a3387f3edb1d4d845eddc35b2e4f4ee16ea540ccd8f92,24411,2026-09-22T17:46:35+00:00
C.12,metadatos,build/metadata/c_12.json,042b355eb50d5188760120debf636cf9f627ee163f50338994ed9f444f1b37b5,921,2026-09-22T17:46:36+00:00
C.13,dato_crudo,data/raw/crt_bit_todo_2025_q2/objects/f75ce7de02249b11d35b/CRT_BIT_TODO.zip,f75ce7de02249b11d35bed3399f7f06558f9e7a18cc9b320180acbe96027d284,1188168847,2026-09-09T22:17:06+00:00
C.13,dato_crudo,data/raw/mexico_geojson_legacy/objects/7de22266d11293117321/mexicoHigh.json,7de22266d11293117321ea0aba07b610900e06626e1fffc74ffef96b751e33dc,184555,2026-08-31T22:21:20+00:00
C.13,datos_usados,reportes/20260922T173925458200Z_corrida/datos_usados/c_13_datos_usados.csv,28f95abc0b2743633cffba1954c0c46802f26be5169ef5234446f2b191a811f8,640,2026-09-22T17:46:37+00:00
C.13,texto_generado,build/text/c_13.md,ee638be0d5847f7dd345b4658ff23bf68a7da92f07bcc98187b66457124264cb,85,2026-09-22T17:46:37+00:00
C.13,texto_copia_corrida,reportes/20260922T173925458200Z_corrida/textos/c_13_parrafo.md,ee638be0d5847f7dd345b4658ff23bf68a7da92f07bcc98187b66457124264cb,85,2026-09-22T17:46:37+00:00
C.13,grafica,build/figures/C/figura_c_13.png,1a69967ff335cf7ed35cac9e30201763fbba8f73a0b3ece3b95654878b13b63f,291011,2026-09-22T17:46:37+00:00
C.13,grafica_jpg,build/figures/C/figura_c_13.jpg,f161bf6a84b4e1680f547e3d21d89d29fe5ef0ebf9570f39509a11c7f96db441,251662,2026-09-22T17:46:37+00:00
C.13,grafica_svg_editable,build/figures/C/figura_c_13.svg,ac65b89ba71d93f538e31f5097829fde5102a9c04c686dd3e876835742adf3e4,252639,2026-09-22T17:46:37+00:00
C.13,metadatos,build/metadata/c_13.json,09eae3ff3b642aeb20fbe49cc148b5a395bb7c908f8c665c4ac6d4db80139257,944,2026-09-22T17:46:38+00:00
C.14,dato_crudo,data/raw/crt_bit_todo_2025_q2/objects/f75ce7de02249b11d35b/CRT_BIT_TODO.zip,f75ce7de02249b11d35bed3399f7f06558f9e7a18cc9b320180acbe96027d284,1188168847,2026-09-09T22:17:06+00:00
C.14,datos_usados,reportes/20260922T173925458200Z_corrida/datos_usados/c_14_datos_usados.csv,bf7ef73353a86fd361131af7de962787eb30e68e8fe11d1e5d22bf1c097054ac,1483,2026-09-22T17:46:39+00:00
C.14,texto_generado,build/text/c_14.md,0febbe187790ced0df207457c2cf009d7e5c0eacb4c977f72a5a416fa611b956,85,2026-09-22T17:46:39+00:00
C.14,texto_copia_corrida,reportes/20260922T173925458200Z_corrida/textos/c_14_parrafo.md,0febbe187790ced0df207457c2cf009d7e5c0eacb4c977f72a5a416fa611b956,85,2026-09-22T17:46:39+00:00
C.14,grafica,build/figures/C/figura_c_14.png,4d4f723c0c787f0d69ea4632d5fc100b55d2eae629644062598ade315e8f5431,186234,2026-09-22T17:46:39+00:00
C.14,grafica_jpg,build/figures/C/figura_c_14.jpg,1beaf17a441e9b14f2df1468e3f3f291a9334b7a2a0c19103e22c46b0b38d9e5,256602,2026-09-22T17:46:40+00:00
C.14,grafica_svg_editable,build/figures/C/figura_c_14.svg,a5952055f1ecef23fd32693dcbd4a455024c3f059d191f3c72bbaee7916a0635,44687,2026-09-22T17:46:39+00:00
C.14,metadatos,build/metadata/c_14.json,31efd22fb19806c869ae63ed19afc1a7eeb32145b4dd0d0c3d3fb9a725a58f1f,915,2026-09-22T17:46:40+00:00
C.15,dato_crudo,data/raw/crt_bit_todo_2025_q2/objects/f75ce7de02249b11d35b/CRT_BIT_TODO.zip,f75ce7de02249b11d35bed3399f7f06558f9e7a18cc9b320180acbe96027d284,1188168847,2026-09-09T22:17:06+00:00
C.15,datos_usados,reportes/20260922T173925458200Z_corrida/datos_usados/c_15_datos_usados.csv,b6f1f8b21d342dbdc6559b292389335f803c66f0c993f1464d4117368fd0ef5c,490,2026-09-22T17:46:41+00:00
C.15,texto_generado,build/text/c_15.md,e283a9630ba3df6cc598373e084e88e5aa3d4fa1a1e5200217132270617611ca,90,2026-09-22T17:46:41+00:00
C.15,texto_copia_corrida,reportes/20260922T173925458200Z_corrida/textos/c_15_parrafo.md,e283a9630ba3df6cc598373e084e88e5aa3d4fa1a1e5200217132270617611ca,90,2026-09-22T17:46:41+00:00
C.15,grafica,build/figures/C/figura_c_15.png,f6364b31797e41a02ab1a3c5d56757f041f95a6e6fbfb27a0d7fca96d8ea4155,227331,2026-09-22T17:46:42+00:00
C.15,grafica_jpg,build/figures/C/figura_c_15.jpg,1693c8f4a2b55f9f319446d7da546e428e2316f0b7c96d10a7ea33d75ea76682,313836,2026-09-22T17:46:42+00:00
C.15,grafica_svg_editable,build/figures/C/figura_c_15.svg,ed78e54d3bc782c023a0a0a0accf4344da533b96180fc5098f8fe19806e58893,69566,2026-09-22T17:46:42+00:00
C.15,metadatos,build/metadata/c_15.json,ff2caa38588c59881d8608b3e7280801ee6e8f81e0d3131dfce2f322759793ca,916,2026-09-22T17:46:42+00:00
C.16,dato_crudo,data/raw/crt_bit_todo_2025_q2/objects/f75ce7de02249b11d35b/CRT_BIT_TODO.zip,f75ce7de02249b11d35bed3399f7f06558f9e7a18cc9b320180acbe96027d284,1188168847,2026-09-09T22:17:06+00:00
C.16,datos_usados,reportes/20260922T173925458200Z_corrida/datos_usados/c_16_datos_usados.csv,331d1a3c1a632e089bc5654ab7877c18526148825c2d3b98b6d7794e1892cc5a,145,2026-09-22T17:46:43+00:00
C.16,texto_generado,build/text/c_16.md,47b4e1c6f0d754215b49091df7ee8fdb8b559424f69ecd3ffe970efe0c604501,86,2026-09-22T17:46:43+00:00
C.16,texto_copia_corrida,reportes/20260922T173925458200Z_corrida/textos/c_16_parrafo.md,47b4e1c6f0d754215b49091df7ee8fdb8b559424f69ecd3ffe970efe0c604501,86,2026-09-22T17:46:43+00:00
C.16,grafica,build/figures/C/figura_c_16.png,ce3113466876da9ed9d4fa328a3bf9cd6f3b865007fb3d1c98c1775cf14deb4b,118137,2026-09-22T17:46:44+00:00
C.16,grafica_jpg,build/figures/C/figura_c_16.jpg,a6df088edd7fe77dc2d1c78890c5cbd722b32df428a335c0174d7a0bde7e0b98,205965,2026-09-22T17:46:44+00:00
C.16,grafica_svg_editable,build/figures/C/figura_c_16.svg,5d2d950aba5632d439b45310387273ef6bae87404672c71836e807c7f9b99ed3,13929,2026-09-22T17:46:44+00:00
C.16,metadatos,build/metadata/c_16.json,5a297a682677271dd6901de8ca17da19a6917226e95d161051bce7aa9eeeed26,915,2026-09-22T17:46:44+00:00
D.1,dato_crudo,data/raw/inegi_endutih_2023_tabulado_hnal110/objects/e11b73a1d8423fd659c8beb6df4e64f70f6bb5d41d14cb4c94f2f10defb28da5/2023_hnal110.xlsx,e11b73a1d8423fd659c8beb6df4e64f70f6bb5d41d14cb4c94f2f10defb28da5,90502,2026-09-17T16:47:21+00:00
D.1,dato_crudo,data/raw/inegi_endutih_2023_tabulado_hnal130/objects/6986e1ecc7ca436ef8bd33fc739bec6831db82ab110d0030eb08de1f95f9cd28/2023_hnal130.xlsx,6986e1ecc7ca436ef8bd33fc739bec6831db82ab110d0030eb08de1f95f9cd28,89283,2026-09-17T16:47:21+00:00
D.1,dato_crudo,data/raw/inegi_endutih_2023_tabulado_hnal111/objects/3d2da9480e050720f2a479919454be52df8fad0e87eb6535ed62739e73c7919a/2023_hnal111.xlsx,3d2da9480e050720f2a479919454be52df8fad0e87eb6535ed62739e73c7919a,86041,2026-09-17T16:47:21+00:00
D.1,dato_crudo,data/raw/inegi_endutih_2023_reference/objects/e3f5bdb2346423085c71/conjunto_de_datos_endutih_2023_csv.zip,e3f5bdb2346423085c717f1749b5a0be32b60601355925f0ad3e2efaf5e307d3,10523041,2026-09-15T19:31:14+00:00
D.1,dato_crudo,data/raw/inegi_endutih_2024_reference/objects/d29393ac2737d8301e6d/conjunto_de_datos_endutih_2024_csv.zip,d29393ac2737d8301e6d60893206d45e46cd7d87c796bf2aa561d22f5bc9ae86,8670951,2026-09-15T19:31:27+00:00
D.1,dato_crudo,data/raw/inegi_endutih_2025/objects/65d219261b3890ee12eaf95cdd1185f6b7d52eefd7e698ffd335b604364fd508/conjunto_de_datos_endutih_2025_csv.zip,65d219261b3890ee12eaf95cdd1185f6b7d52eefd7e698ffd335b604364fd508,8197337,2026-09-10T12:04:22+00:00
D.1,datos_usados,reportes/20260922T173925458200Z_corrida/datos_usados/d_1_datos_usados.csv,d1819b8e8570cb55b3e535e3cb624bbc9bc0b6cf5deaf29d114ce5e1b1e07fed,5535,2026-09-22T17:46:45+00:00
D.1,datos_usados,reportes/20260922T173925458200Z_corrida/datos_usados/d_1_validacion_microdatos_2023.csv,a418a7f1c8d5d5362b6a37669f2d3f71fcdc403c90922e174861f9054f54c839,561,2026-09-22T17:46:45+00:00
D.1,texto_generado,build/text/d_1.md,980261f322d15a4b3245e245c65c846d828aab9d6661645611fba1af314e9e33,119,2026-09-22T17:46:45+00:00
D.1,texto_copia_corrida,reportes/20260922T173925458200Z_corrida/textos/d_1_parrafo.md,980261f322d15a4b3245e245c65c846d828aab9d6661645611fba1af314e9e33,119,2026-09-22T17:46:45+00:00
D.1,grafica,build/figures/D/figura_d_1.png,2e14692ce54bd1c9a70386fd6665be5c257be0504729b936fabdac040d62ddbc,429984,2026-09-22T17:46:46+00:00
D.1,grafica_jpg,build/figures/D/figura_d_1.jpg,d1302e6dece4347592bc25e95852541c8c7fd037b5a0279e3bf1acccdccb9d01,441979,2026-09-22T17:46:46+00:00
D.1,grafica_svg_editable,build/figures/D/figura_d_1.svg,31aa0a965610d32f8325962e13ca0f14036368d39fdd2dcf4f42140892d4f6bf,84812,2026-09-22T17:46:46+00:00
D.1,metadatos,build/metadata/d_1.json,6cd6c857e66ce91eeb6d6945733b6d52bf3a8b78d7b8479811372569af8fb771,934,2026-09-22T17:46:46+00:00
D.2,dato_crudo,data/raw/inegi_endutih_2025/objects/65d219261b3890ee12eaf95cdd1185f6b7d52eefd7e698ffd335b604364fd508/conjunto_de_datos_endutih_2025_csv.zip,65d219261b3890ee12eaf95cdd1185f6b7d52eefd7e698ffd335b604364fd508,8197337,2026-09-10T12:04:22+00:00
D.2,datos_usados,reportes/20260922T173925458200Z_corrida/datos_usados/d_2_datos_usados.csv,20a0705d27c7690922cc6f8fcd797bc78dbb96f2f666901fa09b20aa316d753d,478,2026-09-22T17:46:47+00:00
D.2,texto_generado,build/text/d_2.md,326ebc3574d0d2f81740ae625fdea244e39792cf57bd9d8da4563e8babee1d52,184,2026-09-22T17:46:47+00:00
D.2,texto_copia_corrida,reportes/20260922T173925458200Z_corrida/textos/d_2_parrafo.md,326ebc3574d0d2f81740ae625fdea244e39792cf57bd9d8da4563e8babee1d52,184,2026-09-22T17:46:47+00:00
D.2,grafica,build/figures/D/figura_d_2.png,ebb805c0d38940c72fae6695edcd0b33d4660a2392d47649b91eab2ea34b7939,146268,2026-09-22T17:46:47+00:00
D.2,grafica_jpg,build/figures/D/figura_d_2.jpg,76d713eb50977e528bc50c6fd2b264d6996402110d6eb1c1e7de10e3e1b15617,203472,2026-09-22T17:46:48+00:00
D.2,grafica_svg_editable,build/figures/D/figura_d_2.svg,631eb0afefe9af4449d7e42f133097dfc6a0ea0544332fdd26e49e9a6c006fd7,21538,2026-09-22T17:46:47+00:00
D.2,metadatos,build/metadata/d_2.json,f1adfd75ca28569b34d7228e5855a4eae552add1efa8fd66c11a299eb2893be2,885,2026-09-22T17:46:48+00:00
D.3,dato_crudo,data/raw/inegi_endutih_2025/objects/65d219261b3890ee12eaf95cdd1185f6b7d52eefd7e698ffd335b604364fd508/conjunto_de_datos_endutih_2025_csv.zip,65d219261b3890ee12eaf95cdd1185f6b7d52eefd7e698ffd335b604364fd508,8197337,2026-09-10T12:04:22+00:00
D.3,datos_usados,reportes/20260922T173925458200Z_corrida/datos_usados/d_3_datos_usados.csv,7b9b38d5b758a177714835da4f18be0e4c99adfe6f4bde29a466f9cbd710e5a4,398,2026-09-22T17:46:48+00:00
D.3,texto_generado,build/text/d_3.md,e64968b393b242314eb99f59f2562243d9dbcd57e8ff578f1345379c08401ce5,188,2026-09-22T17:46:48+00:00
D.3,texto_copia_corrida,reportes/20260922T173925458200Z_corrida/textos/d_3_parrafo.md,e64968b393b242314eb99f59f2562243d9dbcd57e8ff578f1345379c08401ce5,188,2026-09-22T17:46:48+00:00
D.3,grafica,build/figures/D/figura_d_3.png,010b800f2624ac5ff140def97fc4d723cd098054f55a360b21d9d89f249259b0,100142,2026-09-22T17:46:48+00:00
D.3,grafica_jpg,build/figures/D/figura_d_3.jpg,025e26dcc7bf23e7eb06c3857ce4d331c0aefe04e37870d97d701969b21f2f8f,163808,2026-09-22T17:46:49+00:00
D.3,grafica_svg_editable,build/figures/D/figura_d_3.svg,d0bddaed18c396b8ae33b9cac0b0b101bcd0b98bab5433a560599a9c05970450,17512,2026-09-22T17:46:49+00:00
D.3,metadatos,build/metadata/d_3.json,0912e4f886eb7c4f7629699266e3ad1c6d164827ebe86f5a49f190790f2c0b06,890,2026-09-22T17:46:49+00:00
D.4,dato_crudo,data/raw/inegi_endutih_2025/objects/65d219261b3890ee12eaf95cdd1185f6b7d52eefd7e698ffd335b604364fd508/conjunto_de_datos_endutih_2025_csv.zip,65d219261b3890ee12eaf95cdd1185f6b7d52eefd7e698ffd335b604364fd508,8197337,2026-09-10T12:04:22+00:00
D.4,datos_usados,reportes/20260922T173925458200Z_corrida/datos_usados/d_4_datos_usados.csv,4726ec3540a3f1b688e965dc1917f8123d2bbb61579bea2e4211c9a300874f08,849,2026-09-22T17:46:49+00:00
D.4,texto_generado,build/text/d_4.md,c477655812a7ca05d1b391bb50f68f684fe246adb09c1834599bc9a8d5a52736,176,2026-09-22T17:46:49+00:00
D.4,texto_copia_corrida,reportes/20260922T173925458200Z_corrida/textos/d_4_parrafo.md,c477655812a7ca05d1b391bb50f68f684fe246adb09c1834599bc9a8d5a52736,176,2026-09-22T17:46:49+00:00
D.4,grafica,build/figures/D/figura_d_4.png,61969e3d011bb422accf2825eb87d47f7cbdfcf388afb6e09c5759fcad7b6ce2,151572,2026-09-22T17:46:50+00:00
D.4,grafica_jpg,build/figures/D/figura_d_4.jpg,70038a97701d0376622dbc634fd5354e85b95fd4265818452cbc2e5d89f13094,197137,2026-09-22T17:46:50+00:00
D.4,grafica_svg_editable,build/figures/D/figura_d_4.svg,0bedf336b35231b658b88325858b3da5435d475a489da7e264c17e06a1749564,19763,2026-09-22T17:46:50+00:00
D.4,metadatos,build/metadata/d_4.json,1e8fcbca02edd9ecd416be9aa6132e68de9fc8ed6b59bc4d5500c3e472120e5b,893,2026-09-22T17:46:50+00:00
D.5,dato_crudo,data/raw/ift_ecsi_2024_base/objects/8ec6a40e86c5e04989518e09b198977d5347838eb2197afe72382254b3cba18e/baseconfianzadigital.csv,8ec6a40e86c5e04989518e09b198977d5347838eb2197afe72382254b3cba18e,6194080,2026-09-14T22:56:12+00:00
D.5,datos_usados,reportes/20260922T173925458200Z_corrida/datos_usados/d_5_datos_usados.csv,356d900937a1bc1b59323409c75a743da62e85c70a5662eee92a81d874a20c1b,457,2026-09-22T17:46:50+00:00
D.5,texto_generado,build/text/d_5.md,fe17c7463c8378ec1c839f6f4c38a778c6cc177cf0ed06da9025c2d82e8b28a7,62,2026-09-22T17:46:50+00:00
D.5,texto_copia_corrida,reportes/20260922T173925458200Z_corrida/textos/d_5_parrafo.md,fe17c7463c8378ec1c839f6f4c38a778c6cc177cf0ed06da9025c2d82e8b28a7,62,2026-09-22T17:46:50+00:00
D.5,grafica,build/figures/D/figura_d_5.png,876e3592bffa8af0f464b7e98776d6afe00fd1105df3eb4906244298a5608cc1,141488,2026-09-22T17:46:50+00:00
D.5,grafica_jpg,build/figures/D/figura_d_5.jpg,65881648ed76b3a2662569adef77ddbb4b83c7cfc46b60f1c3b2f53e1cf0af30,199458,2026-09-22T17:46:51+00:00
D.5,grafica_svg_editable,build/figures/D/figura_d_5.svg,6dfced32ccec23bbda4c4f42534dd0cc4fc0adca18af195fb17d374b8a066247,16576,2026-09-22T17:46:50+00:00
D.5,metadatos,build/metadata/d_5.json,3ee1d9f3e218c79cd8769481879cb724ce798c575245f64660826d38b4821419,913,2026-09-22T17:46:51+00:00
D.6,dato_crudo,data/raw/ift_ecsi_2024_base/objects/8ec6a40e86c5e04989518e09b198977d5347838eb2197afe72382254b3cba18e/baseconfianzadigital.csv,8ec6a40e86c5e04989518e09b198977d5347838eb2197afe72382254b3cba18e,6194080,2026-09-14T22:56:12+00:00
D.6,datos_usados,reportes/20260922T173925458200Z_corrida/datos_usados/d_6_datos_usados.csv,caa9da4174c7054366324d84f8614c0bf447bbfc3a5848aeb5ab8d17dc145f68,816,2026-09-22T17:46:51+00:00
D.6,texto_generado,build/text/d_6.md,c56d1604037208fab6b4a64b5d996af0900971dd5d7db19b7cc5e1102fb37b9d,72,2026-09-22T17:46:51+00:00
D.6,texto_copia_corrida,reportes/20260922T173925458200Z_corrida/textos/d_6_parrafo.md,c56d1604037208fab6b4a64b5d996af0900971dd5d7db19b7cc5e1102fb37b9d,72,2026-09-22T17:46:51+00:00
D.6,grafica,build/figures/D/figura_d_6.png,390cb49359a011b9aef13a08b680f97fbe3234ec370020d87ccb51ebb5e9ad3a,155257,2026-09-22T17:46:51+00:00
D.6,grafica_jpg,build/figures/D/figura_d_6.jpg,c3e5d9b0e8d64853ac946f83f8e4fa471016c4a10bbb50c4a7a572e632236dff,201295,2026-09-22T17:46:51+00:00
D.6,grafica_svg_editable,build/figures/D/figura_d_6.svg,425b26a8a504156afd5fe41989b81c0b7de4fed9f1b4df785699927f3bdfba72,20895,2026-09-22T17:46:51+00:00
D.6,metadatos,build/metadata/d_6.json,575491a76668e32a579865723223dacf46c88f99dde2cd9235c9328eb82102ea,882,2026-09-22T17:46:51+00:00
D.7,dato_crudo,data/raw/ift_ecsi_2024_base/objects/8ec6a40e86c5e04989518e09b198977d5347838eb2197afe72382254b3cba18e/baseconfianzadigital.csv,8ec6a40e86c5e04989518e09b198977d5347838eb2197afe72382254b3cba18e,6194080,2026-09-14T22:56:12+00:00
D.7,datos_usados,reportes/20260922T173925458200Z_corrida/datos_usados/d_7_datos_usados.csv,b15a39aec9bf7f9013075d90f5dbe910069f2ba9dee3c264e5b401e8463c4261,1343,2026-09-22T17:46:52+00:00
D.7,texto_generado,build/text/d_7.md,15b8b1019451a6463c5240e14e70dea482f1b550fd8c3abb12ec1ccc5636aac9,67,2026-09-22T17:46:52+00:00
D.7,texto_copia_corrida,reportes/20260922T173925458200Z_corrida/textos/d_7_parrafo.md,15b8b1019451a6463c5240e14e70dea482f1b550fd8c3abb12ec1ccc5636aac9,67,2026-09-22T17:46:52+00:00
D.7,grafica,build/figures/D/figura_d_7.png,cd7db0a189a59c11b69cfdaee00ee5a62a2b770b49eaaeea0044033b93c9c609,164533,2026-09-22T17:46:52+00:00
D.7,grafica_jpg,build/figures/D/figura_d_7.jpg,54bb7bf08613fba581267513096c3d6a6539b99e76c607c78f16a55078ff21ec,248836,2026-09-22T17:46:52+00:00
D.7,grafica_svg_editable,build/figures/D/figura_d_7.svg,a56ac7db34a84c9d91e3dceda19f6ef067cba4832391918d0a1a0980d0f4f169,28181,2026-09-22T17:46:52+00:00
D.7,metadatos,build/metadata/d_7.json,5bb74f083270d8c83f7774f1d52d577f0bf036b9dc142a63b7bbed02fdd5cf66,891,2026-09-22T17:46:52+00:00
D.8,dato_crudo,data/raw/ift_ecsi_2024_base/objects/8ec6a40e86c5e04989518e09b198977d5347838eb2197afe72382254b3cba18e/baseconfianzadigital.csv,8ec6a40e86c5e04989518e09b198977d5347838eb2197afe72382254b3cba18e,6194080,2026-09-14T22:56:12+00:00
D.8,datos_usados,reportes/20260922T173925458200Z_corrida/datos_usados/d_8_datos_usados.csv,6243a831bf50e799d459148328e0518fbe3fcfd2d4074736466790d043a9026e,207,2026-09-22T17:46:52+00:00
D.8,texto_generado,build/text/d_8.md,e3e5a425feda234527d335e1446665e68a0beb6c097316428bce3d52012c0475,47,2026-09-22T17:46:52+00:00
D.8,texto_copia_corrida,reportes/20260922T173925458200Z_corrida/textos/d_8_parrafo.md,e3e5a425feda234527d335e1446665e68a0beb6c097316428bce3d52012c0475,47,2026-09-22T17:46:52+00:00
D.8,grafica,build/figures/D/figura_d_8.png,a0f48892e94e446797ecfcb02df263c00c292b391b5b1859993c2fc3df246154,118822,2026-09-22T17:46:53+00:00
D.8,grafica_jpg,build/figures/D/figura_d_8.jpg,3b23eba6e063f05b67f912ddd9ddfffd9eb6f0d68604c2d9b5434e9b7ebd05c1,179192,2026-09-22T17:46:53+00:00
D.8,grafica_svg_editable,build/figures/D/figura_d_8.svg,f95a5a50ad357a35aa2068b0309a4771bc30882214c8ea31f83c836f45bb9849,14770,2026-09-22T17:46:53+00:00
D.8,metadatos,build/metadata/d_8.json,aae344d35deafa86e152c4c114f84beb44c078aeb09e52e6497ae9f80594596e,889,2026-09-22T17:46:53+00:00
D.9,dato_crudo,data/raw/ift_ecsi_2024_base/objects/8ec6a40e86c5e04989518e09b198977d5347838eb2197afe72382254b3cba18e/baseconfianzadigital.csv,8ec6a40e86c5e04989518e09b198977d5347838eb2197afe72382254b3cba18e,6194080,2026-09-14T22:56:12+00:00
D.9,datos_usados,reportes/20260922T173925458200Z_corrida/datos_usados/d_9_datos_usados.csv,aff63e85d9c9a42308bf5c905bcbfd11cdcaaf97ec1e54d8f7f496b9dfef9f9e,1152,2026-09-22T17:46:53+00:00
D.9,texto_generado,build/text/d_9.md,f01204a9c59dec87bc2b25892f6679c2b49179c2ee339b492afc9803b3b04d42,59,2026-09-22T17:46:53+00:00
D.9,texto_copia_corrida,reportes/20260922T173925458200Z_corrida/textos/d_9_parrafo.md,f01204a9c59dec87bc2b25892f6679c2b49179c2ee339b492afc9803b3b04d42,59,2026-09-22T17:46:53+00:00
D.9,grafica,build/figures/D/figura_d_9.png,82fd2f3f61c19058113f65ffa7bb5ac65f57ada5d4ef7360b2e590b5cccb3f1a,171005,2026-09-22T17:46:54+00:00
D.9,grafica_jpg,build/figures/D/figura_d_9.jpg,2abe06b56ee966df2b27fdc23cb896964f05f7e993c2c62b50e3d9b9e9949368,248937,2026-09-22T17:46:54+00:00
D.9,grafica_svg_editable,build/figures/D/figura_d_9.svg,502e3a21325c0c4d5aa3bd5fb1306818561fceb91435a0a374452fe896813d14,32259,2026-09-22T17:46:54+00:00
D.9,metadatos,build/metadata/d_9.json,aae94be3fd8b6750f85eebda116183293c4f5e9827eb19b60c9ad6d4476c55b6,914,2026-09-22T17:46:54+00:00
D.10,dato_crudo,data/raw/ift_ecsi_2024_base/objects/8ec6a40e86c5e04989518e09b198977d5347838eb2197afe72382254b3cba18e/baseconfianzadigital.csv,8ec6a40e86c5e04989518e09b198977d5347838eb2197afe72382254b3cba18e,6194080,2026-09-14T22:56:12+00:00
D.10,datos_usados,reportes/20260922T173925458200Z_corrida/datos_usados/d_10_datos_usados.csv,43e052be90c1058df466f19a3ff8d9ce36f2c1e3d6efa2cdd5d4d00ea7a55701,1143,2026-09-22T17:46:54+00:00
D.10,texto_generado,build/text/d_10.md,310a8e05e3fd569511162edb460334a6ba8656db89fa96d40b29ff55693a369e,59,2026-09-22T17:46:54+00:00
D.10,texto_copia_corrida,reportes/20260922T173925458200Z_corrida/textos/d_10_parrafo.md,310a8e05e3fd569511162edb460334a6ba8656db89fa96d40b29ff55693a369e,59,2026-09-22T17:46:54+00:00
D.10,grafica,build/figures/D/figura_d_10.png,01cc14cc324d3c12ec69583d30f5f47a6003972dcadc0d6e606b4c801e16aeb7,167319,2026-09-22T17:46:55+00:00
D.10,grafica_jpg,build/figures/D/figura_d_10.jpg,5752578efb62ac9ed61146bb92b2233674b26180994d45322f0e31f8fdd43977,245898,2026-09-22T17:46:55+00:00
D.10,grafica_svg_editable,build/figures/D/figura_d_10.svg,ca0b9a195c140c5d1041005686f49d3953baa313ba4befbf56b2ccde52247b54,32643,2026-09-22T17:46:55+00:00
D.10,metadatos,build/metadata/d_10.json,ceecfec8ad0db8bfde2ac4658642d326f9f6a154fc7178c9de915fe3aa0f03dc,915,2026-09-22T17:46:55+00:00
D.11,dato_crudo,data/raw/ift_ecsi_2024_base/objects/8ec6a40e86c5e04989518e09b198977d5347838eb2197afe72382254b3cba18e/baseconfianzadigital.csv,8ec6a40e86c5e04989518e09b198977d5347838eb2197afe72382254b3cba18e,6194080,2026-09-14T22:56:12+00:00
D.11,datos_usados,reportes/20260922T173925458200Z_corrida/datos_usados/d_11_datos_usados.csv,58662c318bcc10b1c6b33bee6f05d2da79d4f0455eecce966807f4fceebc9122,599,2026-09-22T17:46:55+00:00
D.11,texto_generado,build/text/d_11.md,24987c32eb406987b5af2e22f9bab6e2337ac80d4f965738ba784adfb32b1794,56,2026-09-22T17:46:55+00:00
D.11,texto_copia_corrida,reportes/20260922T173925458200Z_corrida/textos/d_11_parrafo.md,24987c32eb406987b5af2e22f9bab6e2337ac80d4f965738ba784adfb32b1794,56,2026-09-22T17:46:55+00:00
D.11,grafica,build/figures/D/figura_d_11.png,7907a79a74cdb0696eaaac947eda7788e83b54fe99bade1fd5edc16a9408aa67,149875,2026-09-22T17:46:55+00:00
D.11,grafica_jpg,build/figures/D/figura_d_11.jpg,11cc7c99c8285eb47cc3200b07d87cb03b2e9ef84c10d2dbd0ec9928791e2f04,197215,2026-09-22T17:46:56+00:00
D.11,grafica_svg_editable,build/figures/D/figura_d_11.svg,d030df86b9f407da4ca0070d25ae5b3c9134a7c2eea11a34dcd81379fe7a7c08,15766,2026-09-22T17:46:55+00:00
D.11,metadatos,build/metadata/d_11.json,fffa88c1cf89184352993f7f737a78900ad5db031a27d23cbaff0694b1409c04,923,2026-09-22T17:46:56+00:00
E.1,dato_crudo,data/raw/ift_tercera_encuesta_usuarios_2023_base/objects/21d45976f4f1dede6c3b/bd3erencuesta2023.zip,21d45976f4f1dede6c3b883ac9a7d2a3fed0b8ab3d64f9b41c1e0641ad639d43,16211058,2026-09-15T19:28:34+00:00
E.1,dato_crudo,data/raw/ift_segunda_encuesta_usuarios_2025/objects/cf75332641d2ff2321e0/basesdedatossegundaencuesta2025.zip,cf75332641d2ff2321e06504dc077372c4f3082808e59c44fe5046275f707119,38230965,2026-09-15T19:29:01+00:00
E.1,datos_usados,reportes/20260922T173925458200Z_corrida/datos_usados/e_1_datos_usados.csv,497e05d3b5596865c233900fe994e34c5223e115f219e182e28430525a8c03b3,191,2026-09-22T17:48:10+00:00
E.1,datos_usados,reportes/20260922T173925458200Z_corrida/datos_usados/e_1_validacion_historica.csv,1e79b1bf3bfadc8aa65cff2405518dac812915e265ab5a4e750d469f3a79eb6f,191,2026-09-22T17:48:10+00:00
E.1,texto_generado,build/text/e_1.md,17355172c9975d6bde1fd650d60e2d4cfea62a27f3ad9dbb51d031777fc8f5cb,115,2026-09-22T17:48:10+00:00
E.1,texto_copia_corrida,reportes/20260922T173925458200Z_corrida/textos/e_1_parrafo.md,17355172c9975d6bde1fd650d60e2d4cfea62a27f3ad9dbb51d031777fc8f5cb,115,2026-09-22T17:48:10+00:00
E.1,grafica,build/figures/E/figura_e_1.png,689470f83f6ba5cbcfeb16506b932474d1526ed5a98ec63d36ff6c1063cf5a8e,100799,2026-09-22T17:48:10+00:00
E.1,grafica_jpg,build/figures/E/figura_e_1.jpg,099bb7dd90843add747d0c81928b1af6125699cba9f166e2aa19cfd25100555f,158683,2026-09-22T17:48:10+00:00
E.1,grafica_svg_editable,build/figures/E/figura_e_1.svg,830bf686b1b1f83d7b2fe5cdce0659a0b300e49736497811d2dcf9dd892111e7,8175,2026-09-22T17:48:10+00:00
E.1,metadatos,build/metadata/e_1.json,19d23f5210b782920de39e1f2b1a91ea0f98d703cc7de5633dc3b1816c9a07c7,905,2026-09-22T17:48:10+00:00
E.2,dato_crudo,data/raw/ift_estudio_ia_chatgpt_2023/objects/2dc6ebb00006cc65241c/estudiodeiaychatgpt2023_0.pdf,2dc6ebb00006cc65241c6fc2ee8819aca65f8edcfb5f832a9f1082fd7cb653a3,74308930,2026-09-15T19:29:55+00:00
E.2,datos_usados,reportes/20260922T173925458200Z_corrida/datos_usados/e_2_datos_usados.csv,65dbcb0caa2bde69c127a79e5b318642303a145af77c8080235c5042ced33697,1053,2026-09-22T17:48:11+00:00
E.2,texto_generado,build/text/e_2.md,16fedb6135c322f279e4523df4fd32be2d1247af9b17e487d11ca2a10e2ff082,144,2026-09-22T17:48:11+00:00
E.2,texto_copia_corrida,reportes/20260922T173925458200Z_corrida/textos/e_2_parrafo.md,16fedb6135c322f279e4523df4fd32be2d1247af9b17e487d11ca2a10e2ff082,144,2026-09-22T17:48:11+00:00
E.2,grafica,build/figures/E/figura_e_2.png,5d28204d09341d488dca7cae98d83d761c3e86c832b1557afede6e05e96da8c1,240704,2026-09-22T17:48:11+00:00
E.2,grafica_jpg,build/figures/E/figura_e_2.jpg,aebca51d04da8e18ae12cd682907d093052534e3424dd5ff33c272c731572b37,332886,2026-09-22T17:48:11+00:00
E.2,grafica_svg_editable,build/figures/E/figura_e_2.svg,ca543c06a249f322bb704efb00926065abbabc8a43eb7488b115750299c40468,31755,2026-09-22T17:48:11+00:00
E.2,metadatos,build/metadata/e_2.json,caa2037a3b1f3a7370002f2c9eebd146b502526192a28474138401e036b3a342,899,2026-09-22T17:48:11+00:00
E.3,dato_crudo,data/raw/ift_mipymes_2022_base/objects/8cdcfb71839a05ac1597a1899a2eef7dfdd91f29cb19545c346878df279daa3f/bd4taencuesta2022.zip,8cdcfb71839a05ac1597a1899a2eef7dfdd91f29cb19545c346878df279daa3f,2263587,2026-09-15T15:46:57+00:00
E.3,dato_crudo,data/raw/ift_mipymes_2023_base/objects/e9f318c2f6a57c9dd73f91b80678c2daecfb54f85d65288e268b67c994c39324/bd4taencuesta2023.zip,e9f318c2f6a57c9dd73f91b80678c2daecfb54f85d65288e268b67c994c39324,3443995,2026-09-15T15:47:02+00:00
E.3,dato_crudo,data/raw/ift_mipymes_2024_base/objects/831c2b6c2a0f549abec6/basededatoscuartaencuesta2024mipymes.zip,831c2b6c2a0f549abec65144ed6268c4cbf6223bdb76cb8a98a9d5e159230467,3941975,2026-09-15T19:30:06+00:00
E.3,datos_usados,reportes/20260922T173925458200Z_corrida/datos_usados/e_3_datos_usados.csv,bcbdf614929c1094074eb4b450cd40f643e98df8866119bfd70ff7d00f4f5cfe,587,2026-09-22T17:48:29+00:00
E.3,texto_generado,build/text/e_3.md,a63fb76ec05746b6899985cfbe18b5cceb4cbe98aa6aaca347d483ec57cd4e2e,82,2026-09-22T17:48:29+00:00
E.3,texto_copia_corrida,reportes/20260922T173925458200Z_corrida/textos/e_3_parrafo.md,a63fb76ec05746b6899985cfbe18b5cceb4cbe98aa6aaca347d483ec57cd4e2e,82,2026-09-22T17:48:29+00:00
E.3,grafica,build/figures/E/figura_e_3.png,a4d9fd95a0018cb6f03dc6d1d8a70c5b7893bac4789f63b3c09a8d027b05c3d2,124954,2026-09-22T17:48:30+00:00
E.3,grafica_jpg,build/figures/E/figura_e_3.jpg,088ff67773ecfe63149a19938b317e2a926a15d157f54827457982fa1f7abee7,192654,2026-09-22T17:48:30+00:00
E.3,grafica_svg_editable,build/figures/E/figura_e_3.svg,4e41742a6a999955d67f87d8250a3b3d85e8ad0a6968b8009f61b8c5d52f6aa8,18129,2026-09-22T17:48:30+00:00
E.3,metadatos,build/metadata/e_3.json,a7a7bb28926e886356623dc376659cf22a4c86d0c576b1fff569083349412a4f,905,2026-09-22T17:48:30+00:00
E.4,dato_crudo,data/raw/ift_mipymes_2023_base/objects/e9f318c2f6a57c9dd73f91b80678c2daecfb54f85d65288e268b67c994c39324/bd4taencuesta2023.zip,e9f318c2f6a57c9dd73f91b80678c2daecfb54f85d65288e268b67c994c39324,3443995,2026-09-15T15:47:02+00:00
E.4,dato_crudo,data/raw/ift_mipymes_2024_base/objects/831c2b6c2a0f549abec6/basededatoscuartaencuesta2024mipymes.zip,831c2b6c2a0f549abec65144ed6268c4cbf6223bdb76cb8a98a9d5e159230467,3941975,2026-09-15T19:30:06+00:00
E.4,datos_usados,reportes/20260922T173925458200Z_corrida/datos_usados/e_4_datos_usados.csv,59597fa8491ec223d694378c1ce0305e99443e3973d2cfc078e17a1908efda36,1602,2026-09-22T17:48:42+00:00
E.4,texto_generado,build/text/e_4.md,8854cc05fd131c56681791ee0d965ff3d6c400bd44ed0f414a81bdafe7d2280e,76,2026-09-22T17:48:43+00:00
E.4,texto_copia_corrida,reportes/20260922T173925458200Z_corrida/textos/e_4_parrafo.md,8854cc05fd131c56681791ee0d965ff3d6c400bd44ed0f414a81bdafe7d2280e,76,2026-09-22T17:48:43+00:00
E.4,grafica,build/figures/E/figura_e_4.png,6ae7482538d75280b616414ec266adf02a70fc91e8d1e49636701c578c5ee163,151905,2026-09-22T17:48:43+00:00
E.4,grafica_jpg,build/figures/E/figura_e_4.jpg,0911d6411b7145ee655fb433edbf9e5694507eae003a09570af40cee3e279185,299779,2026-09-22T17:48:43+00:00
E.4,grafica_svg_editable,build/figures/E/figura_e_4.svg,9f4f2fc3a40dc5d5027736cacb38ba13014ea706de080be266d982b7ae1d8252,23579,2026-09-22T17:48:43+00:00
E.4,metadatos,build/metadata/e_4.json,571d7536bd188ec2914af4d20abe05b7b526e79ce4bc80b43901b0026a1201f8,898,2026-09-22T17:48:43+00:00
E.5,dato_crudo,data/raw/ift_mipymes_2023_base/objects/e9f318c2f6a57c9dd73f91b80678c2daecfb54f85d65288e268b67c994c39324/bd4taencuesta2023.zip,e9f318c2f6a57c9dd73f91b80678c2daecfb54f85d65288e268b67c994c39324,3443995,2026-09-15T15:47:02+00:00
E.5,dato_crudo,data/raw/ift_mipymes_2024_base/objects/831c2b6c2a0f549abec6/basededatoscuartaencuesta2024mipymes.zip,831c2b6c2a0f549abec65144ed6268c4cbf6223bdb76cb8a98a9d5e159230467,3941975,2026-09-15T19:30:06+00:00
E.5,datos_usados,reportes/20260922T173925458200Z_corrida/datos_usados/e_5_datos_usados.csv,864a4e9ef01eb45ffe5a677c07336951e93556c5f3afcd22b2cbaca875055f55,3674,2026-09-22T17:49:01+00:00
E.5,texto_generado,build/text/e_5.md,44d848da9ec7e89eba3fd304eb118169f16fd5b40b5ea143926bfc2c8c19676f,103,2026-09-22T17:49:01+00:00
E.5,texto_copia_corrida,reportes/20260922T173925458200Z_corrida/textos/e_5_parrafo.md,44d848da9ec7e89eba3fd304eb118169f16fd5b40b5ea143926bfc2c8c19676f,103,2026-09-22T17:49:01+00:00
E.5,grafica,build/figures/E/figura_e_5.png,c947ff316371b112c4ae81e513e0bbf7753be698a4c78b422cda6253fb7728c0,173985,2026-09-22T17:49:02+00:00
E.5,grafica_jpg,build/figures/E/figura_e_5.jpg,f88b797a9f68e272bb0ed01a02d268a58983fa496a7ba00da5ccba4894a1cebf,267338,2026-09-22T17:49:02+00:00
E.5,grafica_svg_editable,build/figures/E/figura_e_5.svg,aaeef1eb693cde4df21ea343b36f077d8d9345f277660c0b9132905fec538ae3,27163,2026-09-22T17:49:02+00:00
E.5,metadatos,build/metadata/e_5.json,7612ad405d6bcc66aa594ee5570355885db5fba1da62e092cc2f2c8e257661e5,899,2026-09-22T17:49:02+00:00
E.6,dato_crudo,data/raw/ift_mipymes_2024_base/objects/831c2b6c2a0f549abec6/basededatoscuartaencuesta2024mipymes.zip,831c2b6c2a0f549abec65144ed6268c4cbf6223bdb76cb8a98a9d5e159230467,3941975,2026-09-15T19:30:06+00:00
E.6,datos_usados,reportes/20260922T173925458200Z_corrida/datos_usados/e_6_datos_usados.csv,25f7f4f1c903180cc15105cdca43545c46c19aa17ab8f2ffb1480393da1f4959,1018,2026-09-22T17:49:10+00:00
E.6,texto_generado,build/text/e_6.md,db5b84b154a2446cdbf47d2e533a76894000b04930305bd65d4529233f3066d8,72,2026-09-22T17:49:10+00:00
E.6,texto_copia_corrida,reportes/20260922T173925458200Z_corrida/textos/e_6_parrafo.md,db5b84b154a2446cdbf47d2e533a76894000b04930305bd65d4529233f3066d8,72,2026-09-22T17:49:10+00:00
E.6,grafica,build/figures/E/figura_e_6.png,98706e0b156b396452ebc1d365e8c4c77c5917b641c71aa12c7044e8e929d414,169777,2026-09-22T17:49:10+00:00
E.6,grafica_jpg,build/figures/E/figura_e_6.jpg,312ada05afe099f38c83054d7c8215c849ebd0ba29493a44c6ad71e08370ff9f,222042,2026-09-22T17:49:10+00:00
E.6,grafica_svg_editable,build/figures/E/figura_e_6.svg,096586058a7663450446563c91fc34ff78090d235b128c4f956a4178fc242b55,28324,2026-09-22T17:49:10+00:00
E.6,metadatos,build/metadata/e_6.json,21d8a21204f9ac7d55cb7246d44381c658df4d52dbf5e361347fbc8f6b7ba119,882,2026-09-22T17:49:10+00:00
E.7,dato_crudo,data/raw/ift_mipymes_2023_base/objects/e9f318c2f6a57c9dd73f91b80678c2daecfb54f85d65288e268b67c994c39324/bd4taencuesta2023.zip,e9f318c2f6a57c9dd73f91b80678c2daecfb54f85d65288e268b67c994c39324,3443995,2026-09-15T15:47:02+00:00
E.7,dato_crudo,data/raw/ift_mipymes_2024_base/objects/831c2b6c2a0f549abec6/basededatoscuartaencuesta2024mipymes.zip,831c2b6c2a0f549abec65144ed6268c4cbf6223bdb76cb8a98a9d5e159230467,3941975,2026-09-15T19:30:06+00:00
E.7,datos_usados,reportes/20260922T173925458200Z_corrida/datos_usados/e_7_datos_usados.csv,ba8658da25ea2b855f9b863b992c6712d34b2c49788633b8d70f041cac5e3b8a,2915,2026-09-22T17:49:22+00:00
E.7,texto_generado,build/text/e_7.md,ce731505cf138ce7c786bd499c1f24285f872b0ceb4657ee520c455f95ba176c,96,2026-09-22T17:49:22+00:00
E.7,texto_copia_corrida,reportes/20260922T173925458200Z_corrida/textos/e_7_parrafo.md,ce731505cf138ce7c786bd499c1f24285f872b0ceb4657ee520c455f95ba176c,96,2026-09-22T17:49:22+00:00
E.7,grafica,build/figures/E/figura_e_7.png,0ad6b38464a4d25a560c231c6656237ace2f7ef02dcdfca7cc957f667481f265,208059,2026-09-22T17:49:23+00:00
E.7,grafica_jpg,build/figures/E/figura_e_7.jpg,b1e5b1d9b0ef0724dc30cb21e61b484b9d5442c7295cb90611d64fa35a28144d,295929,2026-09-22T17:49:23+00:00
E.7,grafica_svg_editable,build/figures/E/figura_e_7.svg,8f9c2039e9bc4b506dd1d8167c8368e21b01f1462f610931162eac30cd395da9,38682,2026-09-22T17:49:23+00:00
E.7,metadatos,build/metadata/e_7.json,c486ae68cf60fa03430bb42b7c634eecfc6524f815e238a076d149ba26e94edd,878,2026-09-22T17:49:23+00:00
E.8,dato_crudo,data/raw/ift_mipymes_2023_base/objects/e9f318c2f6a57c9dd73f91b80678c2daecfb54f85d65288e268b67c994c39324/bd4taencuesta2023.zip,e9f318c2f6a57c9dd73f91b80678c2daecfb54f85d65288e268b67c994c39324,3443995,2026-09-15T15:47:02+00:00
E.8,dato_crudo,data/raw/ift_mipymes_2024_base/objects/831c2b6c2a0f549abec6/basededatoscuartaencuesta2024mipymes.zip,831c2b6c2a0f549abec65144ed6268c4cbf6223bdb76cb8a98a9d5e159230467,3941975,2026-09-15T19:30:06+00:00
E.8,datos_usados,reportes/20260922T173925458200Z_corrida/datos_usados/e_8_datos_usados.csv,1d848d45b5d5ad2161936bb0582d4effbe3a41290b7241a80f9f855f0ee099c6,1079,2026-09-22T17:49:34+00:00
E.8,texto_generado,build/text/e_8.md,39823bdbded5d37414f9b0ccff813ace0c455b3f14d1d2102feb5e43eb614390,89,2026-09-22T17:49:34+00:00
E.8,texto_copia_corrida,reportes/20260922T173925458200Z_corrida/textos/e_8_parrafo.md,39823bdbded5d37414f9b0ccff813ace0c455b3f14d1d2102feb5e43eb614390,89,2026-09-22T17:49:34+00:00
E.8,grafica,build/figures/E/figura_e_8.png,36c8cf0af3fbbdd654853ba239ae94d9bcdde06638586b8454dd4b7a3195cfdc,192747,2026-09-22T17:49:35+00:00
E.8,grafica_jpg,build/figures/E/figura_e_8.jpg,c5eda842440d80ab2b69e6e129f1da0bf39f9fb3f027b135276266a8bfaf400e,276361,2026-09-22T17:49:35+00:00
E.8,grafica_svg_editable,build/figures/E/figura_e_8.svg,42943afb64425a7eae38a95b7271261c1710241e7b9b7491ffd342d8c8e60daf,18243,2026-09-22T17:49:35+00:00
E.8,metadatos,build/metadata/e_8.json,5c192e40aa2e5ad3cfa02d486311e80f946aa68b6b6d9ce5f0b49b86fc92ffcf,886,2026-09-22T17:49:35+00:00
E.9,dato_crudo,data/raw/ift_mipymes_impexp_2022_base/objects/2405c1df64b0b325e39f53f5d34633b8fd692d0a7d926d760c08a32e31e8f7a4/bdmipymesimpexp2022.zip,2405c1df64b0b325e39f53f5d34633b8fd692d0a7d926d760c08a32e31e8f7a4,754730,2026-09-15T16:04:45+00:00
E.9,datos_usados,reportes/20260922T173925458200Z_corrida/datos_usados/e_9_datos_usados.csv,a6235393711c2bd7dd2606506f67ace08c4181e9a155990aec231e32f830af01,274,2026-09-22T17:49:36+00:00
E.9,texto_generado,build/text/e_9.md,571c3a01b89b9c78d54f44ecd9956a0b247762026d67390bc19fb05460fdf64b,137,2026-09-22T17:49:36+00:00
E.9,texto_copia_corrida,reportes/20260922T173925458200Z_corrida/textos/e_9_parrafo.md,571c3a01b89b9c78d54f44ecd9956a0b247762026d67390bc19fb05460fdf64b,137,2026-09-22T17:49:36+00:00
E.9,grafica,build/figures/E/figura_e_9.png,9cf6ce639fdd83c928a6d2c22d315bf8b79e353f5feeca967e4b41ae277f9680,133068,2026-09-22T17:49:36+00:00
E.9,grafica_jpg,build/figures/E/figura_e_9.jpg,1cee96aa74d75ea4bf574a862e0c5ed5e51cac9ddf06c2001e7351c007a7cf85,169892,2026-09-22T17:49:37+00:00
E.9,grafica_svg_editable,build/figures/E/figura_e_9.svg,ac85a9d8762fc76c4f235135703acbe18399f4efb6e14a3321945ae0c9795ada,9459,2026-09-22T17:49:36+00:00
E.9,metadatos,build/metadata/e_9.json,12f361d9f89a2f73f2910d5a73a41deac8cb4af2fa8f6c0565439e564ed8b624,927,2026-09-22T17:49:37+00:00
F.1.1,dato_crudo,data/raw/inegi_endutih_2023_reference/objects/e3f5bdb2346423085c71/conjunto_de_datos_endutih_2023_csv.zip,e3f5bdb2346423085c717f1749b5a0be32b60601355925f0ad3e2efaf5e307d3,10523041,2026-09-15T19:31:14+00:00
F.1.1,dato_crudo,data/raw/inegi_endutih_2025/objects/65d219261b3890ee12eaf95cdd1185f6b7d52eefd7e698ffd335b604364fd508/conjunto_de_datos_endutih_2025_csv.zip,65d219261b3890ee12eaf95cdd1185f6b7d52eefd7e698ffd335b604364fd508,8197337,2026-09-10T12:04:22+00:00
F.1.1,datos_usados,reportes/20260922T173925458200Z_corrida/datos_usados/f_1_1_datos_usados.csv,ee653ad9b1174ecc58b00875c20f150044f93aa8e5c7910196e1c6cc1fc9d4f4,2029,2026-09-22T17:49:37+00:00
F.1.1,texto_generado,build/text/f_1_1.md,8f5dafe8bb796f762c8678ad0d07cf0230baa819a335ab682b3f71f4ea81cb13,218,2026-09-22T17:49:37+00:00
F.1.1,texto_copia_corrida,reportes/20260922T173925458200Z_corrida/textos/f_1_1_parrafo.md,8f5dafe8bb796f762c8678ad0d07cf0230baa819a335ab682b3f71f4ea81cb13,218,2026-09-22T17:49:37+00:00
F.1.1,grafica,build/figures/F/figura_f_1_1.png,b88744cd7443b0c56576404f33a306c4b083fb6f84a857a608b7031a33c3073e,263687,2026-09-22T17:49:38+00:00
F.1.1,grafica_jpg,build/figures/F/figura_f_1_1.jpg,1ea47f855d1835b60f4f0a13a0b679d11e9f15a9d949e049d94c4de947980441,357324,2026-09-22T17:49:38+00:00
F.1.1,grafica_svg_editable,build/figures/F/figura_f_1_1.svg,d9883d6e80854f39951a39e053068389152f4af9301e5440fe67dbe1bf046b0b,24927,2026-09-22T17:49:38+00:00
F.1.1,metadatos,build/metadata/f_1_1.json,360d35c07e39913c3428c40ac8be36f7e34812bc03e2181106c2aaf7f2b82f48,1147,2026-09-22T17:49:38+00:00
F.1.2,dato_crudo,data/raw/inegi_endutih_2023_reference/objects/e3f5bdb2346423085c71/conjunto_de_datos_endutih_2023_csv.zip,e3f5bdb2346423085c717f1749b5a0be32b60601355925f0ad3e2efaf5e307d3,10523041,2026-09-15T19:31:14+00:00
F.1.2,dato_crudo,data/raw/inegi_endutih_2025/objects/65d219261b3890ee12eaf95cdd1185f6b7d52eefd7e698ffd335b604364fd508/conjunto_de_datos_endutih_2025_csv.zip,65d219261b3890ee12eaf95cdd1185f6b7d52eefd7e698ffd335b604364fd508,8197337,2026-09-10T12:04:22+00:00
F.1.2,datos_usados,reportes/20260922T173925458200Z_corrida/datos_usados/f_1_2_datos_usados.csv,c26fed4e6069bb1f467d399e978ef0da8e1375a15f8aa2e9a879a3a9f637a8c4,2659,2026-09-22T17:49:39+00:00
F.1.2,texto_generado,build/text/f_1_2.md,167381a935aa1b1fec160c62b4cf735caf21f8a928641779df86a4ad912aea32,228,2026-09-22T17:49:39+00:00
F.1.2,texto_copia_corrida,reportes/20260922T173925458200Z_corrida/textos/f_1_2_parrafo.md,167381a935aa1b1fec160c62b4cf735caf21f8a928641779df86a4ad912aea32,228,2026-09-22T17:49:39+00:00
F.1.2,grafica,build/figures/F/figura_f_1_2.png,99c6cc3a16d5a8a71b2c6c85271a6420346c032756e5baa1008491087d8faee9,295580,2026-09-22T17:49:40+00:00
F.1.2,grafica_jpg,build/figures/F/figura_f_1_2.jpg,7c1c3e90954115969422f145925d19e2392890814844311d164b2972f4e339d1,382661,2026-09-22T17:49:40+00:00
F.1.2,grafica_svg_editable,build/figures/F/figura_f_1_2.svg,24dcaa912d33b465242b287a643fc9bdfb2a597dc4aaa43ba35eeca681e53213,31100,2026-09-22T17:49:40+00:00
F.1.2,metadatos,build/metadata/f_1_2.json,1d1d15df0c01f01b0883c04efc61ff482c5976275ba0040fe4270935c9d1ff4e,1120,2026-09-22T17:49:40+00:00
F.1.3,dato_crudo,data/raw/inegi_endutih_2023_reference/objects/e3f5bdb2346423085c71/conjunto_de_datos_endutih_2023_csv.zip,e3f5bdb2346423085c717f1749b5a0be32b60601355925f0ad3e2efaf5e307d3,10523041,2026-09-15T19:31:14+00:00
F.1.3,dato_crudo,data/raw/inegi_endutih_2024_reference/objects/d29393ac2737d8301e6d/conjunto_de_datos_endutih_2024_csv.zip,d29393ac2737d8301e6d60893206d45e46cd7d87c796bf2aa561d22f5bc9ae86,8670951,2026-09-15T19:31:27+00:00
F.1.3,dato_crudo,data/raw/inegi_endutih_2025/objects/65d219261b3890ee12eaf95cdd1185f6b7d52eefd7e698ffd335b604364fd508/conjunto_de_datos_endutih_2025_csv.zip,65d219261b3890ee12eaf95cdd1185f6b7d52eefd7e698ffd335b604364fd508,8197337,2026-09-10T12:04:22+00:00
F.1.3,datos_usados,reportes/20260922T173925458200Z_corrida/datos_usados/f_1_3_datos_usados.csv,caec6b0a7c4f489a423ee313c7a09a1fdfa3a0c90f85088898f49e2089e14b21,2114,2026-09-22T17:49:41+00:00
F.1.3,texto_generado,build/text/f_1_3.md,61ccfc29a82081f4b29de923e53a790b239f9cd5681a792c188250616ed632ec,227,2026-09-22T17:49:41+00:00
F.1.3,texto_copia_corrida,reportes/20260922T173925458200Z_corrida/textos/f_1_3_parrafo.md,61ccfc29a82081f4b29de923e53a790b239f9cd5681a792c188250616ed632ec,227,2026-09-22T17:49:41+00:00
F.1.3,grafica,build/figures/F/figura_f_1_3.png,3aaa6206258899d63a9f9575cefb20b719075e913a936329c979c4593667a699,279443,2026-09-22T17:49:42+00:00
F.1.3,grafica_jpg,build/figures/F/figura_f_1_3.jpg,6c4bdbdc5eacdb3099225cf5143dfb1cdee6958c61089072354275e33687942d,374239,2026-09-22T17:49:42+00:00
F.1.3,grafica_svg_editable,build/figures/F/figura_f_1_3.svg,93fcc3fd6efbe1e7809579343748deb162ea42cbb84a1419b1c72d026f5885e3,25199,2026-09-22T17:49:42+00:00
F.1.3,metadatos,build/metadata/f_1_3.json,d76e77da62b08eeae8123f99c14e6d9fce4975db134aa1a7e76cfac01de74520,1278,2026-09-22T17:49:42+00:00
F.1.4,dato_crudo,data/raw/inegi_endutih_2023_reference/objects/e3f5bdb2346423085c71/conjunto_de_datos_endutih_2023_csv.zip,e3f5bdb2346423085c717f1749b5a0be32b60601355925f0ad3e2efaf5e307d3,10523041,2026-09-15T19:31:14+00:00
F.1.4,dato_crudo,data/raw/inegi_endutih_2025/objects/65d219261b3890ee12eaf95cdd1185f6b7d52eefd7e698ffd335b604364fd508/conjunto_de_datos_endutih_2025_csv.zip,65d219261b3890ee12eaf95cdd1185f6b7d52eefd7e698ffd335b604364fd508,8197337,2026-09-10T12:04:22+00:00
F.1.4,datos_usados,reportes/20260922T173925458200Z_corrida/datos_usados/f_1_4_datos_usados.csv,07f1bb47d3b75ba61160828ee63cab1b5c2f4f7c7bad407bb011066f1f4bc8f7,1926,2026-09-22T17:49:43+00:00
F.1.4,texto_generado,build/text/f_1_4.md,b8877132c24794065af03c7711f423738b25029c53c6a0affd31adfc38a8db13,203,2026-09-22T17:49:43+00:00
F.1.4,texto_copia_corrida,reportes/20260922T173925458200Z_corrida/textos/f_1_4_parrafo.md,b8877132c24794065af03c7711f423738b25029c53c6a0affd31adfc38a8db13,203,2026-09-22T17:49:43+00:00
F.1.4,grafica,build/figures/F/figura_f_1_4.png,c8cbb62796286ce1184536fbe397e2232e846af25b34c61e7993a13661ee88bd,250080,2026-09-22T17:49:44+00:00
F.1.4,grafica_jpg,build/figures/F/figura_f_1_4.jpg,a29c9d8a6708e36436c4db7f1db0e60b712b46c8b83c38afa0c26f1e8befc033,333014,2026-09-22T17:49:44+00:00
F.1.4,grafica_svg_editable,build/figures/F/figura_f_1_4.svg,be0a870fe070fc74251a8324fe7f189377ef76363b6f15a4d5b6dbfef336460b,26485,2026-09-22T17:49:44+00:00
F.1.4,metadatos,build/metadata/f_1_4.json,585b83c7f8dd29f2d1943350852f70609a1efdb08446b706912a359dc35b8b9e,1064,2026-09-22T17:49:44+00:00
F.2,dato_crudo,data/raw/inegi_enoe_a2/enoe_2024_trim2_csv.zip,13922f8902f587939145e0302ec8e6e5fa9fb0df4207229f7447deaaab96e285,31773308,2026-08-31T22:23:40+00:00
F.2,dato_crudo,data/raw/inegi_enoe_a2/enoe_2026_trim2_csv.zip,020811fa989a3e4e3e0daae39b32df6bb055f3ca59653b76ecc454f9b231d91e,35213597,2026-09-09T20:26:26+00:00
F.2,datos_usados,reportes/20260922T173925458200Z_corrida/datos_usados/f_2_datos_usados.csv,2d07bdc0928267c24774594ae45e6ad1cf7e78ee4279720d365c4e34718ba00d,240,2026-09-22T17:49:56+00:00
F.2,texto_generado,build/text/f_2.md,3ad704f25814246652748398a00487edae68d0b9a38cdc500a1b11ecc4a3a6dd,163,2026-09-22T17:49:56+00:00
F.2,texto_copia_corrida,reportes/20260922T173925458200Z_corrida/textos/f_2_parrafo.md,3ad704f25814246652748398a00487edae68d0b9a38cdc500a1b11ecc4a3a6dd,163,2026-09-22T17:49:56+00:00
F.2,grafica,build/figures/F/figura_f_2.png,be29689797da904888b61a3a4259aa4bc7952434814c2271ebfa8c4d7f9132fd,180502,2026-09-22T17:49:57+00:00
F.2,grafica_jpg,build/figures/F/figura_f_2.jpg,c013ad95bd55d7a53daf7c83f8b6942e9143acc951d45bcd5ad6f636d4312965,236387,2026-09-22T17:49:57+00:00
F.2,grafica_svg_editable,build/figures/F/figura_f_2.svg,9a2bb7b229927706df80404d13feb033bf256e0c4a31ae7882d5215c26c29ef9,12069,2026-09-22T17:49:57+00:00
F.2,metadatos,build/metadata/f_2.json,b055c7f7c2fc80dd8fedf4c8d24d3c1d55510dffee56b1d278467bf54958c34a,994,2026-09-22T17:49:57+00:00
F.3,dato_crudo,data/raw/inegi_mociba_2024_reference/objects/105e2e266134be538d33b5685e24bd41247eec5156f27b11ada7a3bb50f0a7ab/mociba2024_bd_csv.zip,105e2e266134be538d33b5685e24bd41247eec5156f27b11ada7a3bb50f0a7ab,1500882,2026-09-14T22:09:07+00:00
F.3,dato_crudo,data/raw/inegi_mociba_2025/objects/bc700919a67ae2ced10abdda770cc2262414a8a70d4f510f3c2cd0a67ef3a39d/mociba2025_bd_csv.zip,bc700919a67ae2ced10abdda770cc2262414a8a70d4f510f3c2cd0a67ef3a39d,1541603,2026-09-14T22:09:09+00:00
F.3,datos_usados,reportes/20260922T173925458200Z_corrida/datos_usados/f_3_datos_usados.csv,0758e19b03f1d49b2506061a6dcf72f1e91fbccb164a6d1a17bc9421d066f072,1513,2026-09-22T17:49:58+00:00
F.3,texto_generado,build/text/f_3.md,e485f2c228a57ec8ec9578ad23136524a9867bd9d62fdd8cffd6005ad3da5836,150,2026-09-22T17:49:58+00:00
F.3,texto_copia_corrida,reportes/20260922T173925458200Z_corrida/textos/f_3_parrafo.md,e485f2c228a57ec8ec9578ad23136524a9867bd9d62fdd8cffd6005ad3da5836,150,2026-09-22T17:49:58+00:00
F.3,grafica,build/figures/F/figura_f_3.png,b9a0a5faa215a18b53e50df87cba781acfbe3d946dda75abe3046e3dbbdb7e9a,231542,2026-09-22T17:49:58+00:00
F.3,grafica_jpg,build/figures/F/figura_f_3.jpg,3c1593cb43eaec097c1b4f3864c5285361671e2e84dc1c2827db1ffab21d7c88,262843,2026-09-22T17:49:59+00:00
F.3,grafica_svg_editable,build/figures/F/figura_f_3.svg,7cadc0c4ab50e65a2da754778dd70dc68931c8612d7ae28b4dac56a4cb463f2e,44812,2026-09-22T17:49:59+00:00
F.3,metadatos,build/metadata/f_3.json,348188cdf1ed6dc1df5695ef50205f5221892ef3dc2804bb43b472d754d0c7df,966,2026-09-22T17:49:59+00:00
F.4,dato_crudo,data/raw/inegi_mociba_2024_reference/objects/105e2e266134be538d33b5685e24bd41247eec5156f27b11ada7a3bb50f0a7ab/mociba2024_bd_csv.zip,105e2e266134be538d33b5685e24bd41247eec5156f27b11ada7a3bb50f0a7ab,1500882,2026-09-14T22:09:07+00:00
F.4,dato_crudo,data/raw/inegi_mociba_2025/objects/bc700919a67ae2ced10abdda770cc2262414a8a70d4f510f3c2cd0a67ef3a39d/mociba2025_bd_csv.zip,bc700919a67ae2ced10abdda770cc2262414a8a70d4f510f3c2cd0a67ef3a39d,1541603,2026-09-14T22:09:09+00:00
F.4,datos_usados,reportes/20260922T173925458200Z_corrida/datos_usados/f_4_datos_usados.csv,d101c368f5d3537c1a8b13342a53f4be63d131a2bf331b8a17c6491a02058e8a,1879,2026-09-22T17:50:00+00:00
F.4,texto_generado,build/text/f_4.md,bf46fc2ae73f6592222f9a4935d79a0ece34326297dabad8e982a95a325afbcc,121,2026-09-22T17:50:00+00:00
F.4,texto_copia_corrida,reportes/20260922T173925458200Z_corrida/textos/f_4_parrafo.md,bf46fc2ae73f6592222f9a4935d79a0ece34326297dabad8e982a95a325afbcc,121,2026-09-22T17:50:00+00:00
F.4,grafica,build/figures/F/figura_f_4.png,bb7bbd874de11e827d03ba4f3789de4eef8b7964fb595ec9db185c99ec16788e,222166,2026-09-22T17:50:00+00:00
F.4,grafica_jpg,build/figures/F/figura_f_4.jpg,1bdc41283a9c2dc5deefd98548411cb830cb3f866085f28704c52fcabe9e4019,255360,2026-09-22T17:50:01+00:00
F.4,grafica_svg_editable,build/figures/F/figura_f_4.svg,acf25959645576fad9c4dc201629bda83b95d8ccc738a81a7a3fa63669f6a9f7,68558,2026-09-22T17:50:01+00:00
F.4,metadatos,build/metadata/f_4.json,4683785d044392655e724e0729aac5f3422cb7d5d05c95d78ad466ce275f9979,976,2026-09-22T17:50:01+00:00
F.5,dato_crudo,data/raw/inegi_mociba_2024_reference/objects/105e2e266134be538d33b5685e24bd41247eec5156f27b11ada7a3bb50f0a7ab/mociba2024_bd_csv.zip,105e2e266134be538d33b5685e24bd41247eec5156f27b11ada7a3bb50f0a7ab,1500882,2026-09-14T22:09:07+00:00
F.5,dato_crudo,data/raw/inegi_mociba_2025/objects/bc700919a67ae2ced10abdda770cc2262414a8a70d4f510f3c2cd0a67ef3a39d/mociba2025_bd_csv.zip,bc700919a67ae2ced10abdda770cc2262414a8a70d4f510f3c2cd0a67ef3a39d,1541603,2026-09-14T22:09:09+00:00
F.5,datos_usados,reportes/20260922T173925458200Z_corrida/datos_usados/f_5_datos_usados.csv,478a4e69e088cd35c715536e462ee94bc5d958af0a0cd7c2a3cd2ad8368be8e3,407,2026-09-22T17:50:02+00:00
F.5,texto_generado,build/text/f_5.md,1ccba3f9c9fbf608cb4b02e78630ba973e1c04935fc3a706dd28e3c60492e24a,147,2026-09-22T17:50:02+00:00
F.5,texto_copia_corrida,reportes/20260922T173925458200Z_corrida/textos/f_5_parrafo.md,1ccba3f9c9fbf608cb4b02e78630ba973e1c04935fc3a706dd28e3c60492e24a,147,2026-09-22T17:50:02+00:00
F.5,grafica,build/figures/F/figura_f_5.png,5cae4d85f2ef814ff501cf0f59d5c634f3dd9fda480717c83fe15de5c8f51daa,142420,2026-09-22T17:50:02+00:00
F.5,grafica_jpg,build/figures/F/figura_f_5.jpg,c02addfed1c468b625e677040ef7b61565dd3728447ceb779ada9a09ee1edae9,180783,2026-09-22T17:50:02+00:00
F.5,grafica_svg_editable,build/figures/F/figura_f_5.svg,862b78a59fea14a2d5d6072a82a7e2d89a508014a0b638f6a9e47829ccbeb6ed,17119,2026-09-22T17:50:02+00:00
F.5,metadatos,build/metadata/f_5.json,a0d4dc9da00af54962626907ce08dff45e70d5e5372b4f387f2ec16244457d4c,948,2026-09-22T17:50:03+00:00
F.6,dato_crudo,data/raw/inegi_mociba_2024_reference/objects/105e2e266134be538d33b5685e24bd41247eec5156f27b11ada7a3bb50f0a7ab/mociba2024_bd_csv.zip,105e2e266134be538d33b5685e24bd41247eec5156f27b11ada7a3bb50f0a7ab,1500882,2026-09-14T22:09:07+00:00
F.6,dato_crudo,data/raw/inegi_mociba_2025/objects/bc700919a67ae2ced10abdda770cc2262414a8a70d4f510f3c2cd0a67ef3a39d/mociba2025_bd_csv.zip,bc700919a67ae2ced10abdda770cc2262414a8a70d4f510f3c2cd0a67ef3a39d,1541603,2026-09-14T22:09:09+00:00
F.6,datos_usados,reportes/20260922T173925458200Z_corrida/datos_usados/f_6_datos_usados.csv,2c4bc09029d4ca5b014147e293480d57b82f888fa5c76fb95cdd20bd690f3bd9,1075,2026-09-22T17:50:04+00:00
F.6,texto_generado,build/text/f_6.md,605e46a66877307bc5db69421246e009c46efb289f634a2c5bb515014f5503ec,164,2026-09-22T17:50:04+00:00
F.6,texto_copia_corrida,reportes/20260922T173925458200Z_corrida/textos/f_6_parrafo.md,605e46a66877307bc5db69421246e009c46efb289f634a2c5bb515014f5503ec,164,2026-09-22T17:50:04+00:00
F.6,grafica,build/figures/F/figura_f_6.png,e75aa2ce5dea138899ceec78de910a18a34cc6a293fc1a0932b75cd4dca18b0a,202413,2026-09-22T17:50:04+00:00
F.6,grafica_jpg,build/figures/F/figura_f_6.jpg,0e9a2e689bc6ad1d885162290536717005f339a1164b174b6575cf50909778a0,256533,2026-09-22T17:50:04+00:00
F.6,grafica_svg_editable,build/figures/F/figura_f_6.svg,d252d74c4d8eb8cdba85b43d90205ad889350fb79c827c537e6a940a27c30be6,21462,2026-09-22T17:50:04+00:00
F.6,metadatos,build/metadata/f_6.json,aa268ce7d2a0fb69866d09e10cbd86911b96b7d8caacefef06b006a85a45eb04,945,2026-09-22T17:50:04+00:00
F.7,dato_crudo,data/raw/inegi_mociba_2024_reference/objects/105e2e266134be538d33b5685e24bd41247eec5156f27b11ada7a3bb50f0a7ab/mociba2024_bd_csv.zip,105e2e266134be538d33b5685e24bd41247eec5156f27b11ada7a3bb50f0a7ab,1500882,2026-09-14T22:09:07+00:00
F.7,dato_crudo,data/raw/inegi_mociba_2025/objects/bc700919a67ae2ced10abdda770cc2262414a8a70d4f510f3c2cd0a67ef3a39d/mociba2025_bd_csv.zip,bc700919a67ae2ced10abdda770cc2262414a8a70d4f510f3c2cd0a67ef3a39d,1541603,2026-09-14T22:09:09+00:00
F.7,datos_usados,reportes/20260922T173925458200Z_corrida/datos_usados/f_7_datos_usados.csv,4af95d7204c3024b696bf43f17600f0366446528aebdf0463b6835c657e79f9c,812,2026-09-22T17:50:06+00:00
F.7,texto_generado,build/text/f_7.md,afbb59000404e9d34b66bd01d7be70d679fb6dd59e7eb492e0952ff4dba5ab55,161,2026-09-22T17:50:06+00:00
F.7,texto_copia_corrida,reportes/20260922T173925458200Z_corrida/textos/f_7_parrafo.md,afbb59000404e9d34b66bd01d7be70d679fb6dd59e7eb492e0952ff4dba5ab55,161,2026-09-22T17:50:06+00:00
F.7,grafica,build/figures/F/figura_f_7.png,f5241254f1af6f1e23719e7b85efa37e59e382fdd99d6cb1bbe0578ebe06f6e3,156485,2026-09-22T17:50:06+00:00
F.7,grafica_jpg,build/figures/F/figura_f_7.jpg,843d9e04233a89e635fb470d0fbe74abdd1b3513ff5046d094d9dfec430ef648,247473,2026-09-22T17:50:06+00:00
F.7,grafica_svg_editable,build/figures/F/figura_f_7.svg,6b9974bc2857b38c007240363f89393b93c6e4c34f70ac71a511bb94277be87e,27367,2026-09-22T17:50:06+00:00
F.7,metadatos,build/metadata/f_7.json,e8765d5e31b6750a382d671e01e7d957a829c67c1fc842d8775ec8bec25e70d2,949,2026-09-22T17:50:07+00:00
F.8,dato_crudo,data/raw/inegi_mociba_2024_reference/objects/105e2e266134be538d33b5685e24bd41247eec5156f27b11ada7a3bb50f0a7ab/mociba2024_bd_csv.zip,105e2e266134be538d33b5685e24bd41247eec5156f27b11ada7a3bb50f0a7ab,1500882,2026-09-14T22:09:07+00:00
F.8,dato_crudo,data/raw/inegi_mociba_2025/objects/bc700919a67ae2ced10abdda770cc2262414a8a70d4f510f3c2cd0a67ef3a39d/mociba2025_bd_csv.zip,bc700919a67ae2ced10abdda770cc2262414a8a70d4f510f3c2cd0a67ef3a39d,1541603,2026-09-14T22:09:09+00:00
F.8,datos_usados,reportes/20260922T173925458200Z_corrida/datos_usados/f_8_datos_usados.csv,2a31b3052de2c76b9c52a1687440532a9b4e1c0ba4300566291cb32051d13171,630,2026-09-22T17:50:08+00:00
F.8,texto_generado,build/text/f_8.md,87ae7ebb70bbcca61911b552b7d4b1f1f34648e52f42e83a7512b0af71f6e12a,92,2026-09-22T17:50:08+00:00
F.8,texto_copia_corrida,reportes/20260922T173925458200Z_corrida/textos/f_8_parrafo.md,87ae7ebb70bbcca61911b552b7d4b1f1f34648e52f42e83a7512b0af71f6e12a,92,2026-09-22T17:50:08+00:00
F.8,grafica,build/figures/F/figura_f_8.png,9263871d9b1a106678862683b63bb64d60e9cab730aa3f75eeb362fa3bb50739,148970,2026-09-22T17:50:08+00:00
F.8,grafica_jpg,build/figures/F/figura_f_8.jpg,0892d7b7bd431e115237dbf425646c22b3bcbafcf6740c4f05581e48a80050f5,182132,2026-09-22T17:50:08+00:00
F.8,grafica_svg_editable,build/figures/F/figura_f_8.svg,a41e3085104ef1b3e4af6ec5b27cdf9ddac5df1bafa2a1d1d082df9a5bf14668,20777,2026-09-22T17:50:08+00:00
F.8,metadatos,build/metadata/f_8.json,6c5440cd8d568439d7cc1b29b834eda07ffe31fe770b250f20094502a477d524,942,2026-09-22T17:50:08+00:00
F.9,dato_crudo,data/raw/inegi_mociba_2024_reference/objects/105e2e266134be538d33b5685e24bd41247eec5156f27b11ada7a3bb50f0a7ab/mociba2024_bd_csv.zip,105e2e266134be538d33b5685e24bd41247eec5156f27b11ada7a3bb50f0a7ab,1500882,2026-09-14T22:09:07+00:00
F.9,dato_crudo,data/raw/inegi_mociba_2025/objects/bc700919a67ae2ced10abdda770cc2262414a8a70d4f510f3c2cd0a67ef3a39d/mociba2025_bd_csv.zip,bc700919a67ae2ced10abdda770cc2262414a8a70d4f510f3c2cd0a67ef3a39d,1541603,2026-09-14T22:09:09+00:00
F.9,datos_usados,reportes/20260922T173925458200Z_corrida/datos_usados/f_9_datos_usados.csv,b58a460f4c81317bf11f86a2c65c83863aafc14df3f6e558e256f8816aa2fb51,840,2026-09-22T17:50:10+00:00
F.9,texto_generado,build/text/f_9.md,c17000f4432e2c1bea6323a309d16bbe926a1eff702d783d30974f123ad97f76,90,2026-09-22T17:50:10+00:00
F.9,texto_copia_corrida,reportes/20260922T173925458200Z_corrida/textos/f_9_parrafo.md,c17000f4432e2c1bea6323a309d16bbe926a1eff702d783d30974f123ad97f76,90,2026-09-22T17:50:10+00:00
F.9,grafica,build/figures/F/figura_f_9.png,b79b0010e9c37b335877090bf95d677399b61ed3b9da8563147736b8cae8018d,166438,2026-09-22T17:50:10+00:00
F.9,grafica_jpg,build/figures/F/figura_f_9.jpg,42c52596fd1b4e8f696fb02c901d0f0b183bcb56245d729b2a4e04c075633113,202464,2026-09-22T17:50:10+00:00
F.9,grafica_svg_editable,build/figures/F/figura_f_9.svg,4116fdd9fe3c470f50fb8d7f8b72a87325dfc5c40e5715743059e40ce01e0f2f,14974,2026-09-22T17:50:10+00:00
F.9,metadatos,build/metadata/f_9.json,ba5b3b257f04467cd0180b6ca3b03deeed55413f7c29755873a7729c36afe1f7,925,2026-09-22T17:50:10+00:00
F.10,dato_crudo,data/raw/ift_tercera_encuesta_usuarios_2023_base/objects/21d45976f4f1dede6c3b/bd3erencuesta2023.zip,21d45976f4f1dede6c3b883ac9a7d2a3fed0b8ab3d64f9b41c1e0641ad639d43,16211058,2026-09-15T19:28:34+00:00
F.10,datos_usados,reportes/20260922T173925458200Z_corrida/datos_usados/f_10_datos_usados.csv,6c29f80ecb631d64c192110ac803906cdfc743bdea0406fe22c7d9746353d7a5,413,2026-09-22T17:50:27+00:00
F.10,texto_generado,build/text/f_10.md,8a4d6bffc25a4a67781c9ef1a252df53810f22cc6c11f91bf0be30106014b691,79,2026-09-22T17:50:27+00:00
F.10,texto_copia_corrida,reportes/20260922T173925458200Z_corrida/textos/f_10_parrafo.md,8a4d6bffc25a4a67781c9ef1a252df53810f22cc6c11f91bf0be30106014b691,79,2026-09-22T17:50:27+00:00
F.10,grafica,build/figures/F/figura_f_10.png,50e18373c25b0db02cd76e9c5957bb3c13a5b91f2f3eb64b0aa29c4259f06484,220288,2026-09-22T17:50:27+00:00
F.10,grafica_jpg,build/figures/F/figura_f_10.jpg,94d70ba41b2a6cc3b19ac69710c6a0695a1c73d55c111fcb2eecebb7fd2cebbd,272127,2026-09-22T17:50:27+00:00
F.10,grafica_svg_editable,build/figures/F/figura_f_10.svg,85612f5ebb870941f3606b8dd061d00667bdb8003338b2343b15d53c13d4a1ba,15886,2026-09-22T17:50:27+00:00
F.10,metadatos,build/metadata/f_10.json,2d8d4441850f7053cef3c5beb52208d02cc465b49a0bc3531fd60531dafd89c4,912,2026-09-22T17:50:27+00:00
F.11,dato_crudo,data/raw/ift_tercera_encuesta_usuarios_2023_base/objects/21d45976f4f1dede6c3b/bd3erencuesta2023.zip,21d45976f4f1dede6c3b883ac9a7d2a3fed0b8ab3d64f9b41c1e0641ad639d43,16211058,2026-09-15T19:28:34+00:00
F.11,datos_usados,reportes/20260922T173925458200Z_corrida/datos_usados/f_11_datos_usados.csv,52a6db83f740356c9f9ec4ec6122d4a34d7418073b019ba4d817853d94c7606a,590,2026-09-22T17:50:45+00:00
F.11,texto_generado,build/text/f_11.md,10eca4600130a51f13e04a084b92b569f48f4cd454caa66899b78dd841b48744,105,2026-09-22T17:50:46+00:00
F.11,texto_copia_corrida,reportes/20260922T173925458200Z_corrida/textos/f_11_parrafo.md,10eca4600130a51f13e04a084b92b569f48f4cd454caa66899b78dd841b48744,105,2026-09-22T17:50:46+00:00
F.11,grafica,build/figures/F/figura_f_11.png,30f7a90066f2a84bfe2f4b792ea745df3916073ee2144ba4a54fbbfa97142e79,202967,2026-09-22T17:50:46+00:00
F.11,grafica_jpg,build/figures/F/figura_f_11.jpg,261b9df68588be7ccae360f20995cd09719e6124e62037bd6740fef0e7784aeb,250455,2026-09-22T17:50:46+00:00
F.11,grafica_svg_editable,build/figures/F/figura_f_11.svg,7bd507c8567d9a6028a57b85b6a9b3ac660e9abcfe0048bea485995bffbedac7,26327,2026-09-22T17:50:46+00:00
F.11,metadatos,build/metadata/f_11.json,966bd7c81294d9e51dbcefaa15fb421caf6006dbac099c140850af19dd559994,921,2026-09-22T17:50:46+00:00
F.12,dato_crudo,data/raw/ift_tercera_encuesta_usuarios_2023_base/objects/21d45976f4f1dede6c3b/bd3erencuesta2023.zip,21d45976f4f1dede6c3b883ac9a7d2a3fed0b8ab3d64f9b41c1e0641ad639d43,16211058,2026-09-15T19:28:34+00:00
F.12,datos_usados,reportes/20260922T173925458200Z_corrida/datos_usados/f_12_datos_usados.csv,38ddba0ba934fcc5897cd1894a662459e8d5fa06fd544eb2fc000d2ad4050992,322,2026-09-22T17:50:52+00:00
F.12,texto_generado,build/text/f_12.md,924de42ca70b348f70827d6428726c8935a1e0ac9c4ca98479e8c71e9c69a095,79,2026-09-22T17:50:52+00:00
F.12,texto_copia_corrida,reportes/20260922T173925458200Z_corrida/textos/f_12_parrafo.md,924de42ca70b348f70827d6428726c8935a1e0ac9c4ca98479e8c71e9c69a095,79,2026-09-22T17:50:52+00:00
F.12,grafica,build/figures/F/figura_f_12.png,5908618b0255e3c5918c56ab9a06de018e3b00a32cdb6b0d6c326d09b20b5a45,139388,2026-09-22T17:50:53+00:00
F.12,grafica_jpg,build/figures/F/figura_f_12.jpg,63721c3908d79f5208e759e5b300c17e2471cceb34c34f3cadbb50d9c7c8f92b,179625,2026-09-22T17:50:53+00:00
F.12,grafica_svg_editable,build/figures/F/figura_f_12.svg,3b748555e5234bf99f411d93151edac232d66fe9f82a5396d1402d1f579bfdae,13458,2026-09-22T17:50:53+00:00
F.12,metadatos,build/metadata/f_12.json,96e5dd1bcf390c14e8def0199eca1fe289d445882ab2a7973dbbde66ad903815,914,2026-09-22T17:50:53+00:00
F.13,dato_crudo,data/raw/ift_tercera_encuesta_usuarios_2023_base/objects/21d45976f4f1dede6c3b/bd3erencuesta2023.zip,21d45976f4f1dede6c3b883ac9a7d2a3fed0b8ab3d64f9b41c1e0641ad639d43,16211058,2026-09-15T19:28:34+00:00
F.13,datos_usados,reportes/20260922T173925458200Z_corrida/datos_usados/f_13_datos_usados.csv,e8234c136ad3dc7c2ebf3eb1c0e6c974b5303ce32369556d661c844f5884e475,464,2026-09-22T17:50:59+00:00
F.13,texto_generado,build/text/f_13.md,91816e18974ea8f7ba7e45fd31729bc4d427038ef7f7ee28b5284ae6a7291f7f,93,2026-09-22T17:50:59+00:00
F.13,texto_copia_corrida,reportes/20260922T173925458200Z_corrida/textos/f_13_parrafo.md,91816e18974ea8f7ba7e45fd31729bc4d427038ef7f7ee28b5284ae6a7291f7f,93,2026-09-22T17:50:59+00:00
F.13,grafica,build/figures/F/figura_f_13.png,e285f3eba305e96fc8c0bf25e1e6766c9b279e2e6ef247003924d59d50e33526,180866,2026-09-22T17:50:59+00:00
F.13,grafica_jpg,build/figures/F/figura_f_13.jpg,61279e7c7712f3a4c623b9ac8e9e0126f77a9f5b212cd40c396f5ee8b027489a,226296,2026-09-22T17:50:59+00:00
F.13,grafica_svg_editable,build/figures/F/figura_f_13.svg,06f3cadcb9d9166ac3f3ecc67d07e6b4983ca1c850612057ecdc8561774230d8,21656,2026-09-22T17:50:59+00:00
F.13,metadatos,build/metadata/f_13.json,c6685697c3f6292625817ed5d41b09aa61799d44a8d0f96e10e7c57d65ec6098,919,2026-09-22T17:51:00+00:00
F.14,dato_crudo,data/raw/ift_tercera_encuesta_usuarios_2023_pdf/objects/14f1a7450198552b9e65/3erencuesta2023.pdf,14f1a7450198552b9e65e3a0114d63644be6dc30aaba05794669197bf0a29716,8412858,2026-09-15T19:32:53+00:00
F.14,datos_usados,reportes/20260922T173925458200Z_corrida/datos_usados/f_14_datos_usados.csv,659070d317ece9c30faf26c81200f084416fe7c120f461487b2d58a34a0cf78a,790,2026-09-22T17:51:00+00:00
F.14,texto_generado,build/text/f_14.md,d4ed4b535edcecfa659fe479a97410efce2f90dc740fb3e50ec95f1e6de5f4ee,157,2026-09-22T17:51:00+00:00
F.14,texto_copia_corrida,reportes/20260922T173925458200Z_corrida/textos/f_14_parrafo.md,d4ed4b535edcecfa659fe479a97410efce2f90dc740fb3e50ec95f1e6de5f4ee,157,2026-09-22T17:51:00+00:00
F.14,grafica,build/figures/F/figura_f_14.png,950e245a24820a4bf47c377580ad40caf90f631989f831fbc70942fabf8f90ba,301324,2026-09-22T17:51:06+00:00
F.14,grafica_jpg,build/figures/F/figura_f_14.jpg,f16e7ac2238bd5a1e02fb00934907358eba5cbf69f8ef50cbcec155030399f24,398993,2026-09-22T17:51:06+00:00
F.14,grafica_svg_editable,build/figures/F/figura_f_14.svg,755c05eb4656160f6f580d2f979b1db4f97cb9648996e2fb5393977c3e9d926b,43219,2026-09-22T17:51:06+00:00
F.14,metadatos,build/metadata/f_14.json,9288ba8b84471ca7434dd6563b4c387a95271901211b9f4088a361e26480da94,907,2026-09-22T17:51:06+00:00
F.15,dato_crudo,data/raw/ift_tercera_encuesta_usuarios_2023_base/objects/21d45976f4f1dede6c3b/bd3erencuesta2023.zip,21d45976f4f1dede6c3b883ac9a7d2a3fed0b8ab3d64f9b41c1e0641ad639d43,16211058,2026-09-15T19:28:34+00:00
F.15,datos_usados,reportes/20260922T173925458200Z_corrida/datos_usados/f_15_datos_usados.csv,db23dd6d80d921818c1a52a6817a9b4cc8a9bee3e45ef8f6d3ace0eaf4782778,980,2026-09-22T17:51:27+00:00
F.15,texto_generado,build/text/f_15.md,86eb1896d64b77a83bd029f782038d88548ed133a36e2cf9c0a336cd111f5111,87,2026-09-22T17:51:28+00:00
F.15,texto_copia_corrida,reportes/20260922T173925458200Z_corrida/textos/f_15_parrafo.md,86eb1896d64b77a83bd029f782038d88548ed133a36e2cf9c0a336cd111f5111,87,2026-09-22T17:51:28+00:00
F.15,grafica,build/figures/F/figura_f_15.png,2464eb7188934605c94ba4443339db969740848e6dd490049a46820f6d23b605,215063,2026-09-22T17:51:28+00:00
F.15,grafica_jpg,build/figures/F/figura_f_15.jpg,cd322e56ab2ef000b4fe24f608e9638534a807d956f9e5866c43174c637c0575,341493,2026-09-22T17:51:29+00:00
F.15,grafica_svg_editable,build/figures/F/figura_f_15.svg,22d926a3d875db9938a5f9a995f386b0b344b033264d235e29112d51d1e49d0a,23716,2026-09-22T17:51:28+00:00
F.15,metadatos,build/metadata/f_15.json,413982eddd71133ad84f2455cc7b5beff1b0c2c59122a172f7864a0ce0939a6d,915,2026-09-22T17:51:29+00:00
F.16,dato_crudo,data/raw/ift_tercera_encuesta_usuarios_2023_base/objects/21d45976f4f1dede6c3b/bd3erencuesta2023.zip,21d45976f4f1dede6c3b883ac9a7d2a3fed0b8ab3d64f9b41c1e0641ad639d43,16211058,2026-09-15T19:28:34+00:00
F.16,datos_usados,reportes/20260922T173925458200Z_corrida/datos_usados/f_16_datos_usados.csv,b6cc457e7b375022a05f24210f77853d411583aef1c53a838b1c0a8c1caacfa9,826,2026-09-22T17:51:55+00:00
F.16,texto_generado,build/text/f_16.md,b3bd3554aed1ab6d6dfeb07bca604fe2909e2e175022d5bbf0d54bbf255151cb,93,2026-09-22T17:51:55+00:00
F.16,texto_copia_corrida,reportes/20260922T173925458200Z_corrida/textos/f_16_parrafo.md,b3bd3554aed1ab6d6dfeb07bca604fe2909e2e175022d5bbf0d54bbf255151cb,93,2026-09-22T17:51:55+00:00
F.16,grafica,build/figures/F/figura_f_16.png,11bbcad8f0b0b6f8be13900012c1dfc56184d2b95a1b6b6d33ed5823cd96f32e,187716,2026-09-22T17:51:55+00:00
F.16,grafica_jpg,build/figures/F/figura_f_16.jpg,272c06a96acff778731b4501ed68accf86302eb7e9c24c5b703c6cdb7ddafa6c,265184,2026-09-22T17:51:56+00:00
F.16,grafica_svg_editable,build/figures/F/figura_f_16.svg,e8fc4fdd6ad928a6da322f503e3871ad2c8d2686476701609e2fd887ac4f6234,23000,2026-09-22T17:51:56+00:00
F.16,metadatos,build/metadata/f_16.json,63f6fbd43dce7ab22daeeb4f7f17e2bc9726d5dbecb483f6e0afea30a0546f28,906,2026-09-22T17:51:56+00:00
G.1,dato_crudo,data/raw/crt_bit_srs_estaciones_entidad_actual/objects/65cddb6808c4def872ed5e95d8ce61f2e1b9b9f8ed367aa6e56c0e76cb8e61f5/SRS_Estaciones_Entidad.csv,65cddb6808c4def872ed5e95d8ce61f2e1b9b9f8ed367aa6e56c0e76cb8e61f5,46628,2026-09-15T21:34:31+00:00
G.1,dato_crudo,data/raw/crt_bit_str_catalogo_distintivos_actual/objects/e53945496ce5eb2e523787222bcacc9da973893c872e8b065354d501547fbdfa/STR_Catalogo_Distintivos.csv,e53945496ce5eb2e523787222bcacc9da973893c872e8b065354d501547fbdfa,792020,2026-09-15T21:34:32+00:00
G.1,datos_usados,reportes/20260922T173925458200Z_corrida/datos_usados/g_1_datos_usados.csv,691333308fac175a0c3e001ca36270a521e88721d136658a53841e3ce5c77545,1051,2026-09-22T17:51:56+00:00
G.1,datos_usados,reportes/20260922T173925458200Z_corrida/datos_usados/g_1_control_anuario_2024.csv,237c3b2d86e2d02c4c0f7a528de1df8df4845bbf663b8236c8393b4525c0845f,568,2026-09-22T17:51:56+00:00
G.1,texto_generado,build/text/g_1.md,fbcceb5a38b3c16794220dc091b8daaa843a65c629a3bc9022f8385a91627d01,210,2026-09-22T17:51:56+00:00
G.1,texto_copia_corrida,reportes/20260922T173925458200Z_corrida/textos/g_1_parrafo.md,fbcceb5a38b3c16794220dc091b8daaa843a65c629a3bc9022f8385a91627d01,210,2026-09-22T17:51:56+00:00
G.1,grafica,build/figures/G/figura_g_1.png,1f209d0b54cb499685b8cb5493cbadd35b987ba6f4f477452272c34592c296a2,133614,2026-09-22T17:51:57+00:00
G.1,grafica_jpg,build/figures/G/figura_g_1.jpg,a6a7e8c27730a7181d1cddfb0801815ed9496c5348ac6d6b50654ce805a941d5,163588,2026-09-22T17:51:57+00:00
G.1,grafica_svg_editable,build/figures/G/figura_g_1.svg,7a4da5d482008d828a347bded5cf2a9a7b60e01fa6c8a94273640c18890712a1,28004,2026-09-22T17:51:57+00:00
G.1,metadatos,build/metadata/g_1.json,ee0814616eb6c279ba380f9d59000addf3c2e4ddb0ba15dfe27e07e0cc31f94b,897,2026-09-22T17:51:57+00:00
